resource, targetResource, nickname, instanceId, reportId, configId, collected, exit_status, exit_message, body, comparisonResult"inca","tacc-alamo","nimbus-create-publicvm","5463271","5463270","5463205","2012-06-06T20:05:36.000-04:00","Success","","cloud-create cloudcreate img centos-5.5-x86_64.gz create 94.564505 s ping 70.069245 s ssh 31.100955 s destroy 5.383152 s","Success"
"inca","tacc-alamo","nimbus-create-publicvm","5469511","5469510","5463205","2012-06-07T14:22:52.000-04:00","Success","","cloud-create cloudcreate img centos-5.5-x86_64.gz create 122.862207 s ping 70.069228 s ssh 31.144137 s destroy 5.426092 s","Success"
"inca","tacc-alamo","nimbus-create-publicvm","5477875","5477874","5463205","2012-06-08T14:22:35.000-04:00","Success","","cloud-create cloudcreate img centos-5.5-x86_64.gz create 105.652452 s ping 70.071336 s ssh 31.161843 s destroy 5.393957 s","Success"
"inca","tacc-alamo","nimbus-create-publicvm","5486213","5486212","5463205","2012-06-09T14:22:37.000-04:00","Success","","cloud-create cloudcreate img centos-5.5-x86_64.gz create 108.418126 s ping 70.069686 s ssh 31.186649 s destroy 5.643105 s","Success"
"inca","tacc-alamo","nimbus-create-publicvm","5494873","5494872","5463205","2012-06-10T14:22:49.000-04:00","Success","","cloud-create cloudcreate img centos-5.5-x86_64.gz create 119.886609 s ping 70.07059 s ssh 31.108929 s destroy 5.497935 s","Success"
"inca","tacc-alamo","nimbus-create-publicvm","5503388","5503387","5463205","2012-06-11T14:22:35.000-04:00","Success","","cloud-create cloudcreate img centos-5.5-x86_64.gz create 105.686553 s ping 70.071645 s ssh 31.18278 s destroy 5.68056 s","Success"
"inca","tacc-alamo","nimbus-create-publicvm","5511391","5511390","5463205","2012-06-12T14:22:44.000-04:00","Success","","cloud-create cloudcreate img centos-5.5-x86_64.gz create 115.012306 s ping 70.071374 s ssh 31.13696 s destroy 5.598153 s","Success"
"inca","tacc-alamo","nimbus-create-publicvm","5519758","5519757","5463205","2012-06-13T14:22:43.000-04:00","Success","","cloud-create cloudcreate img centos-5.5-x86_64.gz create 112.730258 s ping 70.070001 s ssh 31.11794 s destroy 6.089138 s","Success"
"inca","tacc-alamo","nimbus-create-publicvm","5533627","5533626","5463205","2012-06-15T14:22:33.000-04:00","Success","","cloud-create cloudcreate img centos-5.5-x86_64.gz create 103.886004 s ping 70.070951 s ssh 31.205926 s destroy 5.748579 s","Success"
"inca","tacc-alamo","nimbus-create-publicvm","5541548","5541547","5463205","2012-06-16T14:22:44.000-04:00","Success","","cloud-create cloudcreate img centos-5.5-x86_64.gz create 115.644682 s ping 70.07408 s ssh 31.219855 s destroy 5.612495 s","Success"
"inca","tacc-alamo","nimbus-create-publicvm","5549447","5549446","5463205","2012-06-17T14:22:54.000-04:00","Success","","cloud-create cloudcreate img centos-5.5-x86_64.gz create 124.897959 s ping 70.074458 s ssh 31.152805 s destroy 5.346319 s","Success"
"inca","tacc-alamo","nimbus-create-publicvm","5557356","5557355","5463205","2012-06-18T14:22:20.000-04:00","Success","","cloud-create cloudcreate img centos-5.5-x86_64.gz create 90.30093 s ping 70.073039 s ssh 31.145446 s destroy 6.527926 s","Success"
"inca","tacc-alamo","nimbus-create-publicvm","5565609","5565608","5463205","2012-06-19T14:22:36.000-04:00","Success","","cloud-create cloudcreate img centos-5.5-x86_64.gz create 106.342743 s ping 70.074647 s ssh 31.196259 s destroy 5.832134 s","Success"
"inca","tacc-alamo","nimbus-create-publicvm","5573736","5573734","5463205","2012-06-20T14:19:01.000-04:00","Success","Command '/home/inca/nimbus-cloud-client-021/bin/cloud-client.sh --conf /home/inca/nimbus-cloud-client-021/conf/alamo.conf --run --name centos-5.5-x86_64.gz --hours 1' failed "Error occurred during initialization of VM
Could not reserve enough space for object heap
Could not create the Java virtual machine.
"","","Success"
"inca","tacc-alamo","nimbus-create-publicvm","5581893","5581892","5463205","2012-06-21T14:22:36.000-04:00","Success","","cloud-create cloudcreate img centos-5.5-x86_64.gz create 105.835298 s ping 70.068255 s ssh 31.203091 s destroy 6.411042 s","Success"
"inca","tacc-alamo","nimbus-create-publicvm","5589728","5589727","5463205","2012-06-22T14:22:35.000-04:00","Success","","cloud-create cloudcreate img centos-5.5-x86_64.gz create 105.806609 s ping 70.071255 s ssh 31.220945 s destroy 5.877651 s","Success"
"inca","tacc-alamo","nimbus-create-publicvm","5597544","5597542","5463205","2012-06-23T14:23:02.000-04:00","Success","","cloud-create cloudcreate img centos-5.5-x86_64.gz create 134.026437 s ping 70.068892 s ssh 31.187011 s destroy 5.45639 s","Success"
"inca","tacc-alamo","nimbus-create-publicvm","5605262","5605261","5463205","2012-06-24T14:19:05.000-04:00","Failure","Command '/home/inca/nimbus-cloud-client-021/bin/cloud-client.sh --conf /home/inca/nimbus-cloud-client-021/conf/alamo.conf --run --name centos-5.5-x86_64.gz --hours 1' failed "Launching workspace.

Workspace Factory Service:
    https://master1.futuregrid.tacc.utexas.edu:8443/wsrf/services/WorkspaceFactoryService

Creating workspace "vm-071"...
Problem: General: Error creating workspace(s): customization task failed unexpectedly: No space left on device

Problem running 'vm-071'."","","Failure:errorMessage errorMessage errorMessage errorMessage"
"inca","tacc-alamo","nimbus-create-publicvm","5612752","5612751","5463205","2012-06-25T14:22:35.000-04:00","Success","","cloud-create cloudcreate img centos-5.5-x86_64.gz create 106.098821 s ping 70.069046 s ssh 31.162102 s destroy 5.761389 s","Success"
"inca","tacc-alamo","nimbus-create-publicvm","5626211","5626210","5463205","2012-06-27T14:23:06.000-04:00","Success","","cloud-create cloudcreate img centos-5.5-x86_64.gz create 137.006668 s ping 70.072129 s ssh 31.186803 s destroy 5.884134 s","Success"
"inca","tacc-alamo","nimbus-create-publicvm","5634071","5634070","5463205","2012-06-28T14:22:25.000-04:00","Success","","cloud-create cloudcreate img centos-5.5-x86_64.gz create 95.046696 s ping 70.074607 s ssh 31.190791 s destroy 6.182562 s","Success"
"inca","tacc-alamo","nimbus-create-publicvm","5641896","5641895","5463205","2012-06-29T14:22:59.000-04:00","Success","","cloud-create cloudcreate img centos-5.5-x86_64.gz create 129.573949 s ping 70.071758 s ssh 31.230459 s destroy 5.717238 s","Success"
"inca","tacc-alamo","nimbus-create-publicvm","5649821","5649820","5463205","2012-06-30T14:22:50.000-04:00","Success","","cloud-create cloudcreate img centos-5.5-x86_64.gz create 120.899481 s ping 70.073128 s ssh 31.235253 s destroy 5.946296 s","Success"
"inca","tacc-alamo","nimbus-create-publicvm","5657661","5657660","5463205","2012-07-01T14:22:32.000-04:00","Success","","cloud-create cloudcreate img centos-5.5-x86_64.gz create 101.250937 s ping 70.070116 s ssh 32.137449 s destroy 5.557027 s","Success"
"inca","tacc-alamo","nimbus-create-publicvm","5665486","5665485","5463205","2012-07-02T14:23:09.000-04:00","Success","","cloud-create cloudcreate img centos-5.5-x86_64.gz create 139.345647 s ping 70.071039 s ssh 32.169736 s destroy 5.832276 s","Success"
"inca","tacc-alamo","nimbus-create-publicvm","5673284","5673283","5463205","2012-07-03T14:22:31.000-04:00","Success","","cloud-create cloudcreate img centos-5.5-x86_64.gz create 101.370665 s ping 70.069289 s ssh 31.223684 s destroy 6.233649 s","Success"
"inca","tacc-alamo","nimbus-create-publicvm","5679270","5679269","5463205","2012-07-04T14:23:10.000-04:00","Success","","cloud-create cloudcreate img centos-5.5-x86_64.gz create 137.513942 s ping 70.071659 s ssh 31.169453 s destroy 8.51802 s","Success"
"inca","tacc-alamo","nimbus-create-publicvm","5687716","5687715","5463205","2012-07-05T14:22:29.000-04:00","Success","","cloud-create cloudcreate img centos-5.5-x86_64.gz create 99.788846 s ping 70.070417 s ssh 31.195716 s destroy 6.037161 s","Success"
"inca","tacc-alamo","nimbus-create-publicvm","5705531","5705530","5463205","2012-07-07T16:29:53.000-04:00","Success","","cloud-create cloudcreate img centos-5.5-x86_64.gz create 123.125944 s ping 70.07068 s ssh 31.162016 s destroy 6.439103 s","Success"
"inca","tacc-alamo","nimbus-create-publicvm","5714002","5714001","5463205","2012-07-08T16:29:35.000-04:00","Success","","cloud-create cloudcreate img centos-5.5-x86_64.gz create 105.807071 s ping 70.069509 s ssh 31.156257 s destroy 6.024826 s","Success"
"inca","tacc-alamo","nimbus-create-publicvm","5722479","5722478","5463205","2012-07-09T16:29:37.000-04:00","Success","","cloud-create cloudcreate img centos-5.5-x86_64.gz create 108.715874 s ping 70.06974 s ssh 31.150596 s destroy 5.657436 s","Success"
"inca","tacc-alamo","nimbus-create-publicvm","5730931","5730930","5463205","2012-07-10T16:29:45.000-04:00","Success","","cloud-create cloudcreate img centos-5.5-x86_64.gz create 115.604413 s ping 70.069072 s ssh 31.157491 s destroy 5.79848 s","Success"
"inca","tacc-alamo","nimbus-create-publicvm","5739572","5739571","5463205","2012-07-11T16:29:36.000-04:00","Success","","cloud-create cloudcreate img centos-5.5-x86_64.gz create 105.930478 s ping 70.070508 s ssh 31.154098 s destroy 6.360092 s","Success"
"inca","tacc-alamo","nimbus-create-publicvm","5748179","5748178","5463205","2012-07-12T16:29:53.000-04:00","Success","","cloud-create cloudcreate img centos-5.5-x86_64.gz create 122.35966 s ping 70.069362 s ssh 31.137027 s destroy 7.070533 s","Success"
"inca","tacc-alamo","nimbus-create-publicvm","5756554","5756553","5463205","2012-07-13T16:29:56.000-04:00","Success","","cloud-create cloudcreate img centos-5.5-x86_64.gz create 124.995143 s ping 70.070425 s ssh 31.158005 s destroy 6.627543 s","Success"
"inca","tacc-alamo","nimbus-create-publicvm","5769553","5769552","5463205","2012-07-16T16:30:46.000-04:00","Success","","cloud-create cloudcreate img centos-5.5-x86_64.gz create 176.630711 s ping 70.069553 s ssh 31.202535 s destroy 6.412847 s","Success"
"inca","tacc-alamo","nimbus-create-publicvm","5777992","5777991","5463205","2012-07-17T16:30:19.000-04:00","Success","","cloud-create cloudcreate img centos-5.5-x86_64.gz create 149.858373 s ping 70.070509 s ssh 31.291316 s destroy 6.172756 s","Success"
"inca","tacc-alamo","nimbus-create-publicvm","5786418","5786417","5463205","2012-07-18T16:29:38.000-04:00","Success","","cloud-create cloudcreate img centos-5.5-x86_64.gz create 108.409999 s ping 70.070127 s ssh 31.205556 s destroy 5.957816 s","Success"
"inca","tacc-alamo","nimbus-create-publicvm","5794878","5794877","5463205","2012-07-19T16:29:45.000-04:00","Success","","cloud-create cloudcreate img centos-5.5-x86_64.gz create 115.591989 s ping 70.072779 s ssh 31.196671 s destroy 6.191681 s","Success"
"inca","tacc-alamo","nimbus-create-publicvm","5803291","5803290","5463205","2012-07-20T16:29:24.000-04:00","Success","","cloud-create cloudcreate img centos-5.5-x86_64.gz create 95.421106 s ping 70.06845 s ssh 31.166047 s destroy 5.421604 s","Success"
"inca","tacc-alamo","nimbus-create-publicvm","5811719","5811718","5463205","2012-07-21T16:29:25.000-04:00","Success","","cloud-create cloudcreate img centos-5.5-x86_64.gz create 95.809736 s ping 70.070485 s ssh 31.223494 s destroy 5.501563 s","Success"
"inca","tacc-alamo","nimbus-create-publicvm","5820189","5820188","5463205","2012-07-22T16:29:23.000-04:00","Success","","cloud-create cloudcreate img centos-5.5-x86_64.gz create 94.045891 s ping 70.070322 s ssh 31.165398 s destroy 5.501527 s","Success"
"inca","tacc-alamo","nimbus-create-publicvm","5828668","5828667","5463205","2012-07-23T16:30:20.000-04:00","Success","","cloud-create cloudcreate img centos-5.5-x86_64.gz create 150.715021 s ping 70.070567 s ssh 31.279745 s destroy 6.159891 s","Success"
"inca","tacc-alamo","nimbus-create-publicvm","5837155","5837154","5463205","2012-07-24T16:29:37.000-04:00","Success","","cloud-create cloudcreate img centos-5.5-x86_64.gz create 107.824161 s ping 70.071426 s ssh 31.164598 s destroy 5.480807 s","Success"
"inca","tacc-alamo","nimbus-create-publicvm","5845584","5845583","5463205","2012-07-25T16:31:18.000-04:00","Success","","cloud-create cloudcreate img centos-5.5-x86_64.gz create 208.141224 s ping 70.069699 s ssh 31.311535 s destroy 6.292092 s","Success"
"inca","tacc-alamo","nimbus-create-publicvm","5854049","5854048","5463205","2012-07-26T16:29:35.000-04:00","Success","","cloud-create cloudcreate img centos-5.5-x86_64.gz create 105.809134 s ping 70.070955 s ssh 31.241883 s destroy 6.119923 s","Success"
"inca","tacc-alamo","nimbus-create-publicvm","5862533","5862532","5463205","2012-07-27T16:29:47.000-04:00","Success","","cloud-create cloudcreate img centos-5.5-x86_64.gz create 117.561742 s ping 70.071263 s ssh 31.238579 s destroy 5.930152 s","Success"
"inca","tacc-alamo","nimbus-create-publicvm","5870969","5870968","5463205","2012-07-28T16:29:40.000-04:00","Success","","cloud-create cloudcreate img centos-5.5-x86_64.gz create 110.612212 s ping 70.069727 s ssh 31.196309 s destroy 6.39316 s","Success"
"inca","tacc-alamo","nimbus-create-publicvm","5879461","5879460","5463205","2012-07-29T16:29:34.000-04:00","Success","","cloud-create cloudcreate img centos-5.5-x86_64.gz create 105.588157 s ping 70.070758 s ssh 31.191631 s destroy 5.557606 s","Success"
"inca","tacc-alamo","nimbus-create-publicvm","5887999","5887998","5463205","2012-07-30T16:30:14.000-04:00","Success","","cloud-create cloudcreate img centos-5.5-x86_64.gz create 143.884906 s ping 70.071182 s ssh 31.23724 s destroy 7.379432 s","Success"
"inca","tacc-alamo","nimbus-create-publicvm","5896450","5896449","5463205","2012-07-31T16:30:03.000-04:00","Success","","cloud-create cloudcreate img centos-5.5-x86_64.gz create 132.702645 s ping 70.072042 s ssh 31.161902 s destroy 6.660319 s","Success"
"inca","tacc-alamo","nimbus-create-publicvm","5904894","5904893","5463205","2012-08-01T16:29:27.000-04:00","Success","","cloud-create cloudcreate img centos-5.5-x86_64.gz create 97.358779 s ping 70.070396 s ssh 31.199849 s destroy 6.10772 s","Success"
"inca","tacc-alamo","nimbus-create-publicvm","5913403","5913402","5463205","2012-08-02T16:29:41.000-04:00","Success","","cloud-create cloudcreate img centos-5.5-x86_64.gz create 111.674593 s ping 70.072222 s ssh 31.252445 s destroy 6.150703 s","Success"
"inca","tacc-alamo","nimbus-create-publicvm","5921986","5921985","5463205","2012-08-03T16:29:49.000-04:00","Success","","cloud-create cloudcreate img centos-5.5-x86_64.gz create 117.727454 s ping 70.070806 s ssh 31.193029 s destroy 6.881777 s","Success"
"inca","tacc-alamo","nimbus-create-publicvm","5930415","5930414","5463205","2012-08-04T16:29:20.000-04:00","Success","","cloud-create cloudcreate img centos-5.5-x86_64.gz create 91.402055 s ping 70.071791 s ssh 31.112251 s destroy 5.497883 s","Success"
"inca","tacc-alamo","nimbus-create-publicvm","5938863","5938862","5463205","2012-08-05T16:29:20.000-04:00","Success","","cloud-create cloudcreate img centos-5.5-x86_64.gz create 91.457796 s ping 70.070725 s ssh 31.193395 s destroy 5.674541 s","Success"
"inca","tacc-alamo","nimbus-create-publicvm","5947309","5947308","5463205","2012-08-06T16:29:24.000-04:00","Success","","cloud-create cloudcreate img centos-5.5-x86_64.gz create 94.772974 s ping 70.070502 s ssh 31.189841 s destroy 5.420416 s","Success"
"inca","tacc-alamo","nimbus-create-publicvm","5955520","5955519","5463205","2012-08-07T16:29:36.000-04:00","Success","","cloud-create cloudcreate img centos-5.5-x86_64.gz create 106.798168 s ping 70.074557 s ssh 31.206612 s destroy 5.610833 s","Success"
"inca","tacc-alamo","nimbus-create-publicvm","5963050","5963049","5463205","2012-08-08T16:29:41.000-04:00","Success","","cloud-create cloudcreate img centos-5.5-x86_64.gz create 111.67724 s ping 70.071116 s ssh 31.234709 s destroy 6.040495 s","Success"
"inca","tacc-alamo","nimbus-create-publicvm","5971244","5971243","5463205","2012-08-09T16:29:23.000-04:00","Success","","cloud-create cloudcreate img centos-5.5-x86_64.gz create 94.384104 s ping 70.069993 s ssh 31.211455 s destroy 5.571355 s","Success"
"inca","tacc-alamo","nimbus-create-publicvm","5980268","5980267","5463205","2012-08-11T16:29:37.000-04:00","Success","","cloud-create cloudcreate img centos-5.5-x86_64.gz create 106.217847 s ping 70.072122 s ssh 32.212732 s destroy 5.620524 s","Success""inca","tacc-alamo","nimbus-create-publicvm","5988278","5988277","5463205","2012-08-12T16:29:18.000-04:00","Success","","cloud-create cloudcreate img centos-5.5-x86_64.gz create 89.354347 s ping 70.072789 s ssh 31.231918 s destroy 5.35016 s","Success"
"inca","tacc-alamo","nimbus-create-publicvm","5996584","5996583","5463205","2012-08-13T16:29:20.000-04:00","Success","","cloud-create cloudcreate img centos-5.5-x86_64.gz create 91.691543 s ping 70.076041 s ssh 31.237597 s destroy 5.316488 s","Success"
"inca","tacc-alamo","nimbus-create-publicvm","6004921","6004920","5463205","2012-08-14T16:31:00.000-04:00","Success","","cloud-create cloudcreate img centos-5.5-x86_64.gz create 144.910099 s ping 70.127897 s ssh 32.573441 s destroy 46.001726 s","Success"
"inca","tacc-alamo","nimbus-create-publicvm","6013247","6013246","5463205","2012-08-15T16:29:52.000-04:00","Success","","cloud-create cloudcreate img centos-5.5-x86_64.gz create 122.761532 s ping 70.100117 s ssh 31.26671 s destroy 5.509725 s","Success"
"inca","tacc-alamo","nimbus-create-publicvm","6021393","6021392","5463205","2012-08-16T16:29:53.000-04:00","Success","","cloud-create cloudcreate img centos-5.5-x86_64.gz create 123.773031 s ping 70.07042 s ssh 31.233708 s destroy 5.587504 s","Success"
"inca","tacc-alamo","nimbus-create-publicvm","6029514","6029513","5463205","2012-08-17T16:29:57.000-04:00","Success","","cloud-create cloudcreate img centos-5.5-x86_64.gz create 127.781322 s ping 70.073669 s ssh 31.197615 s destroy 5.619231 s","Success"
"inca","tacc-alamo","nimbus-create-publicvm","6037810","6037809","5463205","2012-08-18T16:29:56.000-04:00","Success","","cloud-create cloudcreate img centos-5.5-x86_64.gz create 127.258684 s ping 70.073703 s ssh 31.189959 s destroy 5.555972 s","Success"
"inca","tacc-alamo","nimbus-create-publicvm","6046025","6046024","5463205","2012-08-19T16:29:21.000-04:00","Success","","cloud-create cloudcreate img centos-5.5-x86_64.gz create 91.710346 s ping 70.072352 s ssh 31.272223 s destroy 5.379644 s","Success"
"inca","tacc-alamo","nimbus-create-publicvm","6054352","6054351","5463205","2012-08-20T16:29:51.000-04:00","Success","","cloud-create cloudcreate img centos-5.5-x86_64.gz create 122.08407 s ping 70.07294 s ssh 31.23549 s destroy 5.43464 s","Success"
"inca","tacc-alamo","nimbus-create-publicvm","6060483","5573734","5463205","2012-08-21T16:26:01.000-04:00","Success","Command '/home/inca/nimbus-cloud-client-021/bin/cloud-client.sh --conf /home/inca/nimbus-cloud-client-021/conf/alamo.conf --run --name centos-5.5-x86_64.gz --hours 1' failed "Error occurred during initialization of VM
Could not reserve enough space for object heap
Could not create the Java virtual machine.
"","","Success"
"inca","tacc-alamo","nimbus-create-publicvm","6068716","5573734","5463205","2012-08-22T16:26:01.000-04:00","Success","Command '/home/inca/nimbus-cloud-client-021/bin/cloud-client.sh --conf /home/inca/nimbus-cloud-client-021/conf/alamo.conf --run --name centos-5.5-x86_64.gz --hours 1' failed "Error occurred during initialization of VM
Could not reserve enough space for object heap
Could not create the Java virtual machine.
"","","Success"
"inca","tacc-alamo","nimbus-create-publicvm","6082256","6082255","5463205","2012-08-24T16:29:51.000-04:00","Success","","cloud-create cloudcreate img centos-5.5-x86_64.gz create 122.521057 s ping 70.072418 s ssh 31.187503 s destroy 5.50745 s","Success"
"inca","tacc-alamo","nimbus-create-publicvm","6090591","6090590","5463205","2012-08-25T16:29:49.000-04:00","Success","","cloud-create cloudcreate img centos-5.5-x86_64.gz create 119.816932 s ping 70.071662 s ssh 31.211725 s destroy 5.533331 s","Success"
"inca","tacc-alamo","nimbus-create-publicvm","6098944","6098943","5463205","2012-08-26T16:29:56.000-04:00","Success","","cloud-create cloudcreate img centos-5.5-x86_64.gz create 127.240505 s ping 70.07208 s ssh 31.23434 s destroy 5.481331 s","Success"
"inca","tacc-alamo","nimbus-create-publicvm","6107263","6107262","5463205","2012-08-27T16:29:52.000-04:00","Success","","cloud-create cloudcreate img centos-5.5-x86_64.gz create 122.96522 s ping 70.071434 s ssh 31.233145 s destroy 5.405061 s","Success"
"inca","tacc-alamo","nimbus-create-publicvm","6115646","6115645","5463205","2012-08-28T16:29:47.000-04:00","Success","","cloud-create cloudcreate img centos-5.5-x86_64.gz create 118.252701 s ping 70.073211 s ssh 31.226708 s destroy 5.516889 s","Success"
"inca","tacc-alamo","nimbus-create-publicvm","6124144","6124143","5463205","2012-08-29T16:29:29.000-04:00","Success","","cloud-create cloudcreate img centos-5.5-x86_64.gz create 99.584423 s ping 70.07087 s ssh 31.234241 s destroy 5.454385 s","Success"
"inca","tacc-alamo","nimbus-create-publicvm","6132527","6132526","5463205","2012-08-30T16:30:17.000-04:00","Success","","cloud-create cloudcreate img centos-5.5-x86_64.gz create 146.579739 s ping 70.082345 s ssh 31.278192 s destroy 6.480717 s","Success"
"inca","tacc-alamo","nimbus-create-publicvm","6140885","6140884","5463205","2012-08-31T16:30:08.000-04:00","Success","","cloud-create cloudcreate img centos-5.5-x86_64.gz create 137.610772 s ping 70.07444 s ssh 31.859718 s destroy 5.651456 s","Success"
"inca","tacc-alamo","nimbus-create-publicvm","6149269","6149268","5463205","2012-09-01T16:29:37.000-04:00","Success","","cloud-create cloudcreate img centos-5.5-x86_64.gz create 107.512594 s ping 70.071552 s ssh 31.259856 s destroy 5.789104 s","Success"
"inca","tacc-alamo","nimbus-create-publicvm","6168825","6168824","5463205","2012-09-04T16:30:06.000-04:00","Success","","cloud-create cloudcreate img centos-5.5-x86_64.gz create 136.757501 s ping 70.074222 s ssh 31.2473 s destroy 6.449697 s","Success"
"inca","tacc-alamo","nimbus-create-publicvm","6177166","6177165","5463205","2012-09-05T16:29:22.000-04:00","Success","","cloud-create cloudcreate img centos-5.5-x86_64.gz create 92.959924 s ping 70.074516 s ssh 31.26003 s destroy 5.537888 s","Success"
"inca","tacc-alamo","nimbus-create-publicvm","6185535","6185534","5463205","2012-09-06T16:29:44.000-04:00","Success","","cloud-create cloudcreate img centos-5.5-x86_64.gz create 113.965595 s ping 70.0721 s ssh 31.254538 s destroy 6.366018 s","Success"
"inca","tacc-alamo","nimbus-create-publicvm","6193840","5573734","5463205","2012-09-07T16:26:01.000-04:00","Success","Command '/home/inca/nimbus-cloud-client-021/bin/cloud-client.sh --conf /home/inca/nimbus-cloud-client-021/conf/alamo.conf --run --name centos-5.5-x86_64.gz --hours 1' failed "Error occurred during initialization of VM
Could not reserve enough space for object heap
Could not create the Java virtual machine.
"","","Success"
"inca","tacc-alamo","nimbus-create-publicvm","6219113","5573734","5463205","2012-09-11T16:26:01.000-04:00","Success","Command '/home/inca/nimbus-cloud-client-021/bin/cloud-client.sh --conf /home/inca/nimbus-cloud-client-021/conf/alamo.conf --run --name centos-5.5-x86_64.gz --hours 1' failed "Error occurred during initialization of VM
Could not reserve enough space for object heap
Could not create the Java virtual machine.
"","","Success"
"inca","tacc-alamo","nimbus-create-publicvm","6239502","6239500","5463205","2012-09-13T16:30:17.000-04:00","Success","","cloud-create cloudcreate img centos-5.5-x86_64.gz create 140.351469 s ping 70.070635 s ssh 31.18247 s destroy 6.403392 s","Success"
"inca","tacc-alamo","nimbus-create-publicvm","6248465","6248462","5463205","2012-09-14T16:29:54.000-04:00","Success","","cloud-create cloudcreate img centos-5.5-x86_64.gz create 118.188932 s ping 70.072174 s ssh 31.241866 s destroy 6.8871 s","Success"
"inca","tacc-alamo","nimbus-create-publicvm","6257359","6257358","5463205","2012-09-15T16:26:11.000-04:00","Failure","DOWNTIME:2218: Command '/home/inca/nimbus-cloud-client-021/bin/cloud-client.sh --conf /home/inca/nimbus-cloud-client-021/conf/alamo.conf --run --name centos-5.5-x86_64.gz --hours 1' failed "Launching workspace.

Workspace Factory Service:
    https://master1.futuregrid.tacc.utexas.edu:8443/wsrf/services/WorkspaceFactoryService

Creating workspace "vm-143"...
Problem: General error: ; nested exception is: 
	java.net.ConnectException: Connection refused

Problem running 'vm-143'."","","Failure:errorMessage errorMessage errorMessage errorMessage"
"inca","tacc-alamo","nimbus-create-publicvm","6266190","5605261","5463205","2012-09-16T16:26:12.000-04:00","Failure","Command '/home/inca/nimbus-cloud-client-021/bin/cloud-client.sh --conf /home/inca/nimbus-cloud-client-021/conf/alamo.conf --run --name centos-5.5-x86_64.gz --hours 1' failed "Launching workspace.

Workspace Factory Service:
    https://master1.futuregrid.tacc.utexas.edu:8443/wsrf/services/WorkspaceFactoryService

Creating workspace "vm-146"...
Problem: General error: ; nested exception is: 
	java.net.ConnectException: Connection refused

Problem running 'vm-146'."","","Failure:errorMessage errorMessage errorMessage errorMessage"
"inca","tacc-alamo","nimbus-create-publicvm","6275121","6275120","5463205","2012-09-17T16:29:53.000-04:00","Success","","cloud-create cloudcreate img centos-5.5-x86_64.gz create 121.365135 s ping 70.070819 s ssh 31.227681 s destroy 5.500856 s","Success"
"inca","tacc-alamo","nimbus-create-publicvm","6290707","6290706","5463205","2012-09-19T16:29:28.000-04:00","Success","","cloud-create cloudcreate img centos-5.5-x86_64.gz create 97.302214 s ping 70.074245 s ssh 31.28955 s destroy 6.886552 s","Success"
"inca","tacc-alamo","nimbus-create-publicvm","6299316","6299313","5463205","2012-09-20T16:30:29.000-04:00","Success","","cloud-create cloudcreate img centos-5.5-x86_64.gz create 135.229476 s ping 70.072025 s ssh 34.808537 s destroy 25.58905 s","Success"
"inca","tacc-alamo","nimbus-create-publicvm","6305734","6305733","5463205","2012-09-21T16:29:57.000-04:00","Success","","cloud-create cloudcreate img centos-5.5-x86_64.gz create 126.010825 s ping 70.072394 s ssh 31.169509 s destroy 7.187916 s","Success"
"inca","tacc-alamo","nimbus-create-publicvm","6314010","6314007","5463205","2012-09-22T16:30:13.000-04:00","Success","","cloud-create cloudcreate img centos-5.5-x86_64.gz create 141.007856 s ping 70.072812 s ssh 32.23757 s destroy 7.371812 s","Success"
"inca","tacc-alamo","nimbus-create-publicvm","6326458","6326457","5463205","2012-09-24T16:29:44.000-04:00","Success","","cloud-create cloudcreate img centos-5.5-x86_64.gz create 113.003907 s ping 70.07098 s ssh 31.169386 s destroy 7.631257 s","Success"
"inca","tacc-alamo","nimbus-create-publicvm","6332752","6332751","5463205","2012-09-26T16:29:53.000-04:00","Success","","cloud-create cloudcreate img centos-5.5-x86_64.gz create 119.700368 s ping 70.072519 s ssh 31.186496 s destroy 8.425936 s","Success"
"inca","tacc-alamo","nimbus-create-publicvm","6339148","6339147","5463205","2012-09-27T16:29:34.000-04:00","Success","","cloud-create cloudcreate img centos-5.5-x86_64.gz create 103.164208 s ping 70.071737 s ssh 31.220195 s destroy 6.81597 s","Success"
"inca","tacc-alamo","nimbus-create-publicvm","6346134","6346133","5463205","2012-09-29T16:29:54.000-04:00","Success","","cloud-create cloudcreate img centos-5.5-x86_64.gz create 123.375122 s ping 70.072047 s ssh 31.231943 s destroy 6.380082 s","Success"
"inca","tacc-alamo","nimbus-create-publicvm","6354146","6354145","5463205","2012-09-30T16:29:55.000-04:00","Success","","cloud-create cloudcreate img centos-5.5-x86_64.gz create 124.985781 s ping 70.070498 s ssh 31.192503 s destroy 6.320915 s","Success"
"inca","tacc-alamo","nimbus-create-publicvm","6361465","6361464","5463205","2012-10-01T16:29:54.000-04:00","Success","","cloud-create cloudcreate img centos-5.5-x86_64.gz create 123.762122 s ping 70.072279 s ssh 31.198194 s destroy 6.208299 s","Success"
"inca","tacc-alamo","nimbus-create-publicvm","6369089","6369088","5463205","2012-10-02T16:29:36.000-04:00","Success","","cloud-create cloudcreate img centos-5.5-x86_64.gz create 104.44515 s ping 70.072417 s ssh 31.247896 s destroy 7.097759 s","Success"
"inca","tacc-alamo","nimbus-create-publicvm","6383680","6383679","5463205","2012-10-04T16:29:53.000-04:00","Success","","cloud-create cloudcreate img centos-5.5-x86_64.gz create 122.747157 s ping 70.072899 s ssh 31.317114 s destroy 6.92362 s","Success"
"inca","tacc-alamo","nimbus-create-publicvm","6388890","6388889","5463205","2012-10-05T16:29:59.000-04:00","Success","","cloud-create cloudcreate img centos-5.5-x86_64.gz create 125.938683 s ping 70.072645 s ssh 31.156145 s destroy 9.764514 s","Success"
"inca","tacc-alamo","nimbus-create-publicvm","6390593","6390592","5463205","2012-10-08T16:30:17.000-04:00","Success","","cloud-create cloudcreate img centos-5.5-x86_64.gz create 145.419753 s ping 70.07019 s ssh 31.226352 s destroy 8.182228 s","Success"
"inca","tacc-alamo","nimbus-create-publicvm","6396518","6396517","5463205","2012-10-09T16:29:44.000-04:00","Success","","cloud-create cloudcreate img centos-5.5-x86_64.gz create 113.85535 s ping 70.073048 s ssh 31.183801 s destroy 6.394436 s","Success"
"inca","tacc-alamo","nimbus-create-publicvm","6402199","6402198","5463205","2012-10-10T16:29:57.000-04:00","Success","","cloud-create cloudcreate img centos-5.5-x86_64.gz create 125.648578 s ping 70.072085 s ssh 31.241442 s destroy 6.398619 s","Success"
"inca","tacc-alamo","nimbus-create-publicvm","6408223","6408222","5463205","2012-10-11T16:29:26.000-04:00","Success","","cloud-create cloudcreate img centos-5.5-x86_64.gz create 95.813583 s ping 70.07288 s ssh 31.239775 s destroy 6.321611 s","Success"
"inca","tacc-alamo","nimbus-create-publicvm","6413940","6413934","5463205","2012-10-12T16:30:17.000-04:00","Success","","cloud-create cloudcreate img centos-5.5-x86_64.gz create 123.672037 s ping 70.225425 s ssh 31.373276 s destroy 21.282116 s","Success"
"inca","tacc-alamo","nimbus-create-publicvm","6421624","6421622","5463205","2012-10-13T16:36:02.000-04:00","Failure","Command '/home/inca/nimbus-cloud-client-021/bin/cloud-client.sh --conf /home/inca/nimbus-cloud-client-021/conf/alamo.conf --run --name centos-5.5-x86_64.gz --hours 1' timed out after 600 secs ","","Failure:errorMessage errorMessage errorMessage errorMessage"
"inca","tacc-alamo","nimbus-create-publicvm","6429027","6429026","5463205","2012-10-14T16:32:04.000-04:00","Failure","DOWNTIME:2254: Command '/home/inca/nimbus-cloud-client-021/bin/cloud-client.sh --conf /home/inca/nimbus-cloud-client-021/conf/alamo.conf --run --name centos-5.5-x86_64.gz --hours 1' failed "Problem: Problem with image name 'centos-5.5-x86_64.gz': org.jets3t.service.S3ServiceException: Request Error. GET '/Repo/VMS%2F230dad9e-dc84-11df-90d7-02215ecdc393%2Fcentos-5.5-x86_64.gz'"","","Failure:errorMessage errorMessage errorMessage errorMessage"
"inca","tacc-alamo","nimbus-create-publicvm","6436652","6436650","5463205","2012-10-15T16:30:02.000-04:00","Success","","cloud-create cloudcreate img centos-5.5-x86_64.gz create 131.934974 s ping 70.072886 s ssh 31.209343 s destroy 6.49944 s","Success"
"inca","tacc-alamo","nimbus-create-publicvm","6441651","6441650","5463205","2012-10-16T16:30:38.000-04:00","Success","","cloud-create cloudcreate img centos-5.5-x86_64.gz create 136.715596 s ping 70.07176 s ssh 31.285399 s destroy 15.732585 s","Success"
"inca","tacc-alamo","nimbus-create-publicvm","6449624","6449623","5463205","2012-10-17T16:29:51.000-04:00","Success","","cloud-create cloudcreate img centos-5.5-x86_64.gz create 120.181527 s ping 70.073296 s ssh 31.244258 s destroy 6.57308 s","Success"
"inca","tacc-alamo","nimbus-create-publicvm","6457661","6457660","5463205","2012-10-18T16:38:13.000-04:00","Failure","cloud client reports VMs are running but no VMs are pingable after 600 seconds","","Failure:errorMessage errorMessage errorMessage errorMessage"
"inca","tacc-alamo","nimbus-create-publicvm","6465568","6465567","5463205","2012-10-19T16:30:18.000-04:00","Success","","cloud-create cloudcreate img centos-5.5-x86_64.gz create 146.138655 s ping 70.072942 s ssh 31.242741 s destroy 8.844557 s","Success"
"inca","tacc-alamo","nimbus-create-publicvm","6489096","6489095","5463205","2012-10-23T16:29:40.000-04:00","Success","","cloud-create cloudcreate img centos-5.5-x86_64.gz create 109.469853 s ping 70.072319 s ssh 31.190971 s destroy 6.566162 s","Success"
"inca","tacc-alamo","nimbus-create-publicvm","6496747","6496746","5463205","2012-10-24T16:29:31.000-04:00","Success","","cloud-create cloudcreate img centos-5.5-x86_64.gz create 97.990901 s ping 70.071856 s ssh 33.215688 s destroy 6.884825 s","Success"
"inca","tacc-alamo","nimbus-create-publicvm","6504394","6504393","5463205","2012-10-25T16:29:23.000-04:00","Success","","cloud-create cloudcreate img centos-5.5-x86_64.gz create 91.963182 s ping 70.087863 s ssh 31.164296 s destroy 6.352086 s","Success"
"inca","tacc-alamo","nimbus-create-publicvm","6512074","6512073","5463205","2012-10-26T16:30:01.000-04:00","Success","","cloud-create cloudcreate img centos-5.5-x86_64.gz create 130.883122 s ping 70.073368 s ssh 31.15659 s destroy 6.507574 s","Success"
"inca","tacc-alamo","nimbus-create-publicvm","6520056","6457660","5463205","2012-10-27T16:38:14.000-04:00","Failure","cloud client reports VMs are running but no VMs are pingable after 600 seconds","","Failure:errorMessage errorMessage errorMessage errorMessage"
"inca","tacc-alamo","nimbus-create-publicvm","6527948","6527947","5463205","2012-10-28T16:30:09.000-04:00","Success","","cloud-create cloudcreate img centos-5.5-x86_64.gz create 136.083444 s ping 70.07191 s ssh 31.167747 s destroy 9.104886 s","Success"
"inca","tacc-alamo","nimbus-create-publicvm","6535842","6535841","5463205","2012-10-29T16:29:22.000-04:00","Success","","cloud-create cloudcreate img centos-5.5-x86_64.gz create 92.29123 s ping 70.07046 s ssh 31.200683 s destroy 6.325741 s","Success"
"inca","tacc-alamo","nimbus-create-publicvm","6543561","6543560","5463205","2012-10-30T16:29:59.000-04:00","Success","","cloud-create cloudcreate img centos-5.5-x86_64.gz create 128.781336 s ping 70.070872 s ssh 31.243568 s destroy 6.355417 s","Success"
"inca","tacc-alamo","nimbus-create-publicvm","6551254","6551253","5463205","2012-10-31T16:29:54.000-04:00","Success","","cloud-create cloudcreate img centos-5.5-x86_64.gz create 123.746482 s ping 70.071099 s ssh 31.161965 s destroy 6.258404 s","Success"
"inca","tacc-alamo","nimbus-create-publicvm","6558921","6558920","5463205","2012-11-01T16:29:42.000-04:00","Success","","cloud-create cloudcreate img centos-5.5-x86_64.gz create 111.312832 s ping 70.070347 s ssh 31.198181 s destroy 6.61697 s","Success"
"inca","tacc-alamo","nimbus-create-publicvm","6566612","6566611","5463205","2012-11-02T16:29:54.000-04:00","Success","","cloud-create cloudcreate img centos-5.5-x86_64.gz create 124.305351 s ping 70.072769 s ssh 31.198781 s destroy 6.365792 s","Success"
"inca","tacc-alamo","nimbus-create-publicvm","6574313","6574312","5463205","2012-11-03T16:29:25.000-04:00","Success","","cloud-create cloudcreate img centos-5.5-x86_64.gz create 94.653281 s ping 70.072543 s ssh 31.240942 s destroy 6.216258 s","Success"
"inca","tacc-alamo","nimbus-create-publicvm","6589523","6589522","5463205","2012-11-06T16:38:19.000-05:00","Failure","DOWNTIME:2312: cloud client reports VMs are running but no VMs are pingable after 600 seconds","","Failure:errorMessage errorMessage errorMessage errorMessage"
"inca","tacc-alamo","nimbus-create-publicvm","6596195","6596194","5463205","2012-11-07T16:29:25.000-05:00","Success","","cloud-create cloudcreate img centos-5.5-x86_64.gz create 94.795855 s ping 70.069492 s ssh 31.192588 s destroy 6.808694 s","Success"
"inca","tacc-alamo","nimbus-create-publicvm","6603744","6603743","5463205","2012-11-08T16:29:55.000-05:00","Success","","cloud-create cloudcreate img centos-5.5-x86_64.gz create 123.92048 s ping 70.071573 s ssh 31.235471 s destroy 6.569331 s","Success"
"inca","tacc-alamo","nimbus-create-publicvm","6611320","6611319","5463205","2012-11-09T16:30:08.000-05:00","Success","","cloud-create cloudcreate img centos-5.5-x86_64.gz create 135.07586 s ping 70.074909 s ssh 31.167214 s destroy 9.606856 s","Success""inca","tacc-alamo","nimbus-create-publicvm","6618909","6618908","5463205","2012-11-10T16:29:54.000-05:00","Success","","cloud-create cloudcreate img centos-5.5-x86_64.gz create 122.585383 s ping 70.070676 s ssh 31.194969 s destroy 6.583034 s","Success"
"inca","tacc-alamo","nimbus-create-publicvm","6626483","6626482","5463205","2012-11-11T16:29:28.000-05:00","Success","","cloud-create cloudcreate img centos-5.5-x86_64.gz create 97.929905 s ping 70.070339 s ssh 31.247341 s destroy 6.63884 s","Success"
"inca","tacc-alamo","nimbus-create-publicvm","6634077","6634076","5463205","2012-11-12T16:29:37.000-05:00","Success","","cloud-create cloudcreate img centos-5.5-x86_64.gz create 106.999402 s ping 70.071636 s ssh 31.241683 s destroy 6.752905 s","Success"
"inca","tacc-alamo","nimbus-create-publicvm","6641869","6641868","5463205","2012-11-13T16:29:34.000-05:00","Success","","cloud-create cloudcreate img centos-5.5-x86_64.gz create 104.101005 s ping 70.072236 s ssh 31.310645 s destroy 6.479048 s","Success"
"inca","tacc-alamo","nimbus-create-publicvm","6649433","6649432","5463205","2012-11-14T16:29:52.000-05:00","Success","","cloud-create cloudcreate img centos-5.5-x86_64.gz create 121.193321 s ping 70.070301 s ssh 31.222376 s destroy 6.737524 s","Success"
"inca","tacc-alamo","nimbus-create-publicvm","6657017","6657016","5463205","2012-11-15T16:29:51.000-05:00","Success","","cloud-create cloudcreate img centos-5.5-x86_64.gz create 121.341874 s ping 70.079527 s ssh 31.201274 s destroy 6.370636 s","Success"
"inca","tacc-alamo","nimbus-create-publicvm","6664567","6664566","5463205","2012-11-16T16:29:38.000-05:00","Success","","cloud-create cloudcreate img centos-5.5-x86_64.gz create 106.68248 s ping 70.072047 s ssh 31.284248 s destroy 6.504659 s","Success"
"inca","tacc-alamo","nimbus-create-publicvm","6672209","6672208","5463205","2012-11-17T16:29:42.000-05:00","Success","","cloud-create cloudcreate img centos-5.5-x86_64.gz create 112.057738 s ping 70.070406 s ssh 31.22575 s destroy 6.588262 s","Success"
"inca","tacc-alamo","nimbus-create-publicvm","6679971","6679970","5463205","2012-11-18T16:29:31.000-05:00","Success","","cloud-create cloudcreate img centos-5.5-x86_64.gz create 100.425446 s ping 70.070931 s ssh 31.1976 s destroy 6.578156 s","Success"
"inca","tacc-alamo","nimbus-create-publicvm","6687735","6457660","5463205","2012-11-19T16:37:55.000-05:00","Failure","cloud client reports VMs are running but no VMs are pingable after 600 seconds","","Failure:errorMessage errorMessage errorMessage errorMessage"
"inca","tacc-alamo","nimbus-create-publicvm","6695277","6695276","5463205","2012-11-20T16:29:37.000-05:00","Success","","cloud-create cloudcreate img centos-5.5-x86_64.gz create 106.614545 s ping 70.072388 s ssh 31.19805 s destroy 6.272229 s","Success"
"inca","tacc-alamo","nimbus-create-publicvm","6702870","6702869","5463205","2012-11-21T16:29:22.000-05:00","Success","","cloud-create cloudcreate img centos-5.5-x86_64.gz create 91.959091 s ping 70.077055 s ssh 31.150451 s destroy 6.605731 s","Success"
"inca","tacc-alamo","nimbus-create-publicvm","6709018","6709017","5463205","2012-11-24T16:29:27.000-05:00","Success","","cloud-create cloudcreate img centos-5.5-x86_64.gz create 95.549348 s ping 70.073616 s ssh 31.203175 s destroy 6.601079 s","Success"
"inca","tacc-alamo","nimbus-create-publicvm","6716901","6716900","5463205","2012-11-25T16:29:51.000-05:00","Success","","cloud-create cloudcreate img centos-5.5-x86_64.gz create 121.270722 s ping 70.071721 s ssh 31.285486 s destroy 6.609087 s","Success"
"inca","tacc-alamo","nimbus-create-publicvm","6724778","6724775","5463205","2012-11-26T16:30:02.000-05:00","Success","","cloud-create cloudcreate img centos-5.5-x86_64.gz create 130.777895 s ping 70.071594 s ssh 31.191948 s destroy 7.717124 s","Success"
"inca","tacc-alamo","nimbus-create-publicvm","6732706","6732705","5463205","2012-11-27T16:29:47.000-05:00","Success","","cloud-create cloudcreate img centos-5.5-x86_64.gz create 116.331765 s ping 70.072261 s ssh 31.213588 s destroy 6.614932 s","Success"
"inca","tacc-alamo","nimbus-create-publicvm","6740546","6740545","5463205","2012-11-28T16:29:50.000-05:00","Success","","cloud-create cloudcreate img centos-5.5-x86_64.gz create 119.402502 s ping 70.070724 s ssh 31.207432 s destroy 6.342278 s","Success"
"inca","tacc-alamo","nimbus-create-publicvm","6748466","6748465","5463205","2012-11-29T16:29:35.000-05:00","Success","","cloud-create cloudcreate img centos-5.5-x86_64.gz create 104.925596 s ping 70.07139 s ssh 31.229435 s destroy 6.298105 s","Success"
"inca","tacc-alamo","nimbus-create-publicvm","6756082","6756081","5463205","2012-11-30T16:29:25.000-05:00","Success","","cloud-create cloudcreate img centos-5.5-x86_64.gz create 95.386367 s ping 70.07204 s ssh 31.24538 s destroy 6.259138 s","Success"
"inca","tacc-alamo","nimbus-create-publicvm","6763659","6763658","5463205","2012-12-01T16:29:24.000-05:00","Success","","cloud-create cloudcreate img centos-5.5-x86_64.gz create 93.723788 s ping 70.075115 s ssh 31.242859 s destroy 6.295085 s","Success"
"inca","tacc-alamo","nimbus-create-publicvm","6771251","6771250","5463205","2012-12-02T16:29:37.000-05:00","Success","","cloud-create cloudcreate img centos-5.5-x86_64.gz create 106.709763 s ping 70.070545 s ssh 31.193264 s destroy 6.75451 s","Success"
"inca","tacc-alamo","nimbus-create-publicvm","6778873","6778872","5463205","2012-12-03T16:30:05.000-05:00","Success","","cloud-create cloudcreate img centos-5.5-x86_64.gz create 132.077973 s ping 70.071153 s ssh 31.2344 s destroy 7.949302 s","Success"
"inca","tacc-alamo","nimbus-create-publicvm","6786285","6786284","5463205","2012-12-04T16:30:06.000-05:00","Success","","cloud-create cloudcreate img centos-5.5-x86_64.gz create 135.049787 s ping 70.07084 s ssh 31.194277 s destroy 7.424831 s","Success"
"inca","tacc-alamo","nimbus-create-publicvm","6793654","6793653","5463205","2012-12-05T16:29:33.000-05:00","Success","","cloud-create cloudcreate img centos-5.5-x86_64.gz create 103.005157 s ping 70.07063 s ssh 31.224802 s destroy 6.560809 s","Success"
"inca","tacc-alamo","nimbus-create-publicvm","6801288","6801287","5463205","2012-12-06T16:29:26.000-05:00","Success","","cloud-create cloudcreate img centos-5.5-x86_64.gz create 94.557203 s ping 70.071635 s ssh 31.251752 s destroy 6.509145 s","Success"
"inca","tacc-alamo","nimbus-create-publicvm","6808967","6457660","5463205","2012-12-07T16:37:45.000-05:00","Failure","cloud client reports VMs are running but no VMs are pingable after 600 seconds","","Failure:errorMessage errorMessage errorMessage errorMessage"
"inca","tacc-alamo","nimbus-create-publicvm","6816556","6816555","5463205","2012-12-08T16:29:30.000-05:00","Success","","cloud-create cloudcreate img centos-5.5-x86_64.gz create 99.6675 s ping 70.071184 s ssh 31.193742 s destroy 6.62534 s","Success"
"inca","tacc-alamo","nimbus-create-publicvm","6824204","6824203","5463205","2012-12-09T16:29:35.000-05:00","Success","","cloud-create cloudcreate img centos-5.5-x86_64.gz create 105.032977 s ping 70.071604 s ssh 31.234642 s destroy 6.488742 s","Success"
"inca","tacc-alamo","nimbus-create-publicvm","6831889","6457660","5463205","2012-12-10T16:38:14.000-05:00","Failure","cloud client reports VMs are running but no VMs are pingable after 600 seconds","","Failure:errorMessage errorMessage errorMessage errorMessage"
"inca","tacc-alamo","nimbus-create-publicvm","6839551","6457660","5463205","2012-12-11T16:38:14.000-05:00","Failure","cloud client reports VMs are running but no VMs are pingable after 600 seconds","","Failure:errorMessage errorMessage errorMessage errorMessage"
"inca","tacc-alamo","nimbus-create-publicvm","6847151","6847150","5463205","2012-12-12T16:29:52.000-05:00","Success","","cloud-create cloudcreate img centos-5.5-x86_64.gz create 122.427467 s ping 70.072455 s ssh 31.204125 s destroy 6.690231 s","Success"
"inca","tacc-alamo","nimbus-create-publicvm","6854793","6854792","5463205","2012-12-13T16:29:39.000-05:00","Success","","cloud-create cloudcreate img centos-5.5-x86_64.gz create 109.353353 s ping 70.070783 s ssh 31.194017 s destroy 6.447795 s","Success"
"inca","tacc-alamo","nimbus-create-publicvm","6862288","6862287","5463205","2012-12-14T16:29:35.000-05:00","Success","","cloud-create cloudcreate img centos-5.5-x86_64.gz create 104.2372 s ping 70.079545 s ssh 31.299406 s destroy 7.042566 s","Success"
"inca","tacc-alamo","nimbus-create-publicvm","6867680","6867679","5463205","2012-12-15T16:29:54.000-05:00","Success","","cloud-create cloudcreate img centos-5.5-x86_64.gz create 113.743552 s ping 70.263533 s ssh 31.276848 s destroy 12.433622 s","Success"
"inca","tacc-alamo","nimbus-create-publicvm","6873841","6873840","5463205","2012-12-16T16:29:55.000-05:00","Success","","cloud-create cloudcreate img centos-5.5-x86_64.gz create 125.313258 s ping 70.069804 s ssh 31.147581 s destroy 6.524186 s","Success"
"inca","tacc-alamo","nimbus-create-publicvm","6881425","6881424","5463205","2012-12-17T16:29:50.000-05:00","Success","","cloud-create cloudcreate img centos-5.5-x86_64.gz create 120.352838 s ping 70.070267 s ssh 31.201257 s destroy 6.384227 s","Success"
"inca","tacc-alamo","nimbus-create-publicvm","6888808","6457660","5463205","2012-12-18T16:38:24.000-05:00","Failure","cloud client reports VMs are running but no VMs are pingable after 600 seconds","","Failure:errorMessage errorMessage errorMessage errorMessage"
"inca","tacc-alamo","nimbus-create-publicvm","6896327","6896326","5463205","2012-12-19T16:29:37.000-05:00","Success","","cloud-create cloudcreate img centos-5.5-x86_64.gz create 106.743733 s ping 70.072233 s ssh 31.239127 s destroy 6.560275 s","Success"
"inca","tacc-alamo","nimbus-create-publicvm","6904088","6904087","5463205","2012-12-20T16:29:36.000-05:00","Success","","cloud-create cloudcreate img centos-5.5-x86_64.gz create 106.752133 s ping 70.073156 s ssh 31.239751 s destroy 6.509402 s","Success"
"inca","tacc-alamo","nimbus-create-publicvm","6913763","6457660","5463205","2012-12-21T16:38:26.000-05:00","Failure","cloud client reports VMs are running but no VMs are pingable after 600 seconds","","Failure:errorMessage errorMessage errorMessage errorMessage"
"inca","tacc-alamo","nimbus-create-publicvm","6923350","6923349","5463205","2012-12-22T16:30:16.000-05:00","Success","","cloud-create cloudcreate img centos-5.5-x86_64.gz create 144.612221 s ping 70.071752 s ssh 31.350676 s destroy 7.768185 s","Success"
"inca","tacc-alamo","nimbus-create-publicvm","6932930","6932929","5463205","2012-12-23T16:29:49.000-05:00","Success","","cloud-create cloudcreate img centos-5.5-x86_64.gz create 118.50975 s ping 70.071595 s ssh 31.245992 s destroy 6.477872 s","Success"
"inca","tacc-alamo","nimbus-create-publicvm","6942672","6942671","5463205","2012-12-24T16:29:59.000-05:00","Success","","cloud-create cloudcreate img centos-5.5-x86_64.gz create 129.373455 s ping 70.070399 s ssh 31.273424 s destroy 6.527021 s","Success"
"inca","tacc-alamo","nimbus-create-publicvm","6952467","6952466","5463205","2012-12-25T16:29:32.000-05:00","Success","","cloud-create cloudcreate img centos-5.5-x86_64.gz create 102.026965 s ping 70.071156 s ssh 31.209067 s destroy 7.00525 s","Success"
"inca","tacc-alamo","nimbus-create-publicvm","6962276","6962275","5463205","2012-12-26T16:29:53.000-05:00","Success","","cloud-create cloudcreate img centos-5.5-x86_64.gz create 123.104816 s ping 70.072759 s ssh 31.277692 s destroy 6.457868 s","Success"
"inca","tacc-alamo","nimbus-create-publicvm","6972122","6972121","5463205","2012-12-27T16:30:02.000-05:00","Success","","cloud-create cloudcreate img centos-5.5-x86_64.gz create 132.235574 s ping 70.072377 s ssh 31.320916 s destroy 6.540818 s","Success"
"inca","tacc-alamo","nimbus-create-publicvm","6981946","6981945","5463205","2012-12-28T16:29:49.000-05:00","Success","","cloud-create cloudcreate img centos-5.5-x86_64.gz create 118.857057 s ping 70.072903 s ssh 31.242176 s destroy 6.609599 s","Success"
"inca","tacc-alamo","nimbus-create-publicvm","6991779","6991778","5463205","2012-12-29T16:29:34.000-05:00","Success","","cloud-create cloudcreate img centos-5.5-x86_64.gz create 104.177709 s ping 70.070982 s ssh 31.297579 s destroy 6.452732 s","Success"
"inca","tacc-alamo","nimbus-create-publicvm","7001831","7001830","5463205","2012-12-30T16:29:56.000-05:00","Success","","cloud-create cloudcreate img centos-5.5-x86_64.gz create 126.265716 s ping 70.071194 s ssh 31.267579 s destroy 6.582624 s","Success"
"inca","tacc-alamo","nimbus-create-publicvm","7011796","7011795","5463205","2012-12-31T16:30:05.000-05:00","Success","","cloud-create cloudcreate img centos-5.5-x86_64.gz create 133.515498 s ping 70.070733 s ssh 31.242355 s destroy 8.171516 s","Success"
"inca","tacc-alamo","nimbus-create-publicvm","7021645","6457660","5463205","2013-01-01T16:38:15.000-05:00","Failure","cloud client reports VMs are running but no VMs are pingable after 600 seconds","","Failure:errorMessage errorMessage errorMessage errorMessage"
"inca","tacc-alamo","nimbus-create-publicvm","7031441","6457660","5463205","2013-01-02T16:38:13.000-05:00","Failure","cloud client reports VMs are running but no VMs are pingable after 600 seconds","","Failure:errorMessage errorMessage errorMessage errorMessage"
"inca","tacc-alamo","nimbus-create-publicvm","7036169","7036168","5463205","2013-01-03T16:29:56.000-05:00","Success","","cloud-create cloudcreate img centos-5.5-x86_64.gz create 126.548285 s ping 70.071099 s ssh 31.199215 s destroy 6.578996 s","Success"
"inca","tacc-alamo","nimbus-create-publicvm","7043642","7043641","5463205","2013-01-04T16:29:50.000-05:00","Success","","cloud-create cloudcreate img centos-5.5-x86_64.gz create 116.759478 s ping 70.069756 s ssh 31.210917 s destroy 7.120456 s","Success"
"inca","tacc-alamo","nimbus-create-publicvm","7051372","7051371","5463205","2013-01-05T16:29:57.000-05:00","Success","","cloud-create cloudcreate img centos-5.5-x86_64.gz create 127.430585 s ping 70.070632 s ssh 31.205658 s destroy 6.64269 s","Success"
"inca","tacc-alamo","nimbus-create-publicvm","7059097","7059096","5463205","2013-01-06T16:30:10.000-05:00","Success","","cloud-create cloudcreate img centos-5.5-x86_64.gz create 135.432924 s ping 70.07286 s ssh 31.24104 s destroy 10.16726 s","Success"
"inca","tacc-alamo","nimbus-create-publicvm","7066813","7066812","5463205","2013-01-07T16:29:54.000-05:00","Success","","cloud-create cloudcreate img centos-5.5-x86_64.gz create 123.640268 s ping 70.072897 s ssh 31.201247 s destroy 7.041146 s","Success"
"inca","tacc-alamo","nimbus-create-publicvm","7074300","7074299","5463205","2013-01-08T16:38:25.000-05:00","Failure","DOWNTIME:2411: cloud client reports VMs are running but no VMs are pingable after 600 seconds","","Failure:errorMessage errorMessage errorMessage errorMessage"
"inca","tacc-alamo","nimbus-create-publicvm","7079973","7079972","5463205","2013-01-09T16:29:36.000-05:00","Success","","cloud-create cloudcreate img centos-5.5-x86_64.gz create 105.119371 s ping 70.070628 s ssh 31.234349 s destroy 6.879538 s","Success"
"inca","tacc-alamo","nimbus-create-publicvm","7087962","7087960","5463205","2013-01-10T16:30:06.000-05:00","Success","","cloud-create cloudcreate img centos-5.5-x86_64.gz create 133.551521 s ping 70.070567 s ssh 31.155586 s destroy 8.787754 s","Success"
"inca","tacc-alamo","nimbus-create-publicvm","7095956","7095955","5463205","2013-01-11T16:30:11.000-05:00","Success","","cloud-create cloudcreate img centos-5.5-x86_64.gz create 135.90828 s ping 70.071542 s ssh 31.198899 s destroy 11.37988 s","Success"
"inca","tacc-alamo","nimbus-create-publicvm","7103971","7103970","5463205","2013-01-12T16:29:58.000-05:00","Success","","cloud-create cloudcreate img centos-5.5-x86_64.gz create 128.441583 s ping 70.070114 s ssh 31.203887 s destroy 6.421778 s","Success"
"inca","tacc-alamo","nimbus-create-publicvm","7112009","7112008","5463205","2013-01-13T16:30:11.000-05:00","Success","","cloud-create cloudcreate img centos-5.5-x86_64.gz create 138.133175 s ping 70.07049 s ssh 31.208012 s destroy 9.132087 s","Success"
"inca","tacc-alamo","nimbus-create-publicvm","7120087","6457660","5463205","2013-01-14T16:38:12.000-05:00","Failure","cloud client reports VMs are running but no VMs are pingable after 600 seconds","","Failure:errorMessage errorMessage errorMessage errorMessage"
"inca","tacc-alamo","nimbus-create-publicvm","7128017","7128016","5463205","2013-01-15T16:29:28.000-05:00","Success","","cloud-create cloudcreate img centos-5.5-x86_64.gz create 98.216793 s ping 70.071072 s ssh 31.292518 s destroy 6.508691 s","Success"
"inca","tacc-alamo","nimbus-create-publicvm","7136041","7136039","5463205","2013-01-16T16:30:11.000-05:00","Success","","cloud-create cloudcreate img centos-5.5-x86_64.gz create 140.112942 s ping 70.070786 s ssh 31.308698 s destroy 7.100555 s","Success"
"inca","tacc-alamo","nimbus-create-publicvm","7143725","7143724","5463205","2013-01-17T16:29:41.000-05:00","Success","","cloud-create cloudcreate img centos-5.5-x86_64.gz create 110.146865 s ping 70.075837 s ssh 32.000264 s destroy 6.531128 s","Success"
"inca","tacc-alamo","nimbus-create-publicvm","7151402","7151401","5463205","2013-01-18T16:29:44.000-05:00","Success","","cloud-create cloudcreate img centos-5.5-x86_64.gz create 114.566692 s ping 70.072778 s ssh 31.189697 s destroy 6.626074 s","Success"
"inca","tacc-alamo","nimbus-create-publicvm","7159059","7159058","5463205","2013-01-19T16:29:34.000-05:00","Success","","cloud-create cloudcreate img centos-5.5-x86_64.gz create 103.379734 s ping 70.070555 s ssh 31.238991 s destroy 6.857962 s","Success"
"inca","tacc-alamo","nimbus-create-publicvm","7166685","7166684","5463205","2013-01-20T16:29:27.000-05:00","Success","","cloud-create cloudcreate img centos-5.5-x86_64.gz create 96.71758 s ping 70.072209 s ssh 31.197371 s destroy 6.212864 s","Success"
"inca","tacc-alamo","nimbus-create-publicvm","7174296","7174295","5463205","2013-01-21T16:29:27.000-05:00","Success","","cloud-create cloudcreate img centos-5.5-x86_64.gz create 95.966474 s ping 70.071512 s ssh 31.168025 s destroy 6.351998 s","Success"
"inca","tacc-alamo","nimbus-create-publicvm","7181925","7181924","5463205","2013-01-22T16:29:34.000-05:00","Success","","cloud-create cloudcreate img centos-5.5-x86_64.gz create 97.139587 s ping 70.072961 s ssh 31.280317 s destroy 11.184788 s","Success"
"inca","tacc-alamo","nimbus-create-publicvm","7189586","7189585","5463205","2013-01-23T16:29:38.000-05:00","Success","","cloud-create cloudcreate img centos-5.5-x86_64.gz create 106.250375 s ping 70.07169 s ssh 31.161895 s destroy 6.462139 s","Success"
"inca","tacc-alamo","nimbus-create-publicvm","7197221","7197220","5463205","2013-01-24T16:29:26.000-05:00","Success","","cloud-create cloudcreate img centos-5.5-x86_64.gz create 96.62412 s ping 70.072418 s ssh 31.246808 s destroy 6.734788 s","Success"
"inca","tacc-alamo","nimbus-create-publicvm","7204868","7204867","5463205","2013-01-25T16:29:20.000-05:00","Success","","cloud-create cloudcreate img centos-5.5-x86_64.gz create 90.908663 s ping 70.072637 s ssh 31.20496 s destroy 6.535115 s","Success"
"inca","tacc-alamo","nimbus-create-publicvm","7212535","7212534","5463205","2013-01-26T16:29:55.000-05:00","Success","","cloud-create cloudcreate img centos-5.5-x86_64.gz create 125.024605 s ping 70.072419 s ssh 31.152524 s destroy 6.573218 s","Success"
"inca","tacc-alamo","nimbus-create-publicvm","7220201","7220200","5463205","2013-01-27T16:29:40.000-05:00","Success","","cloud-create cloudcreate img centos-5.5-x86_64.gz create 109.319929 s ping 70.069997 s ssh 31.283682 s destroy 6.809909 s","Success"
"inca","tacc-alamo","nimbus-create-publicvm","7227778","7227777","5463205","2013-01-28T16:29:39.000-05:00","Success","","cloud-create cloudcreate img centos-5.5-x86_64.gz create 108.510896 s ping 70.071858 s ssh 31.212092 s destroy 6.511779 s","Success"
"inca","tacc-alamo","nimbus-create-publicvm","7235508","7235507","7235299","2013-01-29T16:15:37.000-05:00","Success","","cloud-create cloudcreate img centos-5.5-x86_64.gz create 138.585754 s ping 70.071888 s ssh 31.201023 s destroy 6.917566 s","Success"
"inca","tacc-alamo","nimbus-create-publicvm","7237626","7237625","7235299","2013-01-29T22:17:30.000-05:00","Failure","cloud client reports VMs are running but no VMs are pingable after 600 seconds","","Failure:errorMessage errorMessage errorMessage errorMessage"
"inca","tacc-alamo","nimbus-create-publicvm","7238520","7238519","7238154","2013-01-30T00:39:44.000-05:00","Success","","cloud-create cloudcreate img centos-5.5-x86_64.gz create 112.525738 s ping 70.075226 s ssh 31.232842 s destroy 7.190664 s","Success"
"inca","tacc-alamo","nimbus-create-publicvm","7245510","7245509","7238154","2013-01-30T21:06:16.000-05:00","Success","","cloud-create cloudcreate img centos-5.5-x86_64.gz create 146.656464 s ping 70.071935 s ssh 31.232491 s destroy 6.604151 s","Success"
"inca","tacc-alamo","nimbus-create-publicvm","7253202","7253201","7238154","2013-01-31T21:14:25.000-05:00","Failure","cloud client reports VMs are running but no VMs are pingable after 600 seconds","","Failure:errorMessage errorMessage errorMessage errorMessage"
"inca","tacc-alamo","nimbus-create-publicvm","7260863","7253201","7238154","2013-02-01T21:14:11.000-05:00","Failure","cloud client reports VMs are running but no VMs are pingable after 600 seconds","","Failure:errorMessage errorMessage errorMessage errorMessage"
"inca","tacc-alamo","nimbus-create-publicvm","7268492","7268491","7238154","2013-02-02T21:05:25.000-05:00","Success","","cloud-create cloudcreate img centos-5.5-x86_64.gz create 95.08489 s ping 70.070896 s ssh 31.198556 s destroy 7.359685 s","Success"
"inca","tacc-alamo","nimbus-create-publicvm","7276138","7276137","7238154","2013-02-03T21:05:55.000-05:00","Success","","cloud-create cloudcreate img centos-5.5-x86_64.gz create 124.673637 s ping 70.071994 s ssh 31.157829 s destroy 6.502106 s","Success"
"inca","tacc-alamo","nimbus-create-publicvm","7283836","7283835","7238154","2013-02-04T21:12:00.000-05:00","Failure","Command '/home/inca/nimbus-cloud-client-021/bin/cloud-client.sh --conf /home/inca/nimbus-cloud-client-021/conf/alamo.conf --run --name centos-5.5-x86_64.gz --hours 1' timed out after 600 secs ","","Failure:errorMessage errorMessage errorMessage errorMessage"
"inca","tacc-alamo","nimbus-create-publicvm","7291170","7291169","7238154","2013-02-05T21:05:28.000-05:00","Success","","cloud-create cloudcreate img centos-5.5-x86_64.gz create 96.09419 s ping 70.070338 s ssh 31.244767 s destroy 8.48301 s","Success""inca","tacc-alamo","nimbus-create-publicvm","7299764","7253201","7238154","2013-02-08T21:13:50.000-05:00","Failure","cloud client reports VMs are running but no VMs are pingable after 600 seconds","","Failure:errorMessage errorMessage errorMessage errorMessage"
"inca","tacc-alamo","nimbus-create-publicvm","7307439","7307438","7238154","2013-02-09T21:05:58.000-05:00","Success","","cloud-create cloudcreate img centos-5.5-x86_64.gz create 126.802872 s ping 70.070119 s ssh 31.231411 s destroy 7.423457 s","Success"
"inca","tacc-alamo","nimbus-create-publicvm","7315219","7253201","7238154","2013-02-10T21:14:15.000-05:00","Failure","cloud client reports VMs are running but no VMs are pingable after 600 seconds","","Failure:errorMessage errorMessage errorMessage errorMessage"
"inca","tacc-alamo","nimbus-create-publicvm","7322699","7322698","7238154","2013-02-11T21:05:53.000-05:00","Success","","cloud-create cloudcreate img centos-5.5-x86_64.gz create 123.500251 s ping 70.07019 s ssh 31.232215 s destroy 6.658883 s","Success"
"inca","tacc-alamo","nimbus-create-publicvm","7329969","7329968","7238154","2013-02-12T21:05:45.000-05:00","Success","","cloud-create cloudcreate img centos-5.5-x86_64.gz create 114.907495 s ping 70.072143 s ssh 31.209344 s destroy 6.982385 s","Success"
"inca","tacc-alamo","nimbus-create-publicvm","7337235","7337234","7238154","2013-02-13T21:05:54.000-05:00","Success","","cloud-create cloudcreate img centos-5.5-x86_64.gz create 124.216676 s ping 70.070313 s ssh 31.153719 s destroy 6.563112 s","Success"
"inca","tacc-alamo","nimbus-create-publicvm","7344483","7344482","7238154","2013-02-14T21:05:40.000-05:00","Success","","cloud-create cloudcreate img centos-5.5-x86_64.gz create 110.020166 s ping 70.07179 s ssh 31.190495 s destroy 6.699068 s","Success"
"inca","tacc-alamo","nimbus-create-publicvm","7351786","7351784","7238154","2013-02-15T21:06:04.000-05:00","Success","","cloud-create cloudcreate img centos-5.5-x86_64.gz create 131.869788 s ping 70.072866 s ssh 31.311295 s destroy 7.198599 s","Success"
"inca","tacc-alamo","nimbus-create-publicvm","7359090","7359089","7238154","2013-02-16T21:05:56.000-05:00","Success","","cloud-create cloudcreate img centos-5.5-x86_64.gz create 126.541905 s ping 70.072375 s ssh 31.251375 s destroy 6.451495 s","Success"
"inca","tacc-alamo","nimbus-create-publicvm","7366382","7366381","7238154","2013-02-17T21:05:57.000-05:00","Success","","cloud-create cloudcreate img centos-5.5-x86_64.gz create 126.011242 s ping 70.071579 s ssh 31.233351 s destroy 7.596488 s","Success"
"inca","tacc-alamo","nimbus-create-publicvm","7373695","7373694","7238154","2013-02-18T21:05:55.000-05:00","Success","","cloud-create cloudcreate img centos-5.5-x86_64.gz create 125.742785 s ping 70.075695 s ssh 31.195903 s destroy 6.459086 s","Success"
"inca","tacc-alamo","nimbus-create-publicvm","7381059","7381057","7238154","2013-02-19T21:06:02.000-05:00","Success","","cloud-create cloudcreate img centos-5.5-x86_64.gz create 131.077388 s ping 70.072227 s ssh 31.463678 s destroy 6.822246 s","Success"
"inca","tacc-alamo","nimbus-create-publicvm","7388386","7253201","7238154","2013-02-20T21:14:10.000-05:00","Failure","cloud client reports VMs are running but no VMs are pingable after 600 seconds","","Failure:errorMessage errorMessage errorMessage errorMessage"
"inca","tacc-alamo","nimbus-create-publicvm","7395681","7253201","7238154","2013-02-21T21:14:27.000-05:00","Failure","cloud client reports VMs are running but no VMs are pingable after 600 seconds","","Failure:errorMessage errorMessage errorMessage errorMessage"
"inca","tacc-alamo","nimbus-create-publicvm","7402996","7402995","7238154","2013-02-22T21:05:26.000-05:00","Success","","cloud-create cloudcreate img centos-5.5-x86_64.gz create 94.777493 s ping 70.073383 s ssh 31.182969 s destroy 7.200101 s","Success"
"inca","tacc-alamo","nimbus-create-publicvm","7410574","7410573","7238154","2013-02-23T21:05:26.000-05:00","Success","","cloud-create cloudcreate img centos-5.5-x86_64.gz create 95.385465 s ping 70.071037 s ssh 31.229451 s destroy 6.832678 s","Success"
"inca","tacc-alamo","nimbus-create-publicvm","7418141","7418140","7238154","2013-02-24T21:05:23.000-05:00","Success","","cloud-create cloudcreate img centos-5.5-x86_64.gz create 93.063251 s ping 70.073454 s ssh 31.183427 s destroy 6.554285 s","Success"
"inca","tacc-alamo","nimbus-create-publicvm","7425589","7425588","7238154","2013-02-25T21:06:07.000-05:00","Success","","cloud-create cloudcreate img centos-5.5-x86_64.gz create 133.947555 s ping 70.071181 s ssh 31.21007 s destroy 9.763105 s","Success"
"inca","tacc-alamo","nimbus-create-publicvm","7432715","7432714","7238154","2013-02-26T21:05:19.000-05:00","Success","","cloud-create cloudcreate img centos-5.5-x86_64.gz create 88.009837 s ping 70.073061 s ssh 31.211439 s destroy 7.101259 s","Success"
"inca","tacc-alamo","nimbus-create-publicvm","7438268","7438267","7238154","2013-02-27T21:02:02.000-05:00","Failure","DOWNTIME:2451: Command '/home/inca/nimbus-cloud-client-021/bin/cloud-client.sh --conf /home/inca/nimbus-cloud-client-021/conf/alamo.conf --run --name centos-5.5-x86_64.gz --hours 1' failed "Problem: Problem with image name 'centos-5.5-x86_64.gz': org.jets3t.service.S3ServiceException: Request Error. GET '/Repo/VMS%2F230dad9e-dc84-11df-90d7-02215ecdc393%2Fcentos-5.5-x86_64.gz'"","","Failure:errorMessage errorMessage errorMessage errorMessage"
"inca","tacc-alamo","nimbus-create-publicvm","7445680","7438267","7238154","2013-02-28T21:02:03.000-05:00","Failure","DOWNTIME:2451: Command '/home/inca/nimbus-cloud-client-021/bin/cloud-client.sh --conf /home/inca/nimbus-cloud-client-021/conf/alamo.conf --run --name centos-5.5-x86_64.gz --hours 1' failed "Problem: Problem with image name 'centos-5.5-x86_64.gz': org.jets3t.service.S3ServiceException: Request Error. GET '/Repo/VMS%2F230dad9e-dc84-11df-90d7-02215ecdc393%2Fcentos-5.5-x86_64.gz'"","","Failure:errorMessage errorMessage errorMessage errorMessage"
"inca","tacc-alamo","nimbus-create-publicvm","7453438","7453437","7238154","2013-03-01T21:02:03.000-05:00","Failure","Command '/home/inca/nimbus-cloud-client-021/bin/cloud-client.sh --conf /home/inca/nimbus-cloud-client-021/conf/alamo.conf --run --name centos-5.5-x86_64.gz --hours 1' failed "Problem: Problem with image name 'centos-5.5-x86_64.gz': org.jets3t.service.S3ServiceException: Request Error. GET '/Repo/VMS%2F230dad9e-dc84-11df-90d7-02215ecdc393%2Fcentos-5.5-x86_64.gz'"","","Failure:errorMessage errorMessage errorMessage errorMessage"
"inca","tacc-alamo","nimbus-create-publicvm","7461212","7438267","7238154","2013-03-02T21:02:02.000-05:00","Failure","DOWNTIME:2451: Command '/home/inca/nimbus-cloud-client-021/bin/cloud-client.sh --conf /home/inca/nimbus-cloud-client-021/conf/alamo.conf --run --name centos-5.5-x86_64.gz --hours 1' failed "Problem: Problem with image name 'centos-5.5-x86_64.gz': org.jets3t.service.S3ServiceException: Request Error. GET '/Repo/VMS%2F230dad9e-dc84-11df-90d7-02215ecdc393%2Fcentos-5.5-x86_64.gz'"","","Failure:errorMessage errorMessage errorMessage errorMessage"
"inca","tacc-alamo","nimbus-create-publicvm","7468955","7438267","7238154","2013-03-03T21:02:02.000-05:00","Failure","DOWNTIME:2451: Command '/home/inca/nimbus-cloud-client-021/bin/cloud-client.sh --conf /home/inca/nimbus-cloud-client-021/conf/alamo.conf --run --name centos-5.5-x86_64.gz --hours 1' failed "Problem: Problem with image name 'centos-5.5-x86_64.gz': org.jets3t.service.S3ServiceException: Request Error. GET '/Repo/VMS%2F230dad9e-dc84-11df-90d7-02215ecdc393%2Fcentos-5.5-x86_64.gz'"","","Failure:errorMessage errorMessage errorMessage errorMessage"
"inca","tacc-alamo","nimbus-create-publicvm","7476744","7438267","7238154","2013-03-04T21:02:03.000-05:00","Failure","DOWNTIME:2451: Command '/home/inca/nimbus-cloud-client-021/bin/cloud-client.sh --conf /home/inca/nimbus-cloud-client-021/conf/alamo.conf --run --name centos-5.5-x86_64.gz --hours 1' failed "Problem: Problem with image name 'centos-5.5-x86_64.gz': org.jets3t.service.S3ServiceException: Request Error. GET '/Repo/VMS%2F230dad9e-dc84-11df-90d7-02215ecdc393%2Fcentos-5.5-x86_64.gz'"","","Failure:errorMessage errorMessage errorMessage errorMessage"
"inca","tacc-alamo","nimbus-create-publicvm","7484383","7484382","7238154","2013-03-05T21:02:04.000-05:00","Failure","DOWNTIME:2452: Command '/home/inca/nimbus-cloud-client-021/bin/cloud-client.sh --conf /home/inca/nimbus-cloud-client-021/conf/alamo.conf --run --name centos-5.5-x86_64.gz --hours 1' failed "Problem: Problem with image name 'centos-5.5-x86_64.gz': org.jets3t.service.S3ServiceException: Request Error. GET '/Repo/VMS%2F230dad9e-dc84-11df-90d7-02215ecdc393%2Fcentos-5.5-x86_64.gz'"","","Failure:errorMessage errorMessage errorMessage errorMessage"
"inca","tacc-alamo","nimbus-create-publicvm","7488540","7488539","7238154","2013-03-06T10:23:01.000-05:00","Success","","cloud-create cloudcreate img centos-5.5-x86_64.gz create 102.740704 s ping 70.071435 s ssh 31.221195 s destroy 9.13331 s","Success"
"inca","tacc-alamo","nimbus-create-publicvm","7491728","7491727","7238154","2013-03-06T21:05:25.000-05:00","Success","","cloud-create cloudcreate img centos-5.5-x86_64.gz create 95.341334 s ping 70.073343 s ssh 31.207976 s destroy 6.484661 s","Success"
"inca","tacc-alamo","nimbus-create-publicvm","7499014","7499013","7238154","2013-03-07T21:05:30.000-05:00","Success","","cloud-create cloudcreate img centos-5.5-x86_64.gz create 99.845602 s ping 70.072683 s ssh 31.226573 s destroy 6.645047 s","Success"
"inca","tacc-alamo","nimbus-create-publicvm","7506119","7506118","7238154","2013-03-08T21:05:43.000-05:00","Success","","cloud-create cloudcreate img centos-5.5-x86_64.gz create 112.478874 s ping 70.049129 s ssh 30.927235 s destroy 8.359829 s","Success"
"inca","tacc-alamo","nimbus-create-publicvm","7513381","7513380","7238154","2013-03-09T21:05:32.000-05:00","Success","","cloud-create cloudcreate img centos-5.5-x86_64.gz create 103.902379 s ping 70.044953 s ssh 30.848617 s destroy 6.31268 s","Success"
"inca","tacc-alamo","nimbus-create-publicvm","7520573","7520572","7238154","2013-03-10T21:05:30.000-04:00","Success","","cloud-create cloudcreate img centos-5.5-x86_64.gz create 101.523097 s ping 70.055962 s ssh 30.909866 s destroy 6.334179 s","Success"
"inca","tacc-alamo","nimbus-create-publicvm","7528054","7528053","7238154","2013-03-11T21:05:39.000-04:00","Success","","cloud-create cloudcreate img centos-5.5-x86_64.gz create 109.249657 s ping 70.128752 s ssh 30.950615 s destroy 6.99316 s","Success"
"inca","tacc-alamo","nimbus-create-publicvm","7542473","7283835","7238154","2013-03-13T21:12:01.000-04:00","Failure","Command '/home/inca/nimbus-cloud-client-021/bin/cloud-client.sh --conf /home/inca/nimbus-cloud-client-021/conf/alamo.conf --run --name centos-5.5-x86_64.gz --hours 1' timed out after 600 secs ","","Failure:errorMessage errorMessage errorMessage errorMessage"
"inca","tacc-alamo","nimbus-create-publicvm","7557091","7557090","7238154","2013-03-15T21:05:34.000-04:00","Success","","cloud-create cloudcreate img centos-5.5-x86_64.gz create 103.418486 s ping 70.043318 s ssh 30.905275 s destroy 7.28802 s","Success"
"inca","tacc-alamo","nimbus-create-publicvm","7564449","7564448","7238154","2013-03-16T21:05:35.000-04:00","Success","","cloud-create cloudcreate img centos-5.5-x86_64.gz create 106.006823 s ping 70.046016 s ssh 30.908483 s destroy 5.967728 s","Success"
"inca","tacc-alamo","nimbus-create-publicvm","7571810","7571809","7238154","2013-03-17T21:05:25.000-04:00","Success","","cloud-create cloudcreate img centos-5.5-x86_64.gz create 95.584819 s ping 70.045507 s ssh 30.954438 s destroy 6.104076 s","Success"
"inca","tacc-alamo","nimbus-create-publicvm","7579161","7579160","7238154","2013-03-18T21:05:31.000-04:00","Success","","cloud-create cloudcreate img centos-5.5-x86_64.gz create 101.610395 s ping 70.044204 s ssh 30.949643 s destroy 6.473654 s","Success"
"inca","tacc-alamo","nimbus-create-publicvm","7586454","7586453","7238154","2013-03-19T21:05:24.000-04:00","Success","","cloud-create cloudcreate img centos-5.5-x86_64.gz create 94.820408 s ping 70.045488 s ssh 30.940102 s destroy 6.178996 s","Success"
"inca","tacc-alamo","nimbus-create-publicvm","7595504","7595503","7238154","2013-03-20T21:05:38.000-04:00","Success","","cloud-create cloudcreate img centos-5.5-x86_64.gz create 108.639586 s ping 70.045631 s ssh 30.965998 s destroy 6.269492 s","Success"
"inca","tacc-alamo","nimbus-create-publicvm","7595508","7595507","7238154","2013-03-20T21:05:48.000-04:00","Success","","cloud-create cloudcreate img centos-5.5-x86_64.gz create 117.722639 s ping 70.046475 s ssh 30.879074 s destroy 6.562712 s","Success"
"inca","tacc-alamo","nimbus-create-publicvm","7605289","7605288","7238154","2013-03-21T21:05:23.000-04:00","Success","","cloud-create cloudcreate img centos-5.5-x86_64.gz create 94.78641 s ping 70.046064 s ssh 30.930575 s destroy 6.116011 s","Success"
"inca","tacc-alamo","nimbus-create-publicvm","7612819","7612818","7238154","2013-03-22T21:05:17.000-04:00","Success","","cloud-create cloudcreate img centos-5.5-x86_64.gz create 87.506144 s ping 70.06656 s ssh 31.171056 s destroy 6.864012 s","Success"
"inca","tacc-alamo","nimbus-create-publicvm","7620377","7620376","7238154","2013-03-23T21:05:30.000-04:00","Success","","cloud-create cloudcreate img centos-5.5-x86_64.gz create 100.523603 s ping 70.068612 s ssh 31.165962 s destroy 6.158209 s","Success"
"inca","tacc-alamo","nimbus-create-publicvm","7627931","7627930","7238154","2013-03-24T21:05:24.000-04:00","Success","","cloud-create cloudcreate img centos-5.5-x86_64.gz create 95.08019 s ping 70.067966 s ssh 31.158786 s destroy 6.411828 s","Success"
"inca","tacc-alamo","nimbus-create-publicvm","7635496","7635495","7238154","2013-03-25T21:05:31.000-04:00","Success","","cloud-create cloudcreate img centos-5.5-x86_64.gz create 101.851078 s ping 70.07313 s ssh 31.156155 s destroy 6.491913 s","Success"
"inca","tacc-alamo","nimbus-create-publicvm","7641293","7641292","7641134","2013-03-26T14:44:49.000-04:00","Success","","cloud-create cloudcreate img centos-5.5-x86_64.gz create 101.950735 s ping 70.10532 s ssh 31.130624 s destroy 6.549688 s","Success"
"inca","tacc-alamo","nimbus-create-publicvm","7642644","7642643","7641134","2013-03-26T18:50:22.000-04:00","Success","","cloud-create cloudcreate img centos-5.5-x86_64.gz create 90.702982 s ping 70.067182 s ssh 31.288233 s destroy 6.817649 s","Success"
"inca","tacc-alamo","nimbus-create-publicvm","7650318","7650317","7641134","2013-03-27T18:50:41.000-04:00","Success","","cloud-create cloudcreate img centos-5.5-x86_64.gz create 105.902091 s ping 70.067753 s ssh 31.176197 s destroy 11.392353 s","Success"
"inca","tacc-alamo","nimbus-create-publicvm","7657966","7657965","7641134","2013-03-28T18:50:30.000-04:00","Success","","cloud-create cloudcreate img centos-5.5-x86_64.gz create 99.87308 s ping 70.070502 s ssh 31.153789 s destroy 6.199068 s","Success"
"inca","tacc-alamo","nimbus-create-publicvm","7665615","7665614","7641134","2013-03-29T18:50:35.000-04:00","Success","","cloud-create cloudcreate img centos-5.5-x86_64.gz create 103.550841 s ping 70.068489 s ssh 31.173634 s destroy 7.249841 s","Success"
"inca","tacc-alamo","nimbus-create-publicvm","7680820","7680819","7641134","2013-03-31T18:50:33.000-04:00","Success","","cloud-create cloudcreate img centos-5.5-x86_64.gz create 102.904855 s ping 70.068365 s ssh 31.164654 s destroy 7.151212 s","Success"
"inca","tacc-alamo","nimbus-create-publicvm","7708810","7708809","7641134","2013-04-04T18:50:34.000-04:00","Success","","cloud-create cloudcreate img centos-5.5-x86_64.gz create 102.946083 s ping 70.073077 s ssh 31.123996 s destroy 6.837865 s","Success"
"inca","tacc-alamo","nimbus-create-publicvm","7723426","7723425","7641134","2013-04-06T18:50:21.000-04:00","Success","","cloud-create cloudcreate img centos-5.5-x86_64.gz create 90.204303 s ping 70.070705 s ssh 31.168715 s destroy 6.476812 s","Success"
"inca","tacc-alamo","nimbus-create-publicvm","7745501","7745500","7641134","2013-04-09T18:50:51.000-04:00","Success","","cloud-create cloudcreate img centos-5.5-x86_64.gz create 118.96964 s ping 70.141732 s ssh 32.191518 s destroy 6.725549 s","Success"
"inca","tacc-alamo","nimbus-create-publicvm","7752867","7752866","7641134","2013-04-10T18:50:46.000-04:00","Success","","cloud-create cloudcreate img centos-5.5-x86_64.gz create 112.048911 s ping 70.195174 s ssh 32.128087 s destroy 8.310338 s","Success"
"inca","tacc-alamo","nimbus-create-publicvm","7768320","7768319","7641134","2013-04-12T18:50:40.000-04:00","Success","","cloud-create cloudcreate img centos-5.5-x86_64.gz create 107.927803 s ping 70.14258 s ssh 32.088287 s destroy 6.645038 s","Success"
"inca","tacc-alamo","nimbus-create-publicvm","7822946","7822945","7641134","2013-04-19T18:50:32.000-04:00","Success","","cloud-create cloudcreate img centos-5.5-x86_64.gz create 102.296118 s ping 70.072204 s ssh 31.102392 s destroy 6.437818 s","Success"
"inca","tacc-alamo","nimbus-create-publicvm","7831104","7831103","7641134","2013-04-20T18:50:19.000-04:00","Success","","cloud-create cloudcreate img centos-5.5-x86_64.gz create 88.094191 s ping 70.068294 s ssh 31.147491 s destroy 7.273566 s","Success"
"inca","tacc-alamo","nimbus-create-publicvm","7839285","7839284","7641134","2013-04-21T18:50:16.000-04:00","Success","","cloud-create cloudcreate img centos-5.5-x86_64.gz create 85.803223 s ping 70.069903 s ssh 31.163284 s destroy 6.088909 s","Success"
"inca","tacc-alamo","nimbus-create-publicvm","7855521","7855520","7641134","2013-04-23T18:50:33.000-04:00","Success","","cloud-create cloudcreate img centos-5.5-x86_64.gz create 102.11406 s ping 70.068397 s ssh 31.161927 s destroy 6.582232 s","Success"
"inca","tacc-alamo","nimbus-create-publicvm","7870767","7870764","7641134","2013-04-25T18:50:30.000-04:00","Success","","cloud-create cloudcreate img centos-5.5-x86_64.gz create 100.502444 s ping 70.067715 s ssh 31.159525 s destroy 6.505931 s","Success"
"inca","tacc-alamo","nimbus-create-publicvm","7887551","7887550","7641134","2013-04-27T18:50:35.000-04:00","Success","","cloud-create cloudcreate img centos-5.5-x86_64.gz create 103.720872 s ping 70.068007 s ssh 31.164687 s destroy 7.44646 s","Success"
"inca","tacc-alamo","nimbus-create-publicvm","7895794","7895793","7641134","2013-04-28T18:50:34.000-04:00","Success","","cloud-create cloudcreate img centos-5.5-x86_64.gz create 98.003427 s ping 70.070593 s ssh 31.239235 s destroy 11.197604 s","Success"
"inca","tacc-alamo","nimbus-create-publicvm","7904058","7904057","7641134","2013-04-29T18:50:28.000-04:00","Success","","cloud-create cloudcreate img centos-5.5-x86_64.gz create 95.195594 s ping 70.068642 s ssh 33.121089 s destroy 6.97712 s","Success"
"inca","tacc-alamo","nimbus-create-publicvm","7924846","7924845","7641134","2013-05-02T08:07:35.000-04:00","Success","","cloud-create cloudcreate img centos-5.5-x86_64.gz create 105.661688 s ping 70.070683 s ssh 31.158743 s destroy 6.640253 s","Success"
"inca","tacc-alamo","nimbus-create-publicvm","7932889","7932888","7641134","2013-05-03T08:07:34.000-04:00","Success","","cloud-create cloudcreate img centos-5.5-x86_64.gz create 105.2097 s ping 70.066833 s ssh 31.163592 s destroy 6.236026 s","Success"
"inca","tacc-alamo","nimbus-create-publicvm","7940907","7940906","7641134","2013-05-04T08:07:23.000-04:00","Success","","cloud-create cloudcreate img centos-5.5-x86_64.gz create 93.687933 s ping 70.068176 s ssh 31.16913 s destroy 6.702356 s","Success"
"inca","tacc-alamo","nimbus-create-publicvm","7948920","7948919","7641134","2013-05-05T08:07:30.000-04:00","Success","","cloud-create cloudcreate img centos-5.5-x86_64.gz create 100.486811 s ping 70.068443 s ssh 31.213557 s destroy 6.539908 s","Success"
"inca","tacc-alamo","nimbus-create-publicvm","7956926","7956925","7641134","2013-05-06T08:07:36.000-04:00","Success","","cloud-create cloudcreate img centos-5.5-x86_64.gz create 106.144941 s ping 70.069326 s ssh 31.121618 s destroy 6.713941 s","Success"
"inca","tacc-alamo","nimbus-create-publicvm","7965381","7965380","7641134","2013-05-07T08:07:24.000-04:00","Success","","cloud-create cloudcreate img centos-5.5-x86_64.gz create 94.164025 s ping 70.066936 s ssh 31.192726 s destroy 6.458104 s","Success"
"inca","tacc-alamo","nimbus-create-publicvm","7968973","7968972","7641134","2013-05-08T08:07:24.000-04:00","Success","","cloud-create cloudcreate img centos-5.5-x86_64.gz create 91.251088 s ping 70.153791 s ssh 32.097898 s destroy 6.812435 s","Success"