resource, targetResource, nickname, instanceId, reportId, configId, collected, exit_status, exit_message, body, comparisonResult"inca","uc-hotel","nimbus-create-publicvm","5468045","5468044","5463207","2012-06-07T09:59:26.000-04:00","Success","","cloud-create cloudcreate img hello-cloud.gz create 20.33869 s ping 30.010413 s ssh 30.21364 s destroy 5.078191 s","Success"
"inca","uc-hotel","nimbus-create-publicvm","5476338","5476337","5463207","2012-06-08T09:59:28.000-04:00","Success","","cloud-create cloudcreate img hello-cloud.gz create 22.514076 s ping 30.009765 s ssh 30.212524 s destroy 4.829008 s","Success"
"inca","uc-hotel","nimbus-create-publicvm","5484610","5484609","5463207","2012-06-09T09:59:40.000-04:00","Success","","cloud-create cloudcreate img hello-cloud.gz create 32.887875 s ping 30.011048 s ssh 30.293706 s destroy 5.078975 s","Success"
"inca","uc-hotel","nimbus-create-publicvm","5493284","5493283","5463207","2012-06-10T09:58:05.000-04:00","Failure","Command '/home/inca/nimbus-cloud-client-021/bin/cloud-client.sh --conf /home/inca/nimbus-cloud-client-021/conf/hotel.conf --run --name hello-cloud.gz --hours 1' failed "Launching workspace.

Workspace Factory Service:
    https://svc.uc.futuregrid.org:8443/wsrf/services/WorkspaceFactoryService

Creating workspace "vm-050"...
Problem: Resource request denied: Error creating workspace(s): network 'public' is not currently available

Problem running 'vm-050'."","","Failure:errorMessage errorMessage errorMessage errorMessage"
"inca","uc-hotel","nimbus-create-publicvm","5501825","5493283","5463207","2012-06-11T09:58:05.000-04:00","Failure","Command '/home/inca/nimbus-cloud-client-021/bin/cloud-client.sh --conf /home/inca/nimbus-cloud-client-021/conf/hotel.conf --run --name hello-cloud.gz --hours 1' failed "Launching workspace.

Workspace Factory Service:
    https://svc.uc.futuregrid.org:8443/wsrf/services/WorkspaceFactoryService

Creating workspace "vm-051"...
Problem: Resource request denied: Error creating workspace(s): network 'public' is not currently available

Problem running 'vm-051'."","","Failure:errorMessage errorMessage errorMessage errorMessage"
"inca","uc-hotel","nimbus-create-publicvm","5509945","5509944","5463207","2012-06-12T09:59:39.000-04:00","Success","","cloud-create cloudcreate img hello-cloud.gz create 30.533235 s ping 30.010311 s ssh 30.270475 s destroy 6.319306 s","Success"
"inca","uc-hotel","nimbus-create-publicvm","5518318","5518317","5463207","2012-06-13T09:58:36.000-04:00","Failure","Command '/home/inca/nimbus-cloud-client-021/bin/cloud-client.sh --conf /home/inca/nimbus-cloud-client-021/conf/hotel.conf --run --name hello-cloud.gz --hours 1' failed "
Launching workspace.

Workspace Factory Service:
    https://svc.uc.futuregrid.org:8443/wsrf/services/WorkspaceFactoryService

Creating workspace "vm-052"... done.


       IP address: 149.165.148.236
         Hostname: vm-236.uc.futuregrid.org
       Start time: Wed Jun 13 09:58:06 EDT 2012
    Shutdown time: Wed Jun 13 10:58:06 EDT 2012
 Termination time: Wed Jun 13 11:08:06 EDT 2012

Waiting for updates.

Problem with vm-052: Unexpected issue
STDERR: libvir: Xen error : Domain not found: xenUnifiedDomainLookupByName
2012-06-13 08:58:24,166 - ERROR - The persistence file already exists: '/soft/nimbus-control/default/var/workspace-control/persistence/wrksp-48943-nicset'
Traceback (most recent call last):
  File "/gpfs/software/x86_64/el5/hotel/nimbus-control/2.9/src/python/workspacecontrol/main/wc_core_creation.py", line 83, in _common
    persistence.store_nic_set(vm_name, nic_set, ok_to_replace=oktorepl)
  File "/gpfs/software/x86_64/el5/hotel/nimbus-control/2.9/src/python/workspacecontrol/main/wc_core_persistence.py", line 75, in store_nic_set
    raise UnexpectedError("The persistence file already exists: '%s'" % pobject)
UnexpectedError: The persistence file already exists: '/soft/nimbus-control/default/var/workspace-control/persistence/wrksp-48943-nicset'
2012-06-13 08:58:24,198 - ERROR - Creation problem: going to back out net leases
2012-06-13 08:58:24,199 - ERROR - Backed out net leases
2012-06-13 08:58:24,199 - ERROR - The persistence file already exists: '/soft/nimbus-control/default/var/workspace-control/persistence/wrksp-48943-nicset'
Traceback (most recent call last):
  File "/gpfs/software/x86_64/el5/hotel/nimbus-control/2.9/src/python/workspacecontrol/main/wc_core.py", line 79, in core
    _core(vm_name, action, p, c)
  File "/gpfs/software/x86_64/el5/hotel/nimbus-control/2.9/src/python/workspacecontrol/main/wc_core.py", line 168, in _core
    wc_core_creation.create(vm_name, p, c, async, editing, images, kernels, localnet, netbootstrap, netlease, netsecurity, persistence, platform)
  File "/gpfs/software/x86_64/el5/hotel/nimbus-control/2.9/src/python/workspacecontrol/main/wc_core_creation.py", line 16, in create
    _create_local(vm_name, p, c, async, editing, images, kernels, localnet, netbootstrap, netlease, netsecurity, persistence, platform)
  File "/gpfs/software/x86_64/el5/hotel/nimbus-control/2.9/src/python/workspacecontrol/main/wc_core_creation.py", line 31, in _create_local
    _common(local_file_set, vm_name, p, c, editing, kernels, localnet, netbootstrap, netlease, netsecurity, persistence, platform, justprint=justprint)
  File "/gpfs/software/x86_64/el5/hotel/nimbus-control/2.9/src/python/workspacecontrol/main/wc_core_creation.py", line 107, in _common
    raise e
UnexpectedError: The persistence file already exists: '/soft/nimbus-control/default/var/workspace-control/persistence/wrksp-48943-nicset'
Problem executing: The persistence file already exists: '/soft/nimbus-control/default/var/workspace-control/persistence/wrksp-48943-nicset'

Exiting with error code: 4

Workspace "vm-052" did NOT reach target state "Running"

Problem running 'vm-052'.
"inca","uc-hotel","nimbus-create-publicvm","5526228","5526227","5463207","2012-06-14T09:59:27.000-04:00","Success","","cloud-create cloudcreate img hello-cloud.gz create 21.018593 s ping 30.011721 s ssh 30.224084 s destroy 5.12489 s","Success"
"inca","uc-hotel","nimbus-create-publicvm","5532175","5532174","5463207","2012-06-15T09:59:36.000-04:00","Success","","cloud-create cloudcreate img hello-cloud.gz create 28.815391 s ping 30.009776 s ssh 30.225246 s destroy 5.168986 s","Success"
"inca","uc-hotel","nimbus-create-publicvm","5540102","5540101","5463207","2012-06-16T09:59:30.000-04:00","Success","","cloud-create cloudcreate img hello-cloud.gz create 23.252913 s ping 30.012392 s ssh 30.219983 s destroy 5.224531 s","Success"
"inca","uc-hotel","nimbus-create-publicvm","5547997","5547996","5463207","2012-06-17T09:59:36.000-04:00","Success","","cloud-create cloudcreate img hello-cloud.gz create 29.226231 s ping 30.009721 s ssh 30.259383 s destroy 5.490841 s","Success"
"inca","uc-hotel","nimbus-create-publicvm","5555894","5555893","5463207","2012-06-18T09:59:30.000-04:00","Success","","cloud-create cloudcreate img hello-cloud.gz create 23.388717 s ping 30.010551 s ssh 30.21659 s destroy 5.232529 s","Success"
"inca","uc-hotel","nimbus-create-publicvm","5564103","5564102","5463207","2012-06-19T09:59:41.000-04:00","Success","","cloud-create cloudcreate img hello-cloud.gz create 34.311984 s ping 30.010702 s ssh 30.22895 s destroy 5.095246 s","Success"
"inca","uc-hotel","nimbus-create-publicvm","5572247","5572246","5463207","2012-06-20T09:59:38.000-04:00","Success","","cloud-create cloudcreate img hello-cloud.gz create 31.635306 s ping 30.012108 s ssh 30.215897 s destroy 5.109551 s","Success"
"inca","uc-hotel","nimbus-create-publicvm","5580463","5580462","5463207","2012-06-21T10:00:08.000-04:00","Failure","DOWNTIME:1970: Command '/home/inca/nimbus-cloud-client-021/bin/cloud-client.sh --conf /home/inca/nimbus-cloud-client-021/conf/hotel.conf --run --name hello-cloud.gz --hours 1' failed "Problem: Problem with image name 'hello-cloud.gz': org.jets3t.service.S3ServiceException: Request Error. GET '/Repo/VMS%2F230dad9e-dc84-11df-90d7-02215ecdc393%2Fhello-cloud.gz'"","","Failure:errorMessage errorMessage errorMessage errorMessage"
"inca","uc-hotel","nimbus-create-publicvm","5588289","5580462","5463207","2012-06-22T10:00:09.000-04:00","Failure","DOWNTIME:1970: Command '/home/inca/nimbus-cloud-client-021/bin/cloud-client.sh --conf /home/inca/nimbus-cloud-client-021/conf/hotel.conf --run --name hello-cloud.gz --hours 1' failed "Problem: Problem with image name 'hello-cloud.gz': org.jets3t.service.S3ServiceException: Request Error. GET '/Repo/VMS%2F230dad9e-dc84-11df-90d7-02215ecdc393%2Fhello-cloud.gz'"","","Failure:errorMessage errorMessage errorMessage errorMessage"
"inca","uc-hotel","nimbus-create-publicvm","5596118","5580462","5463207","2012-06-23T10:00:08.000-04:00","Failure","DOWNTIME:1970: Command '/home/inca/nimbus-cloud-client-021/bin/cloud-client.sh --conf /home/inca/nimbus-cloud-client-021/conf/hotel.conf --run --name hello-cloud.gz --hours 1' failed "Problem: Problem with image name 'hello-cloud.gz': org.jets3t.service.S3ServiceException: Request Error. GET '/Repo/VMS%2F230dad9e-dc84-11df-90d7-02215ecdc393%2Fhello-cloud.gz'"","","Failure:errorMessage errorMessage errorMessage errorMessage"
"inca","uc-hotel","nimbus-create-publicvm","5603877","5580462","5463207","2012-06-24T10:00:08.000-04:00","Failure","DOWNTIME:1970: Command '/home/inca/nimbus-cloud-client-021/bin/cloud-client.sh --conf /home/inca/nimbus-cloud-client-021/conf/hotel.conf --run --name hello-cloud.gz --hours 1' failed "Problem: Problem with image name 'hello-cloud.gz': org.jets3t.service.S3ServiceException: Request Error. GET '/Repo/VMS%2F230dad9e-dc84-11df-90d7-02215ecdc393%2Fhello-cloud.gz'"","","Failure:errorMessage errorMessage errorMessage errorMessage"
"inca","uc-hotel","nimbus-create-publicvm","5611567","5580462","5463207","2012-06-25T10:00:11.000-04:00","Failure","DOWNTIME:1970: Command '/home/inca/nimbus-cloud-client-021/bin/cloud-client.sh --conf /home/inca/nimbus-cloud-client-021/conf/hotel.conf --run --name hello-cloud.gz --hours 1' failed "Problem: Problem with image name 'hello-cloud.gz': org.jets3t.service.S3ServiceException: Request Error. GET '/Repo/VMS%2F230dad9e-dc84-11df-90d7-02215ecdc393%2Fhello-cloud.gz'"","","Failure:errorMessage errorMessage errorMessage errorMessage"
"inca","uc-hotel","nimbus-create-publicvm","5617325","5580462","5463207","2012-06-26T10:00:09.000-04:00","Failure","DOWNTIME:1970: Command '/home/inca/nimbus-cloud-client-021/bin/cloud-client.sh --conf /home/inca/nimbus-cloud-client-021/conf/hotel.conf --run --name hello-cloud.gz --hours 1' failed "Problem: Problem with image name 'hello-cloud.gz': org.jets3t.service.S3ServiceException: Request Error. GET '/Repo/VMS%2F230dad9e-dc84-11df-90d7-02215ecdc393%2Fhello-cloud.gz'"","","Failure:errorMessage errorMessage errorMessage errorMessage"
"inca","uc-hotel","nimbus-create-publicvm","5624831","5580462","5463207","2012-06-27T10:00:08.000-04:00","Failure","DOWNTIME:1970: Command '/home/inca/nimbus-cloud-client-021/bin/cloud-client.sh --conf /home/inca/nimbus-cloud-client-021/conf/hotel.conf --run --name hello-cloud.gz --hours 1' failed "Problem: Problem with image name 'hello-cloud.gz': org.jets3t.service.S3ServiceException: Request Error. GET '/Repo/VMS%2F230dad9e-dc84-11df-90d7-02215ecdc393%2Fhello-cloud.gz'"","","Failure:errorMessage errorMessage errorMessage errorMessage"
"inca","uc-hotel","nimbus-create-publicvm","5632619","5580462","5463207","2012-06-28T10:00:09.000-04:00","Failure","DOWNTIME:1970: Command '/home/inca/nimbus-cloud-client-021/bin/cloud-client.sh --conf /home/inca/nimbus-cloud-client-021/conf/hotel.conf --run --name hello-cloud.gz --hours 1' failed "Problem: Problem with image name 'hello-cloud.gz': org.jets3t.service.S3ServiceException: Request Error. GET '/Repo/VMS%2F230dad9e-dc84-11df-90d7-02215ecdc393%2Fhello-cloud.gz'"","","Failure:errorMessage errorMessage errorMessage errorMessage"
"inca","uc-hotel","nimbus-create-publicvm","5640448","5580462","5463207","2012-06-29T10:00:08.000-04:00","Failure","DOWNTIME:1970: Command '/home/inca/nimbus-cloud-client-021/bin/cloud-client.sh --conf /home/inca/nimbus-cloud-client-021/conf/hotel.conf --run --name hello-cloud.gz --hours 1' failed "Problem: Problem with image name 'hello-cloud.gz': org.jets3t.service.S3ServiceException: Request Error. GET '/Repo/VMS%2F230dad9e-dc84-11df-90d7-02215ecdc393%2Fhello-cloud.gz'"","","Failure:errorMessage errorMessage errorMessage errorMessage"
"inca","uc-hotel","nimbus-create-publicvm","5648369","5493283","5463207","2012-06-30T10:00:08.000-04:00","Failure","Command '/home/inca/nimbus-cloud-client-021/bin/cloud-client.sh --conf /home/inca/nimbus-cloud-client-021/conf/hotel.conf --run --name hello-cloud.gz --hours 1' failed "Problem: Problem with image name 'hello-cloud.gz': org.jets3t.service.S3ServiceException: Request Error. GET '/Repo/VMS%2F230dad9e-dc84-11df-90d7-02215ecdc393%2Fhello-cloud.gz'"","","Failure:errorMessage errorMessage errorMessage errorMessage"
"inca","uc-hotel","nimbus-create-publicvm","5656245","5493283","5463207","2012-07-01T10:00:08.000-04:00","Failure","Command '/home/inca/nimbus-cloud-client-021/bin/cloud-client.sh --conf /home/inca/nimbus-cloud-client-021/conf/hotel.conf --run --name hello-cloud.gz --hours 1' failed "Problem: Problem with image name 'hello-cloud.gz': org.jets3t.service.S3ServiceException: Request Error. GET '/Repo/VMS%2F230dad9e-dc84-11df-90d7-02215ecdc393%2Fhello-cloud.gz'"","","Failure:errorMessage errorMessage errorMessage errorMessage"
"inca","uc-hotel","nimbus-create-publicvm","5664045","5493283","5463207","2012-07-02T10:00:08.000-04:00","Failure","Command '/home/inca/nimbus-cloud-client-021/bin/cloud-client.sh --conf /home/inca/nimbus-cloud-client-021/conf/hotel.conf --run --name hello-cloud.gz --hours 1' failed "Problem: Problem with image name 'hello-cloud.gz': org.jets3t.service.S3ServiceException: Request Error. GET '/Repo/VMS%2F230dad9e-dc84-11df-90d7-02215ecdc393%2Fhello-cloud.gz'"","","Failure:errorMessage errorMessage errorMessage errorMessage"
"inca","uc-hotel","nimbus-create-publicvm","5671975","5580462","5463207","2012-07-03T10:00:08.000-04:00","Failure","DOWNTIME:1970: Command '/home/inca/nimbus-cloud-client-021/bin/cloud-client.sh --conf /home/inca/nimbus-cloud-client-021/conf/hotel.conf --run --name hello-cloud.gz --hours 1' failed "Problem: Problem with image name 'hello-cloud.gz': org.jets3t.service.S3ServiceException: Request Error. GET '/Repo/VMS%2F230dad9e-dc84-11df-90d7-02215ecdc393%2Fhello-cloud.gz'"","","Failure:errorMessage errorMessage errorMessage errorMessage"
"inca","uc-hotel","nimbus-create-publicvm","5678204","5580462","5463207","2012-07-04T09:58:09.000-04:00","Failure","DOWNTIME:1970: Command '/home/inca/nimbus-cloud-client-021/bin/cloud-client.sh --conf /home/inca/nimbus-cloud-client-021/conf/hotel.conf --run --name hello-cloud.gz --hours 1' failed "Launching workspace.

Workspace Factory Service:
    https://svc.uc.futuregrid.org:8443/wsrf/services/WorkspaceFactoryService

Creating workspace "vm-076"...
Problem: Resource request denied: Error creating workspace(s): No resource is available for this request (based on memory).

Problem running 'vm-076'."","","Failure:errorMessage errorMessage errorMessage errorMessage"
"inca","uc-hotel","nimbus-create-publicvm","5686179","5580462","5463207","2012-07-05T09:58:05.000-04:00","Failure","DOWNTIME:1970: Command '/home/inca/nimbus-cloud-client-021/bin/cloud-client.sh --conf /home/inca/nimbus-cloud-client-021/conf/hotel.conf --run --name hello-cloud.gz --hours 1' failed "Launching workspace.

Workspace Factory Service:
    https://svc.uc.futuregrid.org:8443/wsrf/services/WorkspaceFactoryService

Creating workspace "vm-080"...
Problem: Resource request denied: Error creating workspace(s): No resource is available for this request (based on memory).

Problem running 'vm-080'."","","Failure:errorMessage errorMessage errorMessage errorMessage"
"inca","uc-hotel","nimbus-create-publicvm","5694661","5580462","5463207","2012-07-06T09:58:05.000-04:00","Failure","DOWNTIME:1970: Command '/home/inca/nimbus-cloud-client-021/bin/cloud-client.sh --conf /home/inca/nimbus-cloud-client-021/conf/hotel.conf --run --name hello-cloud.gz --hours 1' failed "Launching workspace.

Workspace Factory Service:
    https://svc.uc.futuregrid.org:8443/wsrf/services/WorkspaceFactoryService

Creating workspace "vm-084"...
Problem: Resource request denied: Error creating workspace(s): No resource is available for this request (based on memory).

Problem running 'vm-084'."","","Failure:errorMessage errorMessage errorMessage errorMessage"
"inca","uc-hotel","nimbus-create-publicvm","5695735","5580462","5463207","2012-07-06T13:00:06.000-04:00","Failure","DOWNTIME:1970: Command '/home/inca/nimbus-cloud-client-021/bin/cloud-client.sh --conf /home/inca/nimbus-cloud-client-021/conf/hotel.conf --run --name hello-cloud.gz --hours 1' failed "Launching workspace.

Workspace Factory Service:
    https://svc.uc.futuregrid.org:8443/wsrf/services/WorkspaceFactoryService

Creating workspace "vm-086"...
Problem: Resource request denied: Error creating workspace(s): No resource is available for this request (based on memory).

Problem running 'vm-086'."","","Failure:errorMessage errorMessage errorMessage errorMessage"
"inca","uc-hotel","nimbus-create-publicvm","5704271","5493283","5463207","2012-07-07T13:00:03.000-04:00","Failure","Command '/home/inca/nimbus-cloud-client-021/bin/cloud-client.sh --conf /home/inca/nimbus-cloud-client-021/conf/hotel.conf --run --name hello-cloud.gz --hours 1' failed "Problem: Problem with image name 'hello-cloud.gz': org.jets3t.service.S3ServiceException: Request Error. GET '/Repo/VMS%2F230dad9e-dc84-11df-90d7-02215ecdc393%2Fhello-cloud.gz'"","","Failure:errorMessage errorMessage errorMessage errorMessage"
"inca","uc-hotel","nimbus-create-publicvm","5712760","5493283","5463207","2012-07-08T13:00:05.000-04:00","Failure","Command '/home/inca/nimbus-cloud-client-021/bin/cloud-client.sh --conf /home/inca/nimbus-cloud-client-021/conf/hotel.conf --run --name hello-cloud.gz --hours 1' failed "Launching workspace.

Workspace Factory Service:
    https://svc.uc.futuregrid.org:8443/wsrf/services/WorkspaceFactoryService

Creating workspace "vm-092"...
Problem: Resource request denied: Error creating workspace(s): No resource is available for this request (based on memory).

Problem running 'vm-092'."","","Failure:errorMessage errorMessage errorMessage errorMessage"
"inca","uc-hotel","nimbus-create-publicvm","5721251","5721250","5463207","2012-07-09T13:01:24.000-04:00","Success","","cloud-create cloudcreate img hello-cloud.gz create 17.761499 s ping 30.009644 s ssh 30.213345 s destroy 5.422882 s","Success"
"inca","uc-hotel","nimbus-create-publicvm","5729662","5729661","5463207","2012-07-10T13:01:35.000-04:00","Success","","cloud-create cloudcreate img hello-cloud.gz create 29.153088 s ping 30.009374 s ssh 30.213509 s destroy 5.047556 s","Success"
"inca","uc-hotel","nimbus-create-publicvm","5738341","5738340","5463207","2012-07-11T13:01:39.000-04:00","Success","","cloud-create cloudcreate img hello-cloud.gz create 31.2231 s ping 30.012172 s ssh 30.213298 s destroy 5.998499 s","Success"
"inca","uc-hotel","nimbus-create-publicvm","5746936","5746934","5463207","2012-07-12T13:00:01.000-04:00","Success","Command '/home/inca/nimbus-cloud-client-021/bin/cloud-client.sh --conf /home/inca/nimbus-cloud-client-021/conf/hotel.conf --run --name hello-cloud.gz --hours 1' failed "Error occurred during initialization of VM
Could not reserve enough space for object heap
Could not create the Java virtual machine.
"","","Success"
"inca","uc-hotel","nimbus-create-publicvm","5755365","5746934","5463207","2012-07-13T13:00:01.000-04:00","Success","Command '/home/inca/nimbus-cloud-client-021/bin/cloud-client.sh --conf /home/inca/nimbus-cloud-client-021/conf/hotel.conf --run --name hello-cloud.gz --hours 1' failed "Error occurred during initialization of VM
Could not reserve enough space for object heap
Could not create the Java virtual machine.
"","","Success"
"inca","uc-hotel","nimbus-create-publicvm","5768317","5768316","5463207","2012-07-16T13:01:25.000-04:00","Success","","cloud-create cloudcreate img hello-cloud.gz create 18.448059 s ping 30.010698 s ssh 30.213572 s destroy 5.28775 s","Success"
"inca","uc-hotel","nimbus-create-publicvm","5776746","5746934","5463207","2012-07-17T13:00:00.000-04:00","Success","Command '/home/inca/nimbus-cloud-client-021/bin/cloud-client.sh --conf /home/inca/nimbus-cloud-client-021/conf/hotel.conf --run --name hello-cloud.gz --hours 1' failed "Error occurred during initialization of VM
Could not reserve enough space for object heap
Could not create the Java virtual machine.
"","","Success"
"inca","uc-hotel","nimbus-create-publicvm","5785175","5746934","5463207","2012-07-18T13:00:01.000-04:00","Success","Command '/home/inca/nimbus-cloud-client-021/bin/cloud-client.sh --conf /home/inca/nimbus-cloud-client-021/conf/hotel.conf --run --name hello-cloud.gz --hours 1' failed "Error occurred during initialization of VM
Could not reserve enough space for object heap
Could not create the Java virtual machine.
"","","Success"
"inca","uc-hotel","nimbus-create-publicvm","5793652","5793651","5463207","2012-07-19T13:01:25.000-04:00","Success","","cloud-create cloudcreate img hello-cloud.gz create 18.638777 s ping 30.010191 s ssh 30.215836 s destroy 5.277078 s","Success"
"inca","uc-hotel","nimbus-create-publicvm","5802049","5746934","5463207","2012-07-20T13:00:00.000-04:00","Success","Command '/home/inca/nimbus-cloud-client-021/bin/cloud-client.sh --conf /home/inca/nimbus-cloud-client-021/conf/hotel.conf --run --name hello-cloud.gz --hours 1' failed "Error occurred during initialization of VM
Could not reserve enough space for object heap
Could not create the Java virtual machine.
"","","Success"
"inca","uc-hotel","nimbus-create-publicvm","5810497","5810496","5463207","2012-07-21T13:01:27.000-04:00","Success","","cloud-create cloudcreate img hello-cloud.gz create 20.291194 s ping 30.009443 s ssh 30.223981 s destroy 5.089204 s","Success"
"inca","uc-hotel","nimbus-create-publicvm","5818968","5818967","5463207","2012-07-22T13:01:35.000-04:00","Success","","cloud-create cloudcreate img hello-cloud.gz create 28.402647 s ping 30.010298 s ssh 30.214151 s destroy 5.128246 s","Success"
"inca","uc-hotel","nimbus-create-publicvm","5827425","5827424","5463207","2012-07-23T13:01:26.000-04:00","Success","","cloud-create cloudcreate img hello-cloud.gz create 20.208914 s ping 30.010236 s ssh 30.211898 s destroy 5.033777 s","Success"
"inca","uc-hotel","nimbus-create-publicvm","5835905","5746934","5463207","2012-07-24T13:00:01.000-04:00","Success","Command '/home/inca/nimbus-cloud-client-021/bin/cloud-client.sh --conf /home/inca/nimbus-cloud-client-021/conf/hotel.conf --run --name hello-cloud.gz --hours 1' failed "Error occurred during initialization of VM
Could not reserve enough space for object heap
Could not create the Java virtual machine.
"","","Success"
"inca","uc-hotel","nimbus-create-publicvm","5852823","5852822","5463207","2012-07-26T13:01:27.000-04:00","Success","","cloud-create cloudcreate img hello-cloud.gz create 20.396122 s ping 30.011622 s ssh 30.224784 s destroy 5.153992 s","Success"
"inca","uc-hotel","nimbus-create-publicvm","5861312","5861311","5463207","2012-07-27T13:01:34.000-04:00","Success","","cloud-create cloudcreate img hello-cloud.gz create 27.94708 s ping 30.011883 s ssh 30.22427 s destroy 5.122352 s","Success"
"inca","uc-hotel","nimbus-create-publicvm","5869734","5869733","5463207","2012-07-28T13:00:01.000-04:00","Failure","Command '/home/inca/nimbus-cloud-client-021/bin/cloud-client.sh --conf /home/inca/nimbus-cloud-client-021/conf/hotel.conf --run --name hello-cloud.gz --hours 1' failed "Error occurred during initialization of VM
Cannot create VM thread. Out of system resources. occurred during initialization of VM
Cannot create VM thread. Out of system resources.
"inca","uc-hotel","nimbus-create-publicvm","5878228","5878227","5463207","2012-07-29T13:01:29.000-04:00","Success","","cloud-create cloudcreate img hello-cloud.gz create 22.90687 s ping 30.009837 s ssh 30.221205 s destroy 4.974433 s","Success"
"inca","uc-hotel","nimbus-create-publicvm","5886755","5886754","5463207","2012-07-30T13:01:26.000-04:00","Success","","cloud-create cloudcreate img hello-cloud.gz create 20.356562 s ping 30.010859 s ssh 30.223142 s destroy 5.026898 s","Success"
"inca","uc-hotel","nimbus-create-publicvm","5903665","5903663","5463207","2012-08-01T13:00:01.000-04:00","Success","DOWNTIME:2059: Command '/home/inca/nimbus-cloud-client-021/bin/cloud-client.sh --conf /home/inca/nimbus-cloud-client-021/conf/hotel.conf --run --name hello-cloud.gz --hours 1' failed "Error occurred during initialization of VM
Could not reserve enough space for object heap
Could not create the Java virtual machine.
"","","Success"
"inca","uc-hotel","nimbus-create-publicvm","5912156","5912155","5463207","2012-08-02T13:00:06.000-04:00","Failure","DOWNTIME:2059: Command '/home/inca/nimbus-cloud-client-021/bin/cloud-client.sh --conf /home/inca/nimbus-cloud-client-021/conf/hotel.conf --run --name hello-cloud.gz --hours 1' failed "Launching workspace.

Workspace Factory Service:
    https://svc.uc.futuregrid.org:8443/wsrf/services/WorkspaceFactoryService

Creating workspace "vm-123"...
Problem: Resource request denied: Error creating workspace(s): Your request is for too much time (60), the maximum reserved at once is 1 minutes.  You currently have 0 other reserved minutes.

Problem running 'vm-123'."","","Failure:errorMessage errorMessage errorMessage errorMessage"
"inca","uc-hotel","nimbus-create-publicvm","5920744","5920743","5463207","2012-08-03T13:01:28.000-04:00","Success","","cloud-create cloudcreate img hello-cloud.gz create 20.889106 s ping 30.010716 s ssh 30.229767 s destroy 5.468569 s","Success"
"inca","uc-hotel","nimbus-create-publicvm","5929182","5929181","5463207","2012-08-04T13:01:30.000-04:00","Success","","cloud-create cloudcreate img hello-cloud.gz create 23.293546 s ping 30.010968 s ssh 30.22253 s destroy 5.889488 s","Success"
"inca","uc-hotel","nimbus-create-publicvm","5937642","5937641","5463207","2012-08-05T13:01:39.000-04:00","Success","","cloud-create cloudcreate img hello-cloud.gz create 33.094247 s ping 30.011216 s ssh 30.299535 s destroy 5.094733 s","Success"
"inca","uc-hotel","nimbus-create-publicvm","5946081","5946080","5463207","2012-08-06T13:01:29.000-04:00","Success","","cloud-create cloudcreate img hello-cloud.gz create 22.407903 s ping 30.010818 s ssh 30.224546 s destroy 5.257682 s","Success"
"inca","uc-hotel","nimbus-create-publicvm","5954398","5954397","5463207","2012-08-07T13:00:03.000-04:00","Failure","DOWNTIME:2143: Command '/home/inca/nimbus-cloud-client-021/bin/cloud-client.sh --conf /home/inca/nimbus-cloud-client-021/conf/hotel.conf --run --name hello-cloud.gz --hours 1' failed "Problem: Problem with image name 'hello-cloud.gz': org.jets3t.service.S3ServiceException: Request Error. GET '/Repo/VMS%2F230dad9e-dc84-11df-90d7-02215ecdc393%2Fhello-cloud.gz'"","","Failure:errorMessage errorMessage errorMessage errorMessage"
"inca","uc-hotel","nimbus-create-publicvm","5961836","5493283","5463207","2012-08-08T13:00:03.000-04:00","Failure","Command '/home/inca/nimbus-cloud-client-021/bin/cloud-client.sh --conf /home/inca/nimbus-cloud-client-021/conf/hotel.conf --run --name hello-cloud.gz --hours 1' failed "Problem: Problem with image name 'hello-cloud.gz': org.jets3t.service.S3ServiceException: Request Error. GET '/Repo/VMS%2F230dad9e-dc84-11df-90d7-02215ecdc393%2Fhello-cloud.gz'"","","Failure:errorMessage errorMessage errorMessage errorMessage"
"inca","uc-hotel","nimbus-create-publicvm","5970056","5746934","5463207","2012-08-09T13:00:01.000-04:00","Success","Command '/home/inca/nimbus-cloud-client-021/bin/cloud-client.sh --conf /home/inca/nimbus-cloud-client-021/conf/hotel.conf --run --name hello-cloud.gz --hours 1' failed "Error occurred during initialization of VM
Could not reserve enough space for object heap
Could not create the Java virtual machine.
"","","Success""inca","uc-hotel","nimbus-create-publicvm","5987114","5987113","5463207","2012-08-12T13:01:39.000-04:00","Success","","cloud-create cloudcreate img hello-cloud.gz create 31.579797 s ping 30.010746 s ssh 30.221462 s destroy 5.138815 s","Success"
"inca","uc-hotel","nimbus-create-publicvm","5995351","5995350","5463207","2012-08-13T13:00:01.000-04:00","Failure","Command '/home/inca/nimbus-cloud-client-021/bin/cloud-client.sh --conf /home/inca/nimbus-cloud-client-021/conf/hotel.conf --run --name hello-cloud.gz --hours 1' failed "Error occurred during initialization of VM
java.lang.OutOfMemoryError: unable to create new native thread occurred during initialization of VM
java.lang.OutOfMemoryError: unable to create new native thread
"inca","uc-hotel","nimbus-create-publicvm","6003712","6003711","5463207","2012-08-14T13:01:39.000-04:00","Success","","cloud-create cloudcreate img hello-cloud.gz create 30.890897 s ping 30.014271 s ssh 30.225181 s destroy 6.583974 s","Success"
"inca","uc-hotel","nimbus-create-publicvm","6012053","6012052","5463207","2012-08-15T13:01:23.000-04:00","Success","","cloud-create cloudcreate img hello-cloud.gz create 15.696827 s ping 30.011846 s ssh 30.225838 s destroy 5.315743 s","Success"
"inca","uc-hotel","nimbus-create-publicvm","6020177","5746934","5463207","2012-08-16T13:00:01.000-04:00","Success","Command '/home/inca/nimbus-cloud-client-021/bin/cloud-client.sh --conf /home/inca/nimbus-cloud-client-021/conf/hotel.conf --run --name hello-cloud.gz --hours 1' failed "Error occurred during initialization of VM
Could not reserve enough space for object heap
Could not create the Java virtual machine.
"","","Success"
"inca","uc-hotel","nimbus-create-publicvm","6028312","6028311","5463207","2012-08-17T13:01:25.000-04:00","Success","","cloud-create cloudcreate img hello-cloud.gz create 17.819275 s ping 30.012099 s ssh 30.220978 s destroy 5.150645 s","Success"
"inca","uc-hotel","nimbus-create-publicvm","6036595","5746934","5463207","2012-08-18T13:00:01.000-04:00","Success","Command '/home/inca/nimbus-cloud-client-021/bin/cloud-client.sh --conf /home/inca/nimbus-cloud-client-021/conf/hotel.conf --run --name hello-cloud.gz --hours 1' failed "Error occurred during initialization of VM
Could not reserve enough space for object heap
Could not create the Java virtual machine.
"","","Success"
"inca","uc-hotel","nimbus-create-publicvm","6044817","5746934","5463207","2012-08-19T13:00:01.000-04:00","Success","Command '/home/inca/nimbus-cloud-client-021/bin/cloud-client.sh --conf /home/inca/nimbus-cloud-client-021/conf/hotel.conf --run --name hello-cloud.gz --hours 1' failed "Error occurred during initialization of VM
Could not reserve enough space for object heap
Could not create the Java virtual machine.
"","","Success"
"inca","uc-hotel","nimbus-create-publicvm","6053126","5746934","5463207","2012-08-20T13:00:00.000-04:00","Success","Command '/home/inca/nimbus-cloud-client-021/bin/cloud-client.sh --conf /home/inca/nimbus-cloud-client-021/conf/hotel.conf --run --name hello-cloud.gz --hours 1' failed "Error occurred during initialization of VM
Could not reserve enough space for object heap
Could not create the Java virtual machine.
"","","Success"
"inca","uc-hotel","nimbus-create-publicvm","6067524","5746934","5463207","2012-08-22T13:00:00.000-04:00","Success","Command '/home/inca/nimbus-cloud-client-021/bin/cloud-client.sh --conf /home/inca/nimbus-cloud-client-021/conf/hotel.conf --run --name hello-cloud.gz --hours 1' failed "Error occurred during initialization of VM
Could not reserve enough space for object heap
Could not create the Java virtual machine.
"","","Success"
"inca","uc-hotel","nimbus-create-publicvm","6075904","5493283","5463207","2012-08-23T13:00:06.000-04:00","Failure","Command '/home/inca/nimbus-cloud-client-021/bin/cloud-client.sh --conf /home/inca/nimbus-cloud-client-021/conf/hotel.conf --run --name hello-cloud.gz --hours 1' failed "Launching workspace.

Workspace Factory Service:
    https://svc.uc.futuregrid.org:8443/wsrf/services/WorkspaceFactoryService

Creating workspace "vm-139"...
Problem: Resource request denied: Error creating workspace(s): network 'public' is not currently available

Problem running 'vm-139'."","","Failure:errorMessage errorMessage errorMessage errorMessage"
"inca","uc-hotel","nimbus-create-publicvm","6081044","6081043","5463207","2012-08-24T13:01:29.000-04:00","Success","","cloud-create cloudcreate img hello-cloud.gz create 22.560438 s ping 30.010601 s ssh 30.224451 s destroy 4.982464 s","Success"
"inca","uc-hotel","nimbus-create-publicvm","6089364","5746934","5463207","2012-08-25T13:00:01.000-04:00","Success","Command '/home/inca/nimbus-cloud-client-021/bin/cloud-client.sh --conf /home/inca/nimbus-cloud-client-021/conf/hotel.conf --run --name hello-cloud.gz --hours 1' failed "Error occurred during initialization of VM
Could not reserve enough space for object heap
Could not create the Java virtual machine.
"","","Success"
"inca","uc-hotel","nimbus-create-publicvm","6097723","5746934","5463207","2012-08-26T13:00:01.000-04:00","Success","Command '/home/inca/nimbus-cloud-client-021/bin/cloud-client.sh --conf /home/inca/nimbus-cloud-client-021/conf/hotel.conf --run --name hello-cloud.gz --hours 1' failed "Error occurred during initialization of VM
Could not reserve enough space for object heap
Could not create the Java virtual machine.
"","","Success"
"inca","uc-hotel","nimbus-create-publicvm","6106036","5746934","5463207","2012-08-27T13:00:01.000-04:00","Success","Command '/home/inca/nimbus-cloud-client-021/bin/cloud-client.sh --conf /home/inca/nimbus-cloud-client-021/conf/hotel.conf --run --name hello-cloud.gz --hours 1' failed "Error occurred during initialization of VM
Could not reserve enough space for object heap
Could not create the Java virtual machine.
"","","Success"
"inca","uc-hotel","nimbus-create-publicvm","6114442","6114441","5463207","2012-08-28T13:01:32.000-04:00","Success","","cloud-create cloudcreate img hello-cloud.gz create 25.161664 s ping 30.011381 s ssh 30.224588 s destroy 4.855256 s","Success"
"inca","uc-hotel","nimbus-create-publicvm","6122937","6122936","5463207","2012-08-29T13:01:29.000-04:00","Success","","cloud-create cloudcreate img hello-cloud.gz create 22.422946 s ping 30.011551 s ssh 30.222362 s destroy 5.085077 s","Success"
"inca","uc-hotel","nimbus-create-publicvm","6139676","6139675","5463207","2012-08-31T13:01:32.000-04:00","Success","","cloud-create cloudcreate img hello-cloud.gz create 24.819977 s ping 30.010761 s ssh 30.225887 s destroy 5.269673 s","Success"
"inca","uc-hotel","nimbus-create-publicvm","6148052","6148051","5463207","2012-09-01T13:01:28.000-04:00","Success","","cloud-create cloudcreate img hello-cloud.gz create 21.048528 s ping 30.014506 s ssh 30.224251 s destroy 5.180191 s","Success"
"inca","uc-hotel","nimbus-create-publicvm","6156137","5746934","5463207","2012-09-02T13:00:01.000-04:00","Success","Command '/home/inca/nimbus-cloud-client-021/bin/cloud-client.sh --conf /home/inca/nimbus-cloud-client-021/conf/hotel.conf --run --name hello-cloud.gz --hours 1' failed "Error occurred during initialization of VM
Could not reserve enough space for object heap
Could not create the Java virtual machine.
"","","Success"
"inca","uc-hotel","nimbus-create-publicvm","6167577","5746934","5463207","2012-09-04T13:00:01.000-04:00","Success","Command '/home/inca/nimbus-cloud-client-021/bin/cloud-client.sh --conf /home/inca/nimbus-cloud-client-021/conf/hotel.conf --run --name hello-cloud.gz --hours 1' failed "Error occurred during initialization of VM
Could not reserve enough space for object heap
Could not create the Java virtual machine.
"","","Success"
"inca","uc-hotel","nimbus-create-publicvm","6175945","5746934","5463207","2012-09-05T13:00:01.000-04:00","Success","Command '/home/inca/nimbus-cloud-client-021/bin/cloud-client.sh --conf /home/inca/nimbus-cloud-client-021/conf/hotel.conf --run --name hello-cloud.gz --hours 1' failed "Error occurred during initialization of VM
Could not reserve enough space for object heap
Could not create the Java virtual machine.
"","","Success"
"inca","uc-hotel","nimbus-create-publicvm","6184332","6184331","5463207","2012-09-06T13:01:30.000-04:00","Success","","cloud-create cloudcreate img hello-cloud.gz create 23.070506 s ping 30.012298 s ssh 30.233375 s destroy 5.272735 s","Success"
"inca","uc-hotel","nimbus-create-publicvm","6192633","5746934","5463207","2012-09-07T13:00:01.000-04:00","Success","Command '/home/inca/nimbus-cloud-client-021/bin/cloud-client.sh --conf /home/inca/nimbus-cloud-client-021/conf/hotel.conf --run --name hello-cloud.gz --hours 1' failed "Error occurred during initialization of VM
Could not reserve enough space for object heap
Could not create the Java virtual machine.
"","","Success"
"inca","uc-hotel","nimbus-create-publicvm","6200940","6200939","5463207","2012-09-08T13:00:00.000-04:00","Failure","Command '/home/inca/nimbus-cloud-client-021/bin/cloud-client.sh --conf /home/inca/nimbus-cloud-client-021/conf/hotel.conf --run --name hello-cloud.gz --hours 1' failed with exit code 0","","Failure:errorMessage errorMessage errorMessage errorMessage"
"inca","uc-hotel","nimbus-create-publicvm","6217897","5746934","5463207","2012-09-11T13:00:01.000-04:00","Success","Command '/home/inca/nimbus-cloud-client-021/bin/cloud-client.sh --conf /home/inca/nimbus-cloud-client-021/conf/hotel.conf --run --name hello-cloud.gz --hours 1' failed "Error occurred during initialization of VM
Could not reserve enough space for object heap
Could not create the Java virtual machine.
"","","Success"
"inca","uc-hotel","nimbus-create-publicvm","6229540","5746934","5463207","2012-09-12T13:00:00.000-04:00","Success","Command '/home/inca/nimbus-cloud-client-021/bin/cloud-client.sh --conf /home/inca/nimbus-cloud-client-021/conf/hotel.conf --run --name hello-cloud.gz --hours 1' failed "Error occurred during initialization of VM
Could not reserve enough space for object heap
Could not create the Java virtual machine.
"","","Success"
"inca","uc-hotel","nimbus-create-publicvm","6229542","5746934","5463207","2012-09-12T13:00:01.000-04:00","Success","Command '/home/inca/nimbus-cloud-client-021/bin/cloud-client.sh --conf /home/inca/nimbus-cloud-client-021/conf/hotel.conf --run --name hello-cloud.gz --hours 1' failed "Error occurred during initialization of VM
Could not reserve enough space for object heap
Could not create the Java virtual machine.
"","","Success"
"inca","uc-hotel","nimbus-create-publicvm","6238192","6238191","5463207","2012-09-13T13:01:42.000-04:00","Success","","cloud-create cloudcreate img hello-cloud.gz create 31.165688 s ping 30.011169 s ssh 30.229335 s destroy 6.472342 s","Success"
"inca","uc-hotel","nimbus-create-publicvm","6247188","6247187","5463207","2012-09-14T13:02:15.000-04:00","Success","","cloud-create cloudcreate img hello-cloud.gz create 26.37265 s ping 30.65572 s ssh 60.558074 s destroy 9.645231 s","Success"
"inca","uc-hotel","nimbus-create-publicvm","6256064","6256063","5463207","2012-09-15T13:01:45.000-04:00","Success","","cloud-create cloudcreate img hello-cloud.gz create 31.710293 s ping 30.011052 s ssh 30.226437 s destroy 5.881702 s","Success"
"inca","uc-hotel","nimbus-create-publicvm","6289452","5493283","5463207","2012-09-19T13:00:16.000-04:00","Failure","Command '/home/inca/nimbus-cloud-client-021/bin/cloud-client.sh --conf /home/inca/nimbus-cloud-client-021/conf/hotel.conf --run --name hello-cloud.gz --hours 1' failed "Launching workspace.

Workspace Factory Service:
    https://svc.uc.futuregrid.org:8443/wsrf/services/WorkspaceFactoryService

Creating workspace "vm-152"...
Problem: Resource request denied: Error creating workspace(s): No resource is available for this request (based on memory).

Problem running 'vm-152'."","","Failure:errorMessage errorMessage errorMessage errorMessage"
"inca","uc-hotel","nimbus-create-publicvm","6298062","5493283","5463207","2012-09-20T13:00:11.000-04:00","Failure","Command '/home/inca/nimbus-cloud-client-021/bin/cloud-client.sh --conf /home/inca/nimbus-cloud-client-021/conf/hotel.conf --run --name hello-cloud.gz --hours 1' failed "Launching workspace.

Workspace Factory Service:
    https://svc.uc.futuregrid.org:8443/wsrf/services/WorkspaceFactoryService

Creating workspace "vm-154"...
Problem: Resource request denied: Error creating workspace(s): No resource is available for this request (based on memory).

Problem running 'vm-154'."","","Failure:errorMessage errorMessage errorMessage errorMessage"
"inca","uc-hotel","nimbus-create-publicvm","6304579","5493283","5463207","2012-09-21T13:00:22.000-04:00","Failure","Command '/home/inca/nimbus-cloud-client-021/bin/cloud-client.sh --conf /home/inca/nimbus-cloud-client-021/conf/hotel.conf --run --name hello-cloud.gz --hours 1' failed "Launching workspace.

Workspace Factory Service:
    https://svc.uc.futuregrid.org:8443/wsrf/services/WorkspaceFactoryService

Creating workspace "vm-156"...
Problem: Resource request denied: Error creating workspace(s): No resource is available for this request (based on memory).

Problem running 'vm-156'."","","Failure:errorMessage errorMessage errorMessage errorMessage"
"inca","uc-hotel","nimbus-create-publicvm","6312814","6312813","5463207","2012-09-22T13:01:34.000-04:00","Success","","cloud-create cloudcreate img hello-cloud.gz create 25.963321 s ping 30.011114 s ssh 30.231986 s destroy 5.998226 s","Success"
"inca","uc-hotel","nimbus-create-publicvm","6325261","6325260","5463207","2012-09-24T13:01:36.000-04:00","Success","","cloud-create cloudcreate img hello-cloud.gz create 27.595457 s ping 30.011487 s ssh 30.231085 s destroy 6.554172 s","Success"
"inca","uc-hotel","nimbus-create-publicvm","6331878","6331877","5463207","2012-09-26T13:01:38.000-04:00","Success","","cloud-create cloudcreate img hello-cloud.gz create 25.2427 s ping 30.012703 s ssh 30.231568 s destroy 11.63038 s","Success"
"inca","uc-hotel","nimbus-create-publicvm","6338061","6338060","5463207","2012-09-27T13:01:31.000-04:00","Success","","cloud-create cloudcreate img hello-cloud.gz create 22.854959 s ping 30.010573 s ssh 30.23364 s destroy 6.442425 s","Success"
"inca","uc-hotel","nimbus-create-publicvm","6352948","6352947","5463207","2012-09-30T13:01:40.000-04:00","Success","","cloud-create cloudcreate img hello-cloud.gz create 31.766449 s ping 30.011345 s ssh 30.237965 s destroy 6.127493 s","Success"
"inca","uc-hotel","nimbus-create-publicvm","6360362","6360361","5463207","2012-10-01T13:01:37.000-04:00","Success","","cloud-create cloudcreate img hello-cloud.gz create 29.333027 s ping 30.009508 s ssh 30.228804 s destroy 6.227961 s","Success"
"inca","uc-hotel","nimbus-create-publicvm","6367965","6367964","5463207","2012-10-02T13:01:25.000-04:00","Success","","cloud-create cloudcreate img hello-cloud.gz create 17.571897 s ping 30.010701 s ssh 30.232297 s destroy 6.046775 s","Success"
"inca","uc-hotel","nimbus-create-publicvm","6375454","6375453","5463207","2012-10-03T13:01:30.000-04:00","Success","","cloud-create cloudcreate img hello-cloud.gz create 20.719023 s ping 30.011867 s ssh 30.231049 s destroy 7.301955 s","Success"
"inca","uc-hotel","nimbus-create-publicvm","6387777","6387776","5463207","2012-10-05T13:01:32.000-04:00","Success","","cloud-create cloudcreate img hello-cloud.gz create 22.556981 s ping 30.011534 s ssh 30.252742 s destroy 7.552595 s","Success"
"inca","uc-hotel","nimbus-create-publicvm","6395382","6395381","5463207","2012-10-09T13:00:05.000-04:00","Failure","DOWNTIME:2241: Command '/home/inca/nimbus-cloud-client-021/bin/cloud-client.sh --conf /home/inca/nimbus-cloud-client-021/conf/hotel.conf --run --name hello-cloud.gz --hours 1' failed "Problem: Problem with image name 'hello-cloud.gz': org.jets3t.service.S3ServiceException: Request Error. GET '/Repo/VMS%2F230dad9e-dc84-11df-90d7-02215ecdc393%2Fhello-cloud.gz'"","","Failure:errorMessage errorMessage errorMessage errorMessage"
"inca","uc-hotel","nimbus-create-publicvm","6398942","6398941","5463207","2012-10-10T00:04:40.000-04:00","Success","","cloud-create cloudcreate img hello-cloud.gz create 17.084139 s ping 30.010968 s ssh 30.23168 s destroy 12.018118 s","Success"
"inca","uc-hotel","nimbus-create-publicvm","6401079","6401078","5463207","2012-10-10T13:01:29.000-04:00","Success","","cloud-create cloudcreate img hello-cloud.gz create 22.162177 s ping 30.01208 s ssh 30.231882 s destroy 6.086157 s","Success"
"inca","uc-hotel","nimbus-create-publicvm","6412834","6412833","5463207","2012-10-12T13:01:49.000-04:00","Success","","cloud-create cloudcreate img hello-cloud.gz create 29.713784 s ping 30.208196 s ssh 31.965631 s destroy 9.483209 s","Success"
"inca","uc-hotel","nimbus-create-publicvm","6420473","6420472","5463207","2012-10-13T13:01:30.000-04:00","Success","","cloud-create cloudcreate img hello-cloud.gz create 22.725589 s ping 30.014098 s ssh 30.230515 s destroy 5.979849 s","Success"
"inca","uc-hotel","nimbus-create-publicvm","6427956","6427955","5463207","2012-10-14T13:01:28.000-04:00","Success","","cloud-create cloudcreate img hello-cloud.gz create 20.366133 s ping 30.011714 s ssh 30.230768 s destroy 6.145461 s","Success"
"inca","uc-hotel","nimbus-create-publicvm","6435542","6435541","5463207","2012-10-15T13:01:29.000-04:00","Success","","cloud-create cloudcreate img hello-cloud.gz create 20.075903 s ping 30.011715 s ssh 30.233336 s destroy 6.810519 s","Success"
"inca","uc-hotel","nimbus-create-publicvm","6440481","6440480","5463207","2012-10-16T13:01:40.000-04:00","Success","","cloud-create cloudcreate img hello-cloud.gz create 29.996154 s ping 30.011361 s ssh 30.280312 s destroy 9.017741 s","Success"
"inca","uc-hotel","nimbus-create-publicvm","6448454","6448453","5463207","2012-10-17T13:01:28.000-04:00","Success","","cloud-create cloudcreate img hello-cloud.gz create 20.273379 s ping 30.013145 s ssh 30.232487 s destroy 6.250086 s","Success"
"inca","uc-hotel","nimbus-create-publicvm","6464402","6464401","5463207","2012-10-19T13:01:29.000-04:00","Success","","cloud-create cloudcreate img hello-cloud.gz create 18.567667 s ping 30.011803 s ssh 30.232753 s destroy 8.580003 s","Success"
"inca","uc-hotel","nimbus-create-publicvm","6478529","6478528","5463207","2012-10-21T13:01:31.000-04:00","Success","","cloud-create cloudcreate img hello-cloud.gz create 23.548794 s ping 30.012178 s ssh 30.229537 s destroy 6.042891 s","Success"
"inca","uc-hotel","nimbus-create-publicvm","6487985","6487984","5463207","2012-10-23T13:01:33.000-04:00","Success","","cloud-create cloudcreate img hello-cloud.gz create 25.2387 s ping 30.011377 s ssh 30.230441 s destroy 6.597452 s","Success"
"inca","uc-hotel","nimbus-create-publicvm","6510945","6510944","5463207","2012-10-26T13:01:28.000-04:00","Success","","cloud-create cloudcreate img hello-cloud.gz create 21.207891 s ping 30.012052 s ssh 30.231685 s destroy 5.842355 s","Success"
"inca","uc-hotel","nimbus-create-publicvm","6526777","6526776","5463207","2012-10-28T13:01:27.000-04:00","Success","","cloud-create cloudcreate img hello-cloud.gz create 19.249796 s ping 30.011178 s ssh 30.231395 s destroy 6.295761 s","Success"
"inca","uc-hotel","nimbus-create-publicvm","6550135","6550134","5463207","2012-10-31T13:01:28.000-04:00","Success","","cloud-create cloudcreate img hello-cloud.gz create 20.586153 s ping 30.010947 s ssh 30.231314 s destroy 6.218557 s","Success"
"inca","uc-hotel","nimbus-create-publicvm","6557813","6557812","5463207","2012-11-01T13:02:37.000-04:00","Success","","cloud-create cloudcreate img hello-cloud.gz create 77.821694 s ping 30.011498 s ssh 30.232166 s destroy 18.415584 s","Success"
"inca","uc-hotel","nimbus-create-publicvm","6573200","6573199","5463207","2012-11-03T13:01:31.000-04:00","Success","","cloud-create cloudcreate img hello-cloud.gz create 23.549273 s ping 30.010967 s ssh 30.23184 s destroy 6.044183 s","Success"
"inca","uc-hotel","nimbus-create-publicvm","6588648","6588647","5463207","2012-11-06T13:01:49.000-05:00","Success","","cloud-create cloudcreate img hello-cloud.gz create 33.106212 s ping 30.572111 s ssh 30.294876 s destroy 13.791365 s","Success"
"inca","uc-hotel","nimbus-create-publicvm","6595097","6595096","5463207","2012-11-07T13:01:28.000-05:00","Success","","cloud-create cloudcreate img hello-cloud.gz create 20.777528 s ping 30.011145 s ssh 30.232997 s destroy 6.226008 s","Success"
"inca","uc-hotel","nimbus-create-publicvm","6602667","6602666","5463207","2012-11-08T13:01:27.000-05:00","Success","","cloud-create cloudcreate img hello-cloud.gz create 19.610677 s ping 30.011311 s ssh 30.225334 s destroy 6.162328 s","Success""inca","uc-hotel","nimbus-create-publicvm","6617810","6617809","5463207","2012-11-10T13:01:31.000-05:00","Success","","cloud-create cloudcreate img hello-cloud.gz create 23.466654 s ping 30.011669 s ssh 30.233319 s destroy 6.244316 s","Success"
"inca","uc-hotel","nimbus-create-publicvm","6625392","6625391","5463207","2012-11-11T13:01:28.000-05:00","Success","","cloud-create cloudcreate img hello-cloud.gz create 20.664747 s ping 30.010939 s ssh 30.23055 s destroy 6.504347 s","Success"
"inca","uc-hotel","nimbus-create-publicvm","6632963","6632962","5463207","2012-11-12T13:01:30.000-05:00","Success","","cloud-create cloudcreate img hello-cloud.gz create 21.705205 s ping 30.011596 s ssh 30.230389 s destroy 6.701214 s","Success"
"inca","uc-hotel","nimbus-create-publicvm","6640770","6640769","5463207","2012-11-13T13:01:31.000-05:00","Success","","cloud-create cloudcreate img hello-cloud.gz create 22.93574 s ping 30.011636 s ssh 30.322847 s destroy 6.686171 s","Success"
"inca","uc-hotel","nimbus-create-publicvm","6663466","6663465","5463207","2012-11-16T13:01:31.000-05:00","Success","","cloud-create cloudcreate img hello-cloud.gz create 22.935031 s ping 30.012103 s ssh 30.229828 s destroy 6.32146 s","Success"
"inca","uc-hotel","nimbus-create-publicvm","6671104","6671103","5463207","2012-11-17T13:01:29.000-05:00","Success","","cloud-create cloudcreate img hello-cloud.gz create 21.496285 s ping 30.011286 s ssh 30.265814 s destroy 6.849293 s","Success"
"inca","uc-hotel","nimbus-create-publicvm","6694183","6694182","5463207","2012-11-20T13:01:29.000-05:00","Success","","cloud-create cloudcreate img hello-cloud.gz create 22.033275 s ping 30.011915 s ssh 30.232686 s destroy 6.337294 s","Success"
"inca","uc-hotel","nimbus-create-publicvm","6707868","6707867","5463207","2012-11-24T13:01:31.000-05:00","Success","","cloud-create cloudcreate img hello-cloud.gz create 22.88121 s ping 30.010738 s ssh 30.229634 s destroy 6.173907 s","Success"
"inca","uc-hotel","nimbus-create-publicvm","6715753","6715752","5463207","2012-11-25T13:01:48.000-05:00","Success","","cloud-create cloudcreate img hello-cloud.gz create 35.847443 s ping 30.010784 s ssh 30.333048 s destroy 10.917453 s","Success"
"inca","uc-hotel","nimbus-create-publicvm","6723632","6723631","5463207","2012-11-26T13:01:37.000-05:00","Success","","cloud-create cloudcreate img hello-cloud.gz create 29.19602 s ping 30.061377 s ssh 30.228698 s destroy 6.300757 s","Success"
"inca","uc-hotel","nimbus-create-publicvm","6731550","6731549","5463207","2012-11-27T13:01:32.000-05:00","Success","","cloud-create cloudcreate img hello-cloud.gz create 23.017213 s ping 30.011907 s ssh 30.227808 s destroy 6.63068 s","Success"
"inca","uc-hotel","nimbus-create-publicvm","6739399","6739398","5463207","2012-11-28T13:01:42.000-05:00","Success","","cloud-create cloudcreate img hello-cloud.gz create 32.671582 s ping 30.011569 s ssh 30.23454 s destroy 8.222489 s","Success"
"inca","uc-hotel","nimbus-create-publicvm","6747371","6747370","5463207","2012-11-29T13:01:32.000-05:00","Success","","cloud-create cloudcreate img hello-cloud.gz create 23.041946 s ping 30.010313 s ssh 30.715017 s destroy 7.36685 s","Success"
"inca","uc-hotel","nimbus-create-publicvm","6754984","6754983","5463207","2012-11-30T13:01:33.000-05:00","Success","","cloud-create cloudcreate img hello-cloud.gz create 24.856851 s ping 30.011113 s ssh 30.235314 s destroy 6.228899 s","Success"
"inca","uc-hotel","nimbus-create-publicvm","6762567","6762566","5463207","2012-12-01T13:01:38.000-05:00","Success","","cloud-create cloudcreate img hello-cloud.gz create 29.90041 s ping 30.012926 s ssh 30.230905 s destroy 6.081263 s","Success"
"inca","uc-hotel","nimbus-create-publicvm","6770156","6770155","5463207","2012-12-02T13:01:31.000-05:00","Success","","cloud-create cloudcreate img hello-cloud.gz create 23.120016 s ping 30.011972 s ssh 30.231986 s destroy 6.355789 s","Success"
"inca","uc-hotel","nimbus-create-publicvm","6777757","6777756","5463207","2012-12-03T13:01:36.000-05:00","Success","","cloud-create cloudcreate img hello-cloud.gz create 28.181964 s ping 30.010818 s ssh 30.231634 s destroy 6.452661 s","Success"
"inca","uc-hotel","nimbus-create-publicvm","6785182","6785181","5463207","2012-12-04T13:01:30.000-05:00","Success","","cloud-create cloudcreate img hello-cloud.gz create 21.902903 s ping 30.011412 s ssh 30.231939 s destroy 6.54418 s","Success"
"inca","uc-hotel","nimbus-create-publicvm","6792547","6792546","5463207","2012-12-05T13:01:28.000-05:00","Success","","cloud-create cloudcreate img hello-cloud.gz create 20.26035 s ping 30.011158 s ssh 30.23314 s destroy 6.127917 s","Success"
"inca","uc-hotel","nimbus-create-publicvm","6800185","6800184","5463207","2012-12-06T13:01:32.000-05:00","Success","","cloud-create cloudcreate img hello-cloud.gz create 23.25541 s ping 30.011811 s ssh 30.303866 s destroy 7.399894 s","Success"
"inca","uc-hotel","nimbus-create-publicvm","6807809","6807808","5463207","2012-12-07T13:01:27.000-05:00","Success","","cloud-create cloudcreate img hello-cloud.gz create 18.57482 s ping 30.011977 s ssh 30.234535 s destroy 6.246558 s","Success"
"inca","uc-hotel","nimbus-create-publicvm","6823094","6823093","5463207","2012-12-09T13:01:33.000-05:00","Success","","cloud-create cloudcreate img hello-cloud.gz create 17.562039 s ping 30.011211 s ssh 30.228836 s destroy 13.486674 s","Success"
"inca","uc-hotel","nimbus-create-publicvm","6861343","6861342","5463207","2012-12-14T13:01:28.000-05:00","Success","","cloud-create cloudcreate img hello-cloud.gz create 20.999319 s ping 30.01138 s ssh 30.306293 s destroy 6.382166 s","Success"
"inca","uc-hotel","nimbus-create-publicvm","6866890","6866889","5463207","2012-12-15T13:01:49.000-05:00","Success","","cloud-create cloudcreate img hello-cloud.gz create 35.988831 s ping 30.039096 s ssh 30.240737 s destroy 9.598755 s","Success"
"inca","uc-hotel","nimbus-create-publicvm","6872723","6872722","5463207","2012-12-16T13:01:29.000-05:00","Success","","cloud-create cloudcreate img hello-cloud.gz create 20.69275 s ping 30.010518 s ssh 30.229619 s destroy 6.276966 s","Success"
"inca","uc-hotel","nimbus-create-publicvm","6880339","6880338","5463207","2012-12-17T13:01:32.000-05:00","Success","","cloud-create cloudcreate img hello-cloud.gz create 22.451914 s ping 30.012825 s ssh 30.408772 s destroy 7.262797 s","Success"
"inca","uc-hotel","nimbus-create-publicvm","6887692","6887691","5463207","2012-12-18T13:01:31.000-05:00","Success","","cloud-create cloudcreate img hello-cloud.gz create 20.728891 s ping 30.011995 s ssh 30.454486 s destroy 9.252867 s","Success"
"inca","uc-hotel","nimbus-create-publicvm","6895238","6895237","5463207","2012-12-19T13:02:40.000-05:00","Success","","cloud-create cloudcreate img hello-cloud.gz create 47.065565 s ping 70.018024 s ssh 30.23481 s destroy 10.546014 s","Success"
"inca","uc-hotel","nimbus-create-publicvm","6902786","6902785","5463207","2012-12-20T13:01:30.000-05:00","Success","","cloud-create cloudcreate img hello-cloud.gz create 20.630581 s ping 30.014084 s ssh 30.235496 s destroy 7.246253 s","Success"
"inca","uc-hotel","nimbus-create-publicvm","6912306","6912305","5463207","2012-12-21T13:01:32.000-05:00","Success","","cloud-create cloudcreate img hello-cloud.gz create 23.866082 s ping 30.011615 s ssh 30.29298 s destroy 7.155809 s","Success"
"inca","uc-hotel","nimbus-create-publicvm","6921945","6921944","5463207","2012-12-22T13:01:32.000-05:00","Success","","cloud-create cloudcreate img hello-cloud.gz create 21.839039 s ping 30.01099 s ssh 30.757017 s destroy 7.809939 s","Success"
"inca","uc-hotel","nimbus-create-publicvm","6931560","6931559","5463207","2012-12-23T13:01:43.000-05:00","Success","","cloud-create cloudcreate img hello-cloud.gz create 21.848618 s ping 30.011844 s ssh 30.534297 s destroy 18.993173 s","Success"
"inca","uc-hotel","nimbus-create-publicvm","6941252","6941251","5463207","2012-12-24T13:01:32.000-05:00","Success","","cloud-create cloudcreate img hello-cloud.gz create 23.671214 s ping 30.01064 s ssh 30.235122 s destroy 6.80424 s","Success"
"inca","uc-hotel","nimbus-create-publicvm","6951048","6951047","5463207","2012-12-25T13:01:30.000-05:00","Success","","cloud-create cloudcreate img hello-cloud.gz create 19.622429 s ping 30.010637 s ssh 30.239694 s destroy 8.752983 s","Success"
"inca","uc-hotel","nimbus-create-publicvm","6960850","6960849","5463207","2012-12-26T13:01:30.000-05:00","Success","","cloud-create cloudcreate img hello-cloud.gz create 20.84884 s ping 30.010959 s ssh 30.236049 s destroy 7.881325 s","Success"
"inca","uc-hotel","nimbus-create-publicvm","6970695","6970694","5463207","2012-12-27T13:01:34.000-05:00","Success","","cloud-create cloudcreate img hello-cloud.gz create 22.688904 s ping 30.010961 s ssh 30.248996 s destroy 10.90754 s","Success"
"inca","uc-hotel","nimbus-create-publicvm","6980524","6980523","5463207","2012-12-28T13:01:31.000-05:00","Success","","cloud-create cloudcreate img hello-cloud.gz create 23.162455 s ping 30.010727 s ssh 30.309124 s destroy 6.316246 s","Success"
"inca","uc-hotel","nimbus-create-publicvm","6990327","6990326","5463207","2012-12-29T13:01:31.000-05:00","Success","","cloud-create cloudcreate img hello-cloud.gz create 21.875887 s ping 30.011184 s ssh 30.263014 s destroy 7.145283 s","Success"
"inca","uc-hotel","nimbus-create-publicvm","7000368","7000367","5463207","2012-12-30T13:01:32.000-05:00","Success","","cloud-create cloudcreate img hello-cloud.gz create 24.07396 s ping 30.01181 s ssh 30.228785 s destroy 6.159597 s","Success"
"inca","uc-hotel","nimbus-create-publicvm","7010369","7010368","5463207","2012-12-31T13:01:29.000-05:00","Success","","cloud-create cloudcreate img hello-cloud.gz create 18.395798 s ping 30.012051 s ssh 30.263423 s destroy 8.737963 s","Success"
"inca","uc-hotel","nimbus-create-publicvm","7020184","7020183","5463207","2013-01-01T13:02:21.000-05:00","Success","","cloud-create cloudcreate img hello-cloud.gz create 28.458203 s ping 70.016109 s ssh 30.458844 s destroy 11.389962 s","Success"
"inca","uc-hotel","nimbus-create-publicvm","7029954","7029953","5463207","2013-01-02T13:01:29.000-05:00","Success","","cloud-create cloudcreate img hello-cloud.gz create 19.52548 s ping 30.011099 s ssh 30.272007 s destroy 8.405335 s","Success"
"inca","uc-hotel","nimbus-create-publicvm","7035398","7035397","5463207","2013-01-03T13:01:44.000-05:00","Success","","cloud-create cloudcreate img hello-cloud.gz create 22.771126 s ping 31.250912 s ssh 30.231535 s destroy 18.64752 s","Success"
"inca","uc-hotel","nimbus-create-publicvm","7042521","7042520","5463207","2013-01-04T13:01:28.000-05:00","Success","","cloud-create cloudcreate img hello-cloud.gz create 17.906108 s ping 30.012438 s ssh 30.223807 s destroy 8.43575 s","Success"
"inca","uc-hotel","nimbus-create-publicvm","7057968","7057967","5463207","2013-01-06T13:01:32.000-05:00","Success","","cloud-create cloudcreate img hello-cloud.gz create 21.090869 s ping 30.011468 s ssh 30.382181 s destroy 9.661642 s","Success"
"inca","uc-hotel","nimbus-create-publicvm","7065701","7065700","5463207","2013-01-07T13:02:17.000-05:00","Success","","cloud-create cloudcreate img hello-cloud.gz create 27.402723 s ping 70.017305 s ssh 30.646693 s destroy 7.604933 s","Success"
"inca","uc-hotel","nimbus-create-publicvm","7073254","7073253","5463207","2013-01-08T13:01:32.000-05:00","Success","","cloud-create cloudcreate img hello-cloud.gz create 22.145308 s ping 30.011071 s ssh 30.225844 s destroy 8.161592 s","Success"
"inca","uc-hotel","nimbus-create-publicvm","7078818","7078817","5463207","2013-01-09T13:01:32.000-05:00","Success","","cloud-create cloudcreate img hello-cloud.gz create 23.210075 s ping 30.011585 s ssh 30.53803 s destroy 6.612879 s","Success"
"inca","uc-hotel","nimbus-create-publicvm","7086797","7086796","5463207","2013-01-10T13:02:37.000-05:00","Success","","cloud-create cloudcreate img hello-cloud.gz create 40.231514 s ping 70.018079 s ssh 30.236834 s destroy 14.563461 s","Success"
"inca","uc-hotel","nimbus-create-publicvm","7094784","7094783","5463207","2013-01-11T13:01:30.000-05:00","Success","","cloud-create cloudcreate img hello-cloud.gz create 20.406212 s ping 30.013893 s ssh 30.356682 s destroy 7.358825 s","Success"
"inca","uc-hotel","nimbus-create-publicvm","7102813","7102812","5463207","2013-01-12T13:01:39.000-05:00","Success","","cloud-create cloudcreate img hello-cloud.gz create 28.497059 s ping 30.011168 s ssh 30.231366 s destroy 7.867997 s","Success"
"inca","uc-hotel","nimbus-create-publicvm","7110838","7110837","5463207","2013-01-13T13:01:31.000-05:00","Success","","cloud-create cloudcreate img hello-cloud.gz create 19.778718 s ping 30.011035 s ssh 30.232442 s destroy 9.000136 s","Success"
"inca","uc-hotel","nimbus-create-publicvm","7118866","7118865","5463207","2013-01-14T13:01:32.000-05:00","Success","","cloud-create cloudcreate img hello-cloud.gz create 23.385071 s ping 30.012001 s ssh 30.279637 s destroy 7.664155 s","Success"
"inca","uc-hotel","nimbus-create-publicvm","7126857","7126855","5463207","2013-01-15T13:01:32.000-05:00","Success","","cloud-create cloudcreate img hello-cloud.gz create 24.519792 s ping 30.012798 s ssh 30.234112 s destroy 6.198207 s","Success"
"inca","uc-hotel","nimbus-create-publicvm","7134919","7134918","5463207","2013-01-16T13:01:29.000-05:00","Success","","cloud-create cloudcreate img hello-cloud.gz create 21.266564 s ping 30.011302 s ssh 30.229497 s destroy 6.414906 s","Success"
"inca","uc-hotel","nimbus-create-publicvm","7142614","7142613","5463207","2013-01-17T13:01:39.000-05:00","Success","","cloud-create cloudcreate img hello-cloud.gz create 30.081393 s ping 30.011258 s ssh 30.229542 s destroy 6.482033 s","Success"
"inca","uc-hotel","nimbus-create-publicvm","7150293","7150292","5463207","2013-01-18T13:01:34.000-05:00","Success","","cloud-create cloudcreate img hello-cloud.gz create 25.899559 s ping 30.011151 s ssh 30.304708 s destroy 6.085923 s","Success"
"inca","uc-hotel","nimbus-create-publicvm","7157952","7157951","5463207","2013-01-19T13:01:27.000-05:00","Success","","cloud-create cloudcreate img hello-cloud.gz create 19.547387 s ping 30.010609 s ssh 30.230399 s destroy 6.436535 s","Success"
"inca","uc-hotel","nimbus-create-publicvm","7165582","7165581","5463207","2013-01-20T13:01:27.000-05:00","Success","","cloud-create cloudcreate img hello-cloud.gz create 18.761471 s ping 30.012047 s ssh 30.230717 s destroy 6.52872 s","Success"
"inca","uc-hotel","nimbus-create-publicvm","7180822","7180821","5463207","2013-01-22T13:01:38.000-05:00","Success","","cloud-create cloudcreate img hello-cloud.gz create 22.637534 s ping 30.01161 s ssh 30.287212 s destroy 10.716315 s","Success"
"inca","uc-hotel","nimbus-create-publicvm","7188476","7188475","5463207","2013-01-23T13:01:28.000-05:00","Success","","cloud-create cloudcreate img hello-cloud.gz create 20.60192 s ping 30.011592 s ssh 30.233349 s destroy 6.546809 s","Success"
"inca","uc-hotel","nimbus-create-publicvm","7196112","7196111","5463207","2013-01-24T13:01:33.000-05:00","Success","","cloud-create cloudcreate img hello-cloud.gz create 23.935069 s ping 30.011762 s ssh 30.572126 s destroy 6.180392 s","Success"
"inca","uc-hotel","nimbus-create-publicvm","7203755","7203754","5463207","2013-01-25T13:01:30.000-05:00","Success","","cloud-create cloudcreate img hello-cloud.gz create 22.553736 s ping 30.013799 s ssh 30.232881 s destroy 6.438765 s","Success"
"inca","uc-hotel","nimbus-create-publicvm","7211420","7211419","5463207","2013-01-26T13:01:32.000-05:00","Success","","cloud-create cloudcreate img hello-cloud.gz create 23.760264 s ping 30.010989 s ssh 30.230904 s destroy 6.719226 s","Success"
"inca","uc-hotel","nimbus-create-publicvm","7219090","7219089","5463207","2013-01-27T13:01:31.000-05:00","Success","","cloud-create cloudcreate img hello-cloud.gz create 23.142492 s ping 30.011727 s ssh 30.233488 s destroy 7.021688 s","Success"
"inca","uc-hotel","nimbus-create-publicvm","7226700","7226699","5463207","2013-01-28T13:01:28.000-05:00","Success","","cloud-create cloudcreate img hello-cloud.gz create 20.444302 s ping 30.010609 s ssh 30.555453 s destroy 5.822401 s","Success"
"inca","uc-hotel","nimbus-create-publicvm","7235447","7235446","7235301","2013-01-29T16:07:23.000-05:00","Success","","cloud-create cloudcreate img hello-cloud.gz create 18.692883 s ping 30.012217 s ssh 30.246936 s destroy 6.516119 s","Success"
"inca","uc-hotel","nimbus-create-publicvm","7238449","7238448","7238156","2013-01-30T00:26:54.000-05:00","Success","","cloud-create cloudcreate img hello-cloud.gz create 16.688871 s ping 30.011997 s ssh 30.232086 s destroy 8.593894 s","Success"
"inca","uc-hotel","nimbus-create-publicvm","7238767","7238766","7238156","2013-01-30T01:16:26.000-05:00","Success","","cloud-create cloudcreate img hello-cloud.gz create 18.54684 s ping 30.011321 s ssh 30.236217 s destroy 6.583116 s","Success"
"inca","uc-hotel","nimbus-create-publicvm","7246868","7246867","7238156","2013-01-31T01:16:28.000-05:00","Success","","cloud-create cloudcreate img hello-cloud.gz create 20.597468 s ping 30.011452 s ssh 30.24131 s destroy 6.569341 s","Success"
"inca","uc-hotel","nimbus-create-publicvm","7254519","7254518","7238156","2013-02-01T01:16:26.000-05:00","Success","","cloud-create cloudcreate img hello-cloud.gz create 17.942271 s ping 30.010854 s ssh 30.231122 s destroy 6.800556 s","Success"
"inca","uc-hotel","nimbus-create-publicvm","7262185","7262184","7238156","2013-02-02T01:16:28.000-05:00","Success","","cloud-create cloudcreate img hello-cloud.gz create 20.39621 s ping 30.012387 s ssh 30.228265 s destroy 6.183622 s","Success"
"inca","uc-hotel","nimbus-create-publicvm","7269854","7269853","7238156","2013-02-03T01:16:27.000-05:00","Success","","cloud-create cloudcreate img hello-cloud.gz create 18.706675 s ping 30.012567 s ssh 30.230592 s destroy 6.922634 s","Success"
"inca","uc-hotel","nimbus-create-publicvm","7277510","7277509","7238156","2013-02-04T01:16:26.000-05:00","Success","","cloud-create cloudcreate img hello-cloud.gz create 17.839811 s ping 30.011737 s ssh 30.23377 s destroy 6.59221 s","Success"
"inca","uc-hotel","nimbus-create-publicvm","7285174","7285173","7238156","2013-02-05T01:16:26.000-05:00","Success","","cloud-create cloudcreate img hello-cloud.gz create 17.750469 s ping 30.011736 s ssh 30.232535 s destroy 6.304991 s","Success"
"inca","uc-hotel","nimbus-create-publicvm","7292461","7292460","7238156","2013-02-06T01:16:32.000-05:00","Success","","cloud-create cloudcreate img hello-cloud.gz create 24.363957 s ping 30.011698 s ssh 30.229802 s destroy 6.829879 s","Success""inca","uc-hotel","nimbus-create-publicvm","7301105","7301104","7238156","2013-02-09T01:16:26.000-05:00","Success","","cloud-create cloudcreate img hello-cloud.gz create 18.41468 s ping 30.010993 s ssh 30.232438 s destroy 6.305865 s","Success"
"inca","uc-hotel","nimbus-create-publicvm","7308812","7308811","7238156","2013-02-10T01:16:26.000-05:00","Success","","cloud-create cloudcreate img hello-cloud.gz create 17.873835 s ping 30.011777 s ssh 30.231971 s destroy 6.692246 s","Success"
"inca","uc-hotel","nimbus-create-publicvm","7316553","7316552","7238156","2013-02-11T01:16:27.000-05:00","Success","","cloud-create cloudcreate img hello-cloud.gz create 18.757481 s ping 30.01029 s ssh 30.230702 s destroy 6.521945 s","Success"
"inca","uc-hotel","nimbus-create-publicvm","7323989","7323988","7238156","2013-02-12T01:16:27.000-05:00","Success","","cloud-create cloudcreate img hello-cloud.gz create 19.044829 s ping 30.010545 s ssh 30.230893 s destroy 6.635894 s","Success"
"inca","uc-hotel","nimbus-create-publicvm","7331267","7331266","7238156","2013-02-13T01:16:27.000-05:00","Success","","cloud-create cloudcreate img hello-cloud.gz create 19.383581 s ping 30.009841 s ssh 30.233698 s destroy 5.924363 s","Success"
"inca","uc-hotel","nimbus-create-publicvm","7338522","7338521","7238156","2013-02-14T01:16:28.000-05:00","Success","","cloud-create cloudcreate img hello-cloud.gz create 19.788116 s ping 30.011996 s ssh 30.231098 s destroy 6.530256 s","Success"
"inca","uc-hotel","nimbus-create-publicvm","7345790","7345789","7238156","2013-02-15T01:16:25.000-05:00","Success","","cloud-create cloudcreate img hello-cloud.gz create 17.043106 s ping 30.011509 s ssh 30.25222 s destroy 6.849613 s","Success"
"inca","uc-hotel","nimbus-create-publicvm","7353087","7353086","7238156","2013-02-16T01:16:26.000-05:00","Success","","cloud-create cloudcreate img hello-cloud.gz create 18.387878 s ping 30.010205 s ssh 30.233217 s destroy 6.617596 s","Success"
"inca","uc-hotel","nimbus-create-publicvm","7360387","7360386","7238156","2013-02-17T01:16:26.000-05:00","Success","","cloud-create cloudcreate img hello-cloud.gz create 17.769928 s ping 30.01095 s ssh 30.231896 s destroy 6.689266 s","Success"
"inca","uc-hotel","nimbus-create-publicvm","7367687","7367686","7238156","2013-02-18T01:16:26.000-05:00","Success","","cloud-create cloudcreate img hello-cloud.gz create 17.673116 s ping 30.01106 s ssh 30.29501 s destroy 6.486793 s","Success"
"inca","uc-hotel","nimbus-create-publicvm","7374996","7374995","7238156","2013-02-19T01:16:30.000-05:00","Success","","cloud-create cloudcreate img hello-cloud.gz create 17.730739 s ping 30.013376 s ssh 30.315563 s destroy 11.336805 s","Success"
"inca","uc-hotel","nimbus-create-publicvm","7382348","7382347","7238156","2013-02-20T01:16:28.000-05:00","Success","","cloud-create cloudcreate img hello-cloud.gz create 18.038206 s ping 30.011139 s ssh 30.233326 s destroy 8.807942 s","Success"
"inca","uc-hotel","nimbus-create-publicvm","7389642","7389641","7238156","2013-02-21T01:16:26.000-05:00","Success","","cloud-create cloudcreate img hello-cloud.gz create 18.025008 s ping 30.012621 s ssh 30.232733 s destroy 6.641416 s","Success"
"inca","uc-hotel","nimbus-create-publicvm","7396929","7396928","7238156","2013-02-22T01:16:25.000-05:00","Success","","cloud-create cloudcreate img hello-cloud.gz create 17.847569 s ping 30.010643 s ssh 30.231391 s destroy 6.517902 s","Success"
"inca","uc-hotel","nimbus-create-publicvm","7404347","7404346","7238156","2013-02-23T01:16:28.000-05:00","Success","","cloud-create cloudcreate img hello-cloud.gz create 19.318685 s ping 30.011373 s ssh 30.234912 s destroy 6.508933 s","Success"
"inca","uc-hotel","nimbus-create-publicvm","7411928","7411927","7238156","2013-02-24T01:16:29.000-05:00","Success","","cloud-create cloudcreate img hello-cloud.gz create 19.880809 s ping 30.012338 s ssh 30.494809 s destroy 7.864309 s","Success"
"inca","uc-hotel","nimbus-create-publicvm","7419483","7419482","7238156","2013-02-25T01:16:28.000-05:00","Success","","cloud-create cloudcreate img hello-cloud.gz create 19.05086 s ping 30.013722 s ssh 30.230217 s destroy 6.04284 s","Success"
"inca","uc-hotel","nimbus-create-publicvm","7426879","7426878","7238156","2013-02-26T01:16:27.000-05:00","Success","","cloud-create cloudcreate img hello-cloud.gz create 18.662154 s ping 30.011602 s ssh 30.308484 s destroy 6.351504 s","Success"
"inca","uc-hotel","nimbus-create-publicvm","7433932","7433931","7238156","2013-02-27T01:16:26.000-05:00","Success","","cloud-create cloudcreate img hello-cloud.gz create 17.144498 s ping 30.011698 s ssh 30.23347 s destroy 6.857135 s","Success"
"inca","uc-hotel","nimbus-create-publicvm","7439588","7439587","7238156","2013-02-28T01:16:28.000-05:00","Success","","cloud-create cloudcreate img hello-cloud.gz create 19.851284 s ping 30.012427 s ssh 30.465316 s destroy 6.648431 s","Success"
"inca","uc-hotel","nimbus-create-publicvm","7447075","7447074","7238156","2013-03-01T01:16:26.000-05:00","Success","","cloud-create cloudcreate img hello-cloud.gz create 17.93701 s ping 30.010798 s ssh 30.283641 s destroy 6.209919 s","Success"
"inca","uc-hotel","nimbus-create-publicvm","7454850","7454849","7238156","2013-03-02T01:16:25.000-05:00","Success","","cloud-create cloudcreate img hello-cloud.gz create 17.44213 s ping 30.011123 s ssh 30.237013 s destroy 6.184613 s","Success"
"inca","uc-hotel","nimbus-create-publicvm","7462611","7462610","7238156","2013-03-03T01:16:27.000-05:00","Success","","cloud-create cloudcreate img hello-cloud.gz create 18.393891 s ping 30.011731 s ssh 30.2337 s destroy 6.38301 s","Success"
"inca","uc-hotel","nimbus-create-publicvm","7470349","7470348","7238156","2013-03-04T01:16:28.000-05:00","Success","","cloud-create cloudcreate img hello-cloud.gz create 18.721748 s ping 30.011152 s ssh 30.547854 s destroy 6.524027 s","Success"
"inca","uc-hotel","nimbus-create-publicvm","7478157","7478156","7238156","2013-03-05T01:16:28.000-05:00","Success","","cloud-create cloudcreate img hello-cloud.gz create 18.977081 s ping 30.011316 s ssh 30.231903 s destroy 6.637377 s","Success"
"inca","uc-hotel","nimbus-create-publicvm","7485729","7485728","7238156","2013-03-06T01:16:38.000-05:00","Success","","cloud-create cloudcreate img hello-cloud.gz create 27.740459 s ping 30.010794 s ssh 30.22949 s destroy 8.791342 s","Success"
"inca","uc-hotel","nimbus-create-publicvm","7493070","7493069","7238156","2013-03-07T01:16:29.000-05:00","Success","","cloud-create cloudcreate img hello-cloud.gz create 22.04838 s ping 30.011312 s ssh 30.238953 s destroy 6.165549 s","Success"
"inca","uc-hotel","nimbus-create-publicvm","7507392","7507391","7238156","2013-03-09T01:16:35.000-05:00","Success","","cloud-create cloudcreate img hello-cloud.gz create 25.955161 s ping 30.010837 s ssh 30.224355 s destroy 7.653849 s","Success"
"inca","uc-hotel","nimbus-create-publicvm","7514733","7514732","7238156","2013-03-10T01:16:27.000-05:00","Success","","cloud-create cloudcreate img hello-cloud.gz create 19.592439 s ping 30.011237 s ssh 30.228888 s destroy 6.05725 s","Success"
"inca","uc-hotel","nimbus-create-publicvm","7521913","7521912","7238156","2013-03-11T01:16:30.000-04:00","Success","","cloud-create cloudcreate img hello-cloud.gz create 21.676013 s ping 30.01074 s ssh 30.233388 s destroy 5.779336 s","Success"
"inca","uc-hotel","nimbus-create-publicvm","7529367","7529366","7238156","2013-03-12T01:16:28.000-04:00","Success","","cloud-create cloudcreate img hello-cloud.gz create 20.04248 s ping 30.011598 s ssh 30.247383 s destroy 6.314717 s","Success"
"inca","uc-hotel","nimbus-create-publicvm","7536607","7536606","7238156","2013-03-13T01:16:28.000-04:00","Success","","cloud-create cloudcreate img hello-cloud.gz create 20.217075 s ping 30.011671 s ssh 30.232571 s destroy 6.195005 s","Success"
"inca","uc-hotel","nimbus-create-publicvm","7543698","7543697","7238156","2013-03-14T01:16:28.000-04:00","Success","","cloud-create cloudcreate img hello-cloud.gz create 20.172909 s ping 30.010386 s ssh 30.226893 s destroy 6.672016 s","Success"
"inca","uc-hotel","nimbus-create-publicvm","7550994","7550993","7238156","2013-03-15T01:16:27.000-04:00","Success","","cloud-create cloudcreate img hello-cloud.gz create 19.039414 s ping 30.010684 s ssh 30.232927 s destroy 6.470221 s","Success"
"inca","uc-hotel","nimbus-create-publicvm","7558406","7558405","7238156","2013-03-16T01:16:32.000-04:00","Success","","cloud-create cloudcreate img hello-cloud.gz create 24.13035 s ping 30.011915 s ssh 30.281709 s destroy 6.451318 s","Success"
"inca","uc-hotel","nimbus-create-publicvm","7565766","7565765","7238156","2013-03-17T01:16:28.000-04:00","Success","","cloud-create cloudcreate img hello-cloud.gz create 19.943904 s ping 30.011156 s ssh 30.226678 s destroy 6.053183 s","Success"
"inca","uc-hotel","nimbus-create-publicvm","7573120","7573119","7238156","2013-03-18T01:16:28.000-04:00","Success","","cloud-create cloudcreate img hello-cloud.gz create 19.908188 s ping 30.011064 s ssh 30.230065 s destroy 6.905085 s","Success"
"inca","uc-hotel","nimbus-create-publicvm","7580473","7580472","7238156","2013-03-19T01:16:29.000-04:00","Success","","cloud-create cloudcreate img hello-cloud.gz create 22.301097 s ping 30.010901 s ssh 30.231307 s destroy 6.086766 s","Success"
"inca","uc-hotel","nimbus-create-publicvm","7587635","7587634","7238156","2013-03-20T01:16:28.000-04:00","Success","","cloud-create cloudcreate img hello-cloud.gz create 20.699598 s ping 30.011139 s ssh 30.227666 s destroy 5.928078 s","Success"
"inca","uc-hotel","nimbus-create-publicvm","7597460","7597459","7238156","2013-03-21T01:15:10.000-04:00","Failure","Command '/home/inca/nimbus-cloud-client-021/bin/cloud-client.sh --conf /home/inca/nimbus-cloud-client-021/conf/hotel.conf --run --name hello-cloud.gz --hours 1' failed "Launching workspace.
Problem: Could not create directory '/home/inca/nimbus-cloud-client-021/history/vm-351'"","","Failure:errorMessage errorMessage errorMessage errorMessage"
"inca","uc-hotel","nimbus-create-publicvm","7597482","7597481","7238156","2013-03-21T01:16:33.000-04:00","Success","","cloud-create cloudcreate img hello-cloud.gz create 26.075313 s ping 30.011035 s ssh 30.22967 s destroy 5.979519 s","Success"
"inca","uc-hotel","nimbus-create-publicvm","7606617","7606616","7238156","2013-03-22T01:16:27.000-04:00","Success","","cloud-create cloudcreate img hello-cloud.gz create 19.530285 s ping 30.01136 s ssh 30.230125 s destroy 6.063026 s","Success"
"inca","uc-hotel","nimbus-create-publicvm","7614164","7614163","7238156","2013-03-23T01:16:27.000-04:00","Success","","cloud-create cloudcreate img hello-cloud.gz create 19.919125 s ping 30.011318 s ssh 30.236805 s destroy 6.131316 s","Success"
"inca","uc-hotel","nimbus-create-publicvm","7621720","7621719","7238156","2013-03-24T01:16:29.000-04:00","Success","","cloud-create cloudcreate img hello-cloud.gz create 22.003755 s ping 30.011525 s ssh 30.23279 s destroy 5.925475 s","Success"
"inca","uc-hotel","nimbus-create-publicvm","7629273","7629272","7238156","2013-03-25T01:16:34.000-04:00","Success","","cloud-create cloudcreate img hello-cloud.gz create 25.579553 s ping 30.010298 s ssh 30.232413 s destroy 6.310987 s","Success"
"inca","uc-hotel","nimbus-create-publicvm","7636848","7636847","7238156","2013-03-26T01:16:31.000-04:00","Success","","cloud-create cloudcreate img hello-cloud.gz create 22.396411 s ping 30.011269 s ssh 30.2802 s destroy 6.180308 s","Success"
"inca","uc-hotel","nimbus-create-publicvm","7641242","7641241","7641137","2013-03-26T14:37:25.000-04:00","Success","","cloud-create cloudcreate img hello-cloud.gz create 22.656377 s ping 30.012414 s ssh 30.23139 s destroy 6.508668 s","Success"
"inca","uc-hotel","nimbus-create-publicvm","7644769","7644768","7641137","2013-03-27T01:25:32.000-04:00","Success","","cloud-create cloudcreate img hello-cloud.gz create 23.714605 s ping 30.01122 s ssh 30.231676 s destroy 6.186644 s","Success"
"inca","uc-hotel","nimbus-create-publicvm","7652420","7652419","7641137","2013-03-28T01:25:32.000-04:00","Success","","cloud-create cloudcreate img hello-cloud.gz create 23.010002 s ping 30.011306 s ssh 30.231506 s destroy 6.121768 s","Success"
"inca","uc-hotel","nimbus-create-publicvm","7660071","7660070","7641137","2013-03-29T01:25:29.000-04:00","Success","","cloud-create cloudcreate img hello-cloud.gz create 20.900789 s ping 30.011987 s ssh 30.230271 s destroy 6.350639 s","Success"
"inca","uc-hotel","nimbus-create-publicvm","7667715","7667714","7641137","2013-03-30T01:25:35.000-04:00","Success","","cloud-create cloudcreate img hello-cloud.gz create 24.654035 s ping 30.012314 s ssh 30.243902 s destroy 7.393888 s","Success"
"inca","uc-hotel","nimbus-create-publicvm","7675292","7675291","7641137","2013-03-31T01:25:34.000-04:00","Success","","cloud-create cloudcreate img hello-cloud.gz create 24.881261 s ping 30.012588 s ssh 30.236974 s destroy 6.563503 s","Success"
"inca","uc-hotel","nimbus-create-publicvm","7682918","7682917","7641137","2013-04-01T01:25:38.000-04:00","Success","","cloud-create cloudcreate img hello-cloud.gz create 29.326046 s ping 30.010631 s ssh 30.236384 s destroy 6.895002 s","Success"
"inca","uc-hotel","nimbus-create-publicvm","7690602","7690601","7641137","2013-04-02T01:25:33.000-04:00","Success","","cloud-create cloudcreate img hello-cloud.gz create 25.472447 s ping 30.011046 s ssh 30.241177 s destroy 6.492134 s","Success"
"inca","uc-hotel","nimbus-create-publicvm","7696908","7696907","7641137","2013-04-03T01:25:46.000-04:00","Success","","cloud-create cloudcreate img hello-cloud.gz create 29.18612 s ping 30.343653 s ssh 30.371681 s destroy 12.426689 s","Success"
"inca","uc-hotel","nimbus-create-publicvm","7703558","7703557","7641137","2013-04-04T01:25:28.000-04:00","Success","","cloud-create cloudcreate img hello-cloud.gz create 18.597858 s ping 30.015776 s ssh 30.231568 s destroy 7.976181 s","Success"
"inca","uc-hotel","nimbus-create-publicvm","7710870","7710869","7641137","2013-04-05T01:34:02.000-04:00","Failure","Command '/home/inca/nimbus-cloud-client-021/bin/cloud-client.sh --conf /home/inca/nimbus-cloud-client-021/conf/hotel.conf --run --name hello-cloud.gz --hours 1' timed out after 600 secs ","","Failure:errorMessage errorMessage errorMessage errorMessage"
"inca","uc-hotel","nimbus-create-publicvm","7718111","7718110","7641137","2013-04-06T01:25:27.000-04:00","Success","","cloud-create cloudcreate img hello-cloud.gz create 18.176157 s ping 30.01539 s ssh 30.232255 s destroy 6.347486 s","Success"
"inca","uc-hotel","nimbus-create-publicvm","7725447","7725446","7641137","2013-04-07T01:25:26.000-04:00","Success","","cloud-create cloudcreate img hello-cloud.gz create 18.759218 s ping 30.011101 s ssh 30.230888 s destroy 5.952983 s","Success"
"inca","uc-hotel","nimbus-create-publicvm","7732768","7732767","7641137","2013-04-08T01:25:28.000-04:00","Success","","cloud-create cloudcreate img hello-cloud.gz create 19.398594 s ping 30.011664 s ssh 30.234911 s destroy 6.428008 s","Success"
"inca","uc-hotel","nimbus-create-publicvm","7738453","7738452","7641137","2013-04-08T20:00:24.000-04:00","Success","","cloud-create cloudcreate img hello-cloud.gz create 14.904592 s ping 30.010962 s ssh 30.231379 s destroy 6.247348 s","Success"
"inca","uc-hotel","nimbus-create-publicvm","7747530","7747529","7641137","2013-04-10T01:25:27.000-04:00","Success","","cloud-create cloudcreate img hello-cloud.gz create 18.476343 s ping 30.010968 s ssh 30.231906 s destroy 6.060089 s","Success"
"inca","uc-hotel","nimbus-create-publicvm","7754923","7710869","7641137","2013-04-11T01:34:02.000-04:00","Failure","Command '/home/inca/nimbus-cloud-client-021/bin/cloud-client.sh --conf /home/inca/nimbus-cloud-client-021/conf/hotel.conf --run --name hello-cloud.gz --hours 1' timed out after 600 secs ","","Failure:errorMessage errorMessage errorMessage errorMessage"
"inca","uc-hotel","nimbus-create-publicvm","7762591","7762590","7641137","2013-04-12T01:25:26.000-04:00","Success","","cloud-create cloudcreate img hello-cloud.gz create 19.042399 s ping 30.013816 s ssh 30.23015 s destroy 6.105693 s","Success"
"inca","uc-hotel","nimbus-create-publicvm","7770517","7770516","7641137","2013-04-13T01:25:26.000-04:00","Success","","cloud-create cloudcreate img hello-cloud.gz create 18.793336 s ping 30.011518 s ssh 30.236267 s destroy 5.832025 s","Success"
"inca","uc-hotel","nimbus-create-publicvm","7778405","7778404","7641137","2013-04-14T01:25:32.000-04:00","Success","","cloud-create cloudcreate img hello-cloud.gz create 23.48195 s ping 30.012335 s ssh 30.305343 s destroy 6.140161 s","Success"
"inca","uc-hotel","nimbus-create-publicvm","7794237","7794236","7641137","2013-04-16T01:25:28.000-04:00","Success","","cloud-create cloudcreate img hello-cloud.gz create 20.539659 s ping 30.013196 s ssh 30.230982 s destroy 5.894839 s","Success"
"inca","uc-hotel","nimbus-create-publicvm","7802125","7802124","7641137","2013-04-17T01:25:29.000-04:00","Success","","cloud-create cloudcreate img hello-cloud.gz create 20.467869 s ping 30.012593 s ssh 30.23926 s destroy 6.379741 s","Success"
"inca","uc-hotel","nimbus-create-publicvm","7810009","7810008","7641137","2013-04-18T01:25:28.000-04:00","Success","","cloud-create cloudcreate img hello-cloud.gz create 18.982883 s ping 30.012076 s ssh 30.230414 s destroy 6.497494 s","Success"
"inca","uc-hotel","nimbus-create-publicvm","7817030","7817029","7641137","2013-04-19T01:25:27.000-04:00","Success","","cloud-create cloudcreate img hello-cloud.gz create 19.690536 s ping 30.011763 s ssh 30.229864 s destroy 5.898776 s","Success"
"inca","uc-hotel","nimbus-create-publicvm","7833358","7833357","7641137","2013-04-21T01:25:29.000-04:00","Success","","cloud-create cloudcreate img hello-cloud.gz create 21.419532 s ping 30.013518 s ssh 30.22512 s destroy 6.192314 s","Success"
"inca","uc-hotel","nimbus-create-publicvm","7841535","7841534","7641137","2013-04-22T01:25:27.000-04:00","Success","","cloud-create cloudcreate img hello-cloud.gz create 18.736893 s ping 30.012653 s ssh 30.241545 s destroy 6.281601 s","Success"
"inca","uc-hotel","nimbus-create-publicvm","7849748","7849747","7641137","2013-04-23T01:25:29.000-04:00","Success","","cloud-create cloudcreate img hello-cloud.gz create 19.727497 s ping 30.011283 s ssh 30.254739 s destroy 7.052905 s","Success"
"inca","uc-hotel","nimbus-create-publicvm","7857257","7857256","7641137","2013-04-24T01:25:26.000-04:00","Success","","cloud-create cloudcreate img hello-cloud.gz create 18.442031 s ping 30.010995 s ssh 30.231541 s destroy 6.372422 s","Success"
"inca","uc-hotel","nimbus-create-publicvm","7864784","7864783","7641137","2013-04-25T01:25:29.000-04:00","Success","","cloud-create cloudcreate img hello-cloud.gz create 20.449734 s ping 30.012083 s ssh 30.231213 s destroy 6.603268 s","Success"
"inca","uc-hotel","nimbus-create-publicvm","7873039","7873038","7641137","2013-04-26T01:25:30.000-04:00","Success","","cloud-create cloudcreate img hello-cloud.gz create 21.51651 s ping 30.011939 s ssh 30.231294 s destroy 6.220197 s","Success"
"inca","uc-hotel","nimbus-create-publicvm","7881378","7881377","7641137","2013-04-27T01:26:20.000-04:00","Success","","cloud-create cloudcreate img hello-cloud.gz create 30.519469 s ping 70.018248 s ssh 30.651823 s destroy 7.94441 s","Success"
"inca","uc-hotel","nimbus-create-publicvm","7889936","7889935","7641137","2013-04-28T01:25:36.000-04:00","Success","","cloud-create cloudcreate img hello-cloud.gz create 24.685514 s ping 30.012688 s ssh 30.231361 s destroy 9.410458 s","Success"
"inca","uc-hotel","nimbus-create-publicvm","7898066","7710869","7641137","2013-04-29T01:34:02.000-04:00","Failure","Command '/home/inca/nimbus-cloud-client-021/bin/cloud-client.sh --conf /home/inca/nimbus-cloud-client-021/conf/hotel.conf --run --name hello-cloud.gz --hours 1' timed out after 600 secs ","","Failure:errorMessage errorMessage errorMessage errorMessage"
"inca","uc-hotel","nimbus-create-publicvm","7906353","7906352","7641137","2013-04-30T01:25:27.000-04:00","Success","","cloud-create cloudcreate img hello-cloud.gz create 19.093214 s ping 30.012374 s ssh 30.230525 s destroy 6.397399 s","Success"
"inca","uc-hotel","nimbus-create-publicvm","7913491","7913490","7641137","2013-04-30T22:05:24.000-04:00","Success","","cloud-create cloudcreate img hello-cloud.gz create 16.364917 s ping 30.010909 s ssh 30.356632 s destroy 6.481359 s","Success"
"inca","uc-hotel","nimbus-create-publicvm","7921483","7921482","7641137","2013-05-01T22:05:31.000-04:00","Success","","cloud-create cloudcreate img hello-cloud.gz create 22.57519 s ping 30.016168 s ssh 30.633537 s destroy 7.382864 s","Success"
"inca","uc-hotel","nimbus-create-publicvm","7929525","7929524","7641137","2013-05-02T22:06:13.000-04:00","Success","","cloud-create cloudcreate img hello-cloud.gz create 25.120607 s ping 70.018456 s ssh 30.495735 s destroy 6.54041 s","Success"
"inca","uc-hotel","nimbus-create-publicvm","7937555","7937554","7641137","2013-05-03T22:06:11.000-04:00","Success","","cloud-create cloudcreate img hello-cloud.gz create 22.287111 s ping 70.017799 s ssh 30.450524 s destroy 7.220869 s","Success"
"inca","uc-hotel","nimbus-create-publicvm","7945555","7945554","7641137","2013-05-04T22:05:32.000-04:00","Success","","cloud-create cloudcreate img hello-cloud.gz create 22.980169 s ping 30.011148 s ssh 30.480876 s destroy 7.478883 s","Success"
"inca","uc-hotel","nimbus-create-publicvm","7953553","7953552","7641137","2013-05-05T22:05:36.000-04:00","Success","","cloud-create cloudcreate img hello-cloud.gz create 27.267288 s ping 30.011673 s ssh 30.287411 s destroy 7.320929 s","Success"
"inca","uc-hotel","nimbus-create-publicvm","7961824","7961823","7641137","2013-05-06T22:05:24.000-04:00","Success","","cloud-create cloudcreate img hello-cloud.gz create 16.063717 s ping 30.011887 s ssh 30.229857 s destroy 6.3234 s","Success"