resource, targetResource, nickname, instanceId, reportId, configId, collected, exit_status, exit_message, body, comparisonResult"tacc-alamo","	","openstack-create-publicvm","7640774","7640773","7640729","2013-03-26T13:33:57.000-04:00","Failure","Can SSH into all VMs but  not able to externally connect from any of the 1 VMs","","Failure:errorMessage errorMessage errorMessage"
"tacc-alamo","	","openstack-create-publicvm","7640864","7640863","7640818","2013-03-26T13:44:10.000-04:00","Success","","cloud-create cloudcreate img ami-0000000a create 62.196505 s ping 30.019142 s warnings 1 ssh 30.947776 s destroy 0.603195 s","Success"
"tacc-alamo","	","openstack-create-publicvm","7641199","7641197","7641142","2013-03-26T14:28:36.000-04:00","Success","","cloud-create cloudcreate img ami-0000000a create 62.218582 s ping 30.032469 s warnings 1 ssh 30.957773 s destroy 0.585014 s","Success"
"tacc-alamo","	","openstack-create-publicvm","7641402","7641401","7641142","2013-03-26T14:56:07.000-04:00","Success","","cloud-create cloudcreate img ami-0000000a create 62.262622 s ping 30.03118 s warnings 1 ssh 30.97004 s destroy 0.594447 s","Success"
"tacc-alamo","	","openstack-create-publicvm","7642372","7642371","7641142","2013-03-26T17:56:07.000-04:00","Success","","cloud-create cloudcreate img ami-0000000a create 62.305757 s ping 30.032927 s warnings 1 ssh 31.069613 s destroy 0.556932 s","Success"
"tacc-alamo","	","openstack-create-publicvm","7643331","7643330","7641142","2013-03-26T20:56:06.000-04:00","Success","","cloud-create cloudcreate img ami-0000000a create 62.208865 s ping 30.033114 s warnings 1 ssh 30.968695 s destroy 0.588826 s","Success"
"tacc-alamo","	","openstack-create-publicvm","7644299","7644298","7641142","2013-03-26T23:56:06.000-04:00","Success","","cloud-create cloudcreate img ami-0000000a create 62.194696 s ping 30.03362 s warnings 1 ssh 30.901553 s destroy 0.597529 s","Success"
"tacc-alamo","	","openstack-create-publicvm","7645263","7645262","7641142","2013-03-27T02:56:06.000-04:00","Success","","cloud-create cloudcreate img ami-0000000a create 62.27522 s ping 30.028366 s warnings 1 ssh 30.916658 s destroy 0.557031 s","Success"
"tacc-alamo","	","openstack-create-publicvm","7646217","7646216","7641142","2013-03-27T05:56:07.000-04:00","Success","","cloud-create cloudcreate img ami-0000000a create 62.25317 s ping 30.044012 s warnings 1 ssh 30.954639 s destroy 0.586667 s","Success"
"tacc-alamo","	","openstack-create-publicvm","7647184","7647183","7641142","2013-03-27T08:56:07.000-04:00","Success","","cloud-create cloudcreate img ami-0000000a create 62.213048 s ping 30.033734 s warnings 1 ssh 30.952443 s destroy 0.630491 s","Success"
"tacc-alamo","	","openstack-create-publicvm","7648127","7648126","7641142","2013-03-27T11:56:07.000-04:00","Success","","cloud-create cloudcreate img ami-0000000a create 62.409578 s ping 30.031787 s warnings 1 ssh 30.983044 s destroy 0.65301 s","Success"
"tacc-alamo","	","openstack-create-publicvm","7649082","7649081","7641142","2013-03-27T14:56:37.000-04:00","Success","","cloud-create cloudcreate img ami-0000000a create 92.585209 s ping 30.033011 s warnings 1 ssh 30.919693 s destroy 0.561321 s","Success"
"tacc-alamo","	","openstack-create-publicvm","7650038","7650037","7641142","2013-03-27T17:56:07.000-04:00","Success","","cloud-create cloudcreate img ami-0000000a create 62.274003 s ping 30.032681 s warnings 1 ssh 30.9704 s destroy 0.56029 s","Success"
"tacc-alamo","	","openstack-create-publicvm","7650991","7650990","7641142","2013-03-27T20:56:07.000-04:00","Success","","cloud-create cloudcreate img ami-0000000a create 62.298497 s ping 30.03407 s warnings 1 ssh 31.001412 s destroy 0.582831 s","Success"
"tacc-alamo","	","openstack-create-publicvm","7651953","7651952","7641142","2013-03-27T23:56:07.000-04:00","Success","","cloud-create cloudcreate img ami-0000000a create 62.23404 s ping 30.032466 s warnings 1 ssh 30.932058 s destroy 0.541574 s","Success"
"tacc-alamo","	","openstack-create-publicvm","7652915","7652914","7641142","2013-03-28T02:56:06.000-04:00","Success","","cloud-create cloudcreate img ami-0000000a create 62.236452 s ping 30.033809 s warnings 1 ssh 31.002228 s destroy 0.555562 s","Success"
"tacc-alamo","	","openstack-create-publicvm","7653865","7653864","7641142","2013-03-28T05:56:08.000-04:00","Success","","cloud-create cloudcreate img ami-0000000a create 62.26084 s ping 30.037633 s warnings 1 ssh 31.051245 s destroy 0.570668 s","Success"
"tacc-alamo","	","openstack-create-publicvm","7654825","7654824","7641142","2013-03-28T08:56:06.000-04:00","Success","","cloud-create cloudcreate img ami-0000000a create 62.224783 s ping 30.035155 s warnings 1 ssh 30.97969 s destroy 0.572416 s","Success"
"tacc-alamo","	","openstack-create-publicvm","7655770","7655769","7641142","2013-03-28T11:56:08.000-04:00","Success","","cloud-create cloudcreate img ami-0000000a create 62.446517 s ping 30.027713 s warnings 1 ssh 31.450191 s destroy 0.580343 s","Success"
"tacc-alamo","	","openstack-create-publicvm","7656727","7656726","7641142","2013-03-28T14:56:06.000-04:00","Success","","cloud-create cloudcreate img ami-0000000a create 62.323192 s ping 30.032182 s warnings 1 ssh 31.004879 s destroy 0.579879 s","Success"
"tacc-alamo","	","openstack-create-publicvm","7657691","7657690","7641142","2013-03-28T17:56:07.000-04:00","Success","","cloud-create cloudcreate img ami-0000000a create 62.274564 s ping 30.032112 s warnings 1 ssh 31.016234 s destroy 0.555432 s","Success"
"tacc-alamo","	","openstack-create-publicvm","7658647","7658645","7641142","2013-03-28T20:56:07.000-04:00","Success","","cloud-create cloudcreate img ami-0000000a create 62.191321 s ping 30.033414 s warnings 1 ssh 31.066521 s destroy 0.539229 s","Success"
"tacc-alamo","	","openstack-create-publicvm","7659601","7659599","7641142","2013-03-28T23:56:06.000-04:00","Success","","cloud-create cloudcreate img ami-0000000a create 62.174396 s ping 30.033329 s warnings 1 ssh 30.97318 s destroy 0.574602 s","Success"
"tacc-alamo","	","openstack-create-publicvm","7660571","7660570","7641142","2013-03-29T02:56:07.000-04:00","Success","","cloud-create cloudcreate img ami-0000000a create 62.65407 s ping 30.021341 s warnings 1 ssh 31.024709 s destroy 0.580127 s","Success"
"tacc-alamo","	","openstack-create-publicvm","7661511","7661510","7641142","2013-03-29T05:56:08.000-04:00","Success","","cloud-create cloudcreate img ami-0000000a create 62.312336 s ping 30.042683 s warnings 1 ssh 31.105515 s destroy 0.905222 s","Success"
"tacc-alamo","	","openstack-create-publicvm","7662476","7662475","7641142","2013-03-29T08:56:07.000-04:00","Success","","cloud-create cloudcreate img ami-0000000a create 62.224332 s ping 30.033586 s warnings 1 ssh 31.010032 s destroy 0.571502 s","Success"
"tacc-alamo","	","openstack-create-publicvm","7663428","7663427","7641142","2013-03-29T11:56:06.000-04:00","Success","","cloud-create cloudcreate img ami-0000000a create 62.343868 s ping 30.034857 s warnings 1 ssh 31.005083 s destroy 0.56355 s","Success"
"tacc-alamo","	","openstack-create-publicvm","7664380","7664378","7641142","2013-03-29T14:56:06.000-04:00","Success","","cloud-create cloudcreate img ami-0000000a create 62.222989 s ping 30.034033 s warnings 1 ssh 31.014473 s destroy 0.521682 s","Success"
"tacc-alamo","	","openstack-create-publicvm","7665338","7665337","7641142","2013-03-29T17:56:06.000-04:00","Success","","cloud-create cloudcreate img ami-0000000a create 62.19398 s ping 30.02974 s warnings 1 ssh 31.08428 s destroy 0.589636 s","Success"
"tacc-alamo","	","openstack-create-publicvm","7666297","7666295","7641142","2013-03-29T20:56:06.000-04:00","Success","","cloud-create cloudcreate img ami-0000000a create 62.197437 s ping 30.033782 s warnings 1 ssh 30.97112 s destroy 0.563169 s","Success"
"tacc-alamo","	","openstack-create-publicvm","7667250","7667249","7641142","2013-03-29T23:56:06.000-04:00","Success","","cloud-create cloudcreate img ami-0000000a create 62.202466 s ping 30.033509 s warnings 1 ssh 31.024138 s destroy 0.674834 s","Success"
"tacc-alamo","	","openstack-create-publicvm","7668215","7668214","7641142","2013-03-30T02:56:06.000-04:00","Success","","cloud-create cloudcreate img ami-0000000a create 62.264793 s ping 30.034558 s warnings 1 ssh 30.949714 s destroy 0.594725 s","Success"
"tacc-alamo","	","openstack-create-publicvm","7669167","7669166","7641142","2013-03-30T05:56:11.000-04:00","Success","","cloud-create cloudcreate img ami-0000000a create 63.937273 s ping 30.045805 s warnings 1 ssh 30.998402 s destroy 2.298879 s","Success"
"tacc-alamo","	","openstack-create-publicvm","7670130","7670129","7641142","2013-03-30T08:56:07.000-04:00","Success","","cloud-create cloudcreate img ami-0000000a create 62.156518 s ping 30.033917 s warnings 1 ssh 31.033486 s destroy 0.655613 s","Success"
"tacc-alamo","	","openstack-create-publicvm","7671066","7671065","7641142","2013-03-30T11:56:06.000-04:00","Success","","cloud-create cloudcreate img ami-0000000a create 62.199615 s ping 30.033924 s warnings 1 ssh 30.965191 s destroy 0.568406 s","Success"
"tacc-alamo","	","openstack-create-publicvm","7671957","7671956","7641142","2013-03-30T14:56:06.000-04:00","Success","","cloud-create cloudcreate img ami-0000000a create 62.185828 s ping 30.029504 s warnings 1 ssh 30.975091 s destroy 0.568328 s","Success"
"tacc-alamo","	","openstack-create-publicvm","7672910","7672909","7641142","2013-03-30T17:56:06.000-04:00","Success","","cloud-create cloudcreate img ami-0000000a create 62.266893 s ping 30.031883 s warnings 1 ssh 30.992588 s destroy 0.570506 s","Success"
"tacc-alamo","	","openstack-create-publicvm","7673868","7673867","7641142","2013-03-30T20:56:06.000-04:00","Success","","cloud-create cloudcreate img ami-0000000a create 62.199997 s ping 30.033594 s warnings 1 ssh 30.985337 s destroy 0.556177 s","Success"
"tacc-alamo","	","openstack-create-publicvm","7674824","7674823","7641142","2013-03-30T23:56:06.000-04:00","Success","","cloud-create cloudcreate img ami-0000000a create 62.199916 s ping 30.02916 s warnings 1 ssh 31.066398 s destroy 0.598663 s","Success"
"tacc-alamo","	","openstack-create-publicvm","7675797","7675796","7641142","2013-03-31T02:56:06.000-04:00","Success","","cloud-create cloudcreate img ami-0000000a create 62.23649 s ping 30.033491 s warnings 1 ssh 30.967215 s destroy 0.554675 s","Success"
"tacc-alamo","	","openstack-create-publicvm","7676740","7676739","7641142","2013-03-31T05:56:08.000-04:00","Success","","cloud-create cloudcreate img ami-0000000a create 62.437908 s ping 30.048546 s warnings 1 ssh 31.056774 s destroy 0.666731 s","Success"
"tacc-alamo","	","openstack-create-publicvm","7677696","7677695","7641142","2013-03-31T08:56:06.000-04:00","Success","","cloud-create cloudcreate img ami-0000000a create 62.325655 s ping 30.029569 s warnings 1 ssh 31.016591 s destroy 0.650967 s","Success"
"tacc-alamo","	","openstack-create-publicvm","7678636","7678635","7641142","2013-03-31T11:56:06.000-04:00","Success","","cloud-create cloudcreate img ami-0000000a create 62.220475 s ping 30.033583 s warnings 1 ssh 31.034988 s destroy 0.573448 s","Success"
"tacc-alamo","	","openstack-create-publicvm","7679587","7679586","7641142","2013-03-31T14:56:06.000-04:00","Success","","cloud-create cloudcreate img ami-0000000a create 62.28944 s ping 30.033199 s warnings 1 ssh 31.093931 s destroy 0.619929 s","Success"
"tacc-alamo","	","openstack-create-publicvm","7680543","7680542","7641142","2013-03-31T17:56:07.000-04:00","Success","","cloud-create cloudcreate img ami-0000000a create 62.211437 s ping 30.034809 s warnings 1 ssh 30.99587 s destroy 0.577797 s","Success"
"tacc-alamo","	","openstack-create-publicvm","7681502","7681501","7641142","2013-03-31T20:56:07.000-04:00","Success","","cloud-create cloudcreate img ami-0000000a create 62.278775 s ping 30.034491 s warnings 1 ssh 31.060192 s destroy 0.639383 s","Success"
"tacc-alamo","	","openstack-create-publicvm","7682456","7682455","7641142","2013-03-31T23:56:06.000-04:00","Success","","cloud-create cloudcreate img ami-0000000a create 62.19336 s ping 30.032183 s warnings 1 ssh 31.00092 s destroy 0.625329 s","Success"
"tacc-alamo","	","openstack-create-publicvm","7683419","7683418","7641142","2013-04-01T02:56:06.000-04:00","Success","","cloud-create cloudcreate img ami-0000000a create 62.329678 s ping 30.034814 s warnings 1 ssh 31.020657 s destroy 0.591117 s","Success"
"tacc-alamo","	","openstack-create-publicvm","7684376","7684375","7641142","2013-04-01T05:56:09.000-04:00","Success","","cloud-create cloudcreate img ami-0000000a create 62.342223 s ping 31.257136 s warnings 1 ssh 31.014266 s destroy 0.753502 s","Success"
"tacc-alamo","	","openstack-create-publicvm","7685345","7685344","7641142","2013-04-01T08:56:09.000-04:00","Success","","cloud-create cloudcreate img ami-0000000a create 62.291592 s ping 30.031989 s warnings 1 ssh 30.995452 s destroy 1.852139 s","Success"
"tacc-alamo","	","openstack-create-publicvm","7686291","7686290","7641142","2013-04-01T11:56:09.000-04:00","Success","","cloud-create cloudcreate img ami-0000000a create 63.321859 s ping 30.533214 s warnings 1 ssh 31.817211 s destroy 0.682707 s","Success"
"tacc-alamo","	","openstack-create-publicvm","7687247","7687246","7641142","2013-04-01T14:56:07.000-04:00","Success","","cloud-create cloudcreate img ami-0000000a create 62.129652 s ping 30.031929 s warnings 1 ssh 30.968628 s destroy 0.56173 s","Success"
"tacc-alamo","	","openstack-create-publicvm","7688219","7688218","7641142","2013-04-01T17:56:06.000-04:00","Success","","cloud-create cloudcreate img ami-0000000a create 62.173055 s ping 30.03108 s warnings 1 ssh 30.98928 s destroy 0.626017 s","Success"
"tacc-alamo","	","openstack-create-publicvm","7689181","7689180","7641142","2013-04-01T20:56:06.000-04:00","Success","","cloud-create cloudcreate img ami-0000000a create 62.33836 s ping 30.033753 s warnings 1 ssh 31.04093 s destroy 0.557588 s","Success"
"tacc-alamo","	","openstack-create-publicvm","7690140","7690139","7641142","2013-04-01T23:56:07.000-04:00","Success","","cloud-create cloudcreate img ami-0000000a create 62.247824 s ping 30.033413 s warnings 1 ssh 31.060607 s destroy 0.664471 s","Success"
"tacc-alamo","	","openstack-create-publicvm","7691103","7691102","7641142","2013-04-02T02:56:07.000-04:00","Success","","cloud-create cloudcreate img ami-0000000a create 62.296813 s ping 30.031755 s warnings 1 ssh 30.978774 s destroy 0.595286 s","Success"
"tacc-alamo","	","openstack-create-publicvm","7692079","7692078","7641142","2013-04-02T05:56:09.000-04:00","Success","","cloud-create cloudcreate img ami-0000000a create 62.292527 s ping 30.044208 s warnings 1 ssh 31.044033 s destroy 0.64601 s","Success"
"tacc-alamo","	","openstack-create-publicvm","7693024","7693023","7641142","2013-04-02T08:56:07.000-04:00","Success","","cloud-create cloudcreate img ami-0000000a create 62.262983 s ping 30.033092 s warnings 1 ssh 31.001732 s destroy 0.57222 s","Success"
"tacc-alamo","	","openstack-create-publicvm","7693829","7693828","7641142","2013-04-02T11:56:07.000-04:00","Success","","cloud-create cloudcreate img ami-0000000a create 62.425057 s ping 30.035122 s warnings 1 ssh 30.998334 s destroy 0.559986 s","Success"
"tacc-alamo","	","openstack-create-publicvm","7694600","7694599","7641142","2013-04-02T14:56:06.000-04:00","Success","","cloud-create cloudcreate img ami-0000000a create 62.364527 s ping 30.031991 s warnings 1 ssh 30.98604 s destroy 0.557665 s","Success"
"tacc-alamo","	","openstack-create-publicvm","7695269","7695268","7641142","2013-04-02T17:56:06.000-04:00","Success","","cloud-create cloudcreate img ami-0000000a create 62.267846 s ping 30.045325 s warnings 1 ssh 30.978523 s destroy 0.61137 s","Success"
"tacc-alamo","	","openstack-create-publicvm","7695920","7695919","7641142","2013-04-02T20:56:06.000-04:00","Success","","cloud-create cloudcreate img ami-0000000a create 62.315375 s ping 30.040925 s warnings 1 ssh 31.023142 s destroy 0.545609 s","Success"
"tacc-alamo","	","openstack-create-publicvm","7696584","7696583","7641142","2013-04-02T23:56:09.000-04:00","Success","","cloud-create cloudcreate img ami-0000000a create 62.340678 s ping 30.046276 s warnings 1 ssh 33.283329 s destroy 0.572759 s","Success"
"tacc-alamo","	","openstack-create-publicvm","7697250","7697249","7641142","2013-04-03T02:56:11.000-04:00","Success","","cloud-create cloudcreate img ami-0000000a create 64.051322 s ping 30.044448 s warnings 1 ssh 31.024753 s destroy 2.889246 s","Success"
"tacc-alamo","	","openstack-create-publicvm","7697898","7697897","7641142","2013-04-03T05:56:07.000-04:00","Success","","cloud-create cloudcreate img ami-0000000a create 62.319186 s ping 30.044216 s warnings 1 ssh 30.978775 s destroy 0.892331 s","Success"
"tacc-alamo","	","openstack-create-publicvm","7698558","7698557","7641142","2013-04-03T08:56:07.000-04:00","Success","","cloud-create cloudcreate img ami-0000000a create 62.223142 s ping 30.034258 s warnings 1 ssh 30.998218 s destroy 0.611916 s","Success"
"tacc-alamo","	","openstack-create-publicvm","7699424","7699423","7641142","2013-04-03T11:56:07.000-04:00","Success","","cloud-create cloudcreate img ami-0000000a create 62.240949 s ping 30.025959 s warnings 1 ssh 30.98204 s destroy 0.65925 s","Success"
"tacc-alamo","	","openstack-create-publicvm","7700333","7700332","7641142","2013-04-03T14:56:07.000-04:00","Success","","cloud-create cloudcreate img ami-0000000a create 62.390735 s ping 30.033345 s warnings 1 ssh 31.020164 s destroy 0.567721 s","Success"
"tacc-alamo","	","openstack-create-publicvm","7701259","7701258","7641142","2013-04-03T17:56:06.000-04:00","Success","","cloud-create cloudcreate img ami-0000000a create 62.24032 s ping 30.03507 s warnings 1 ssh 31.026985 s destroy 0.558969 s","Success"
"tacc-alamo","	","openstack-create-publicvm","7702183","7702182","7641142","2013-04-03T20:56:06.000-04:00","Success","","cloud-create cloudcreate img ami-0000000a create 62.314763 s ping 30.034702 s warnings 1 ssh 30.980354 s destroy 0.596869 s","Success"
"tacc-alamo","	","openstack-create-publicvm","7703105","7703104","7641142","2013-04-03T23:56:07.000-04:00","Success","","cloud-create cloudcreate img ami-0000000a create 62.479205 s ping 30.028351 s warnings 1 ssh 30.985099 s destroy 0.604056 s","Success"
"tacc-alamo","	","openstack-create-publicvm","7704041","7704040","7641142","2013-04-04T02:56:06.000-04:00","Success","","cloud-create cloudcreate img ami-0000000a create 62.199918 s ping 30.033132 s warnings 1 ssh 31.002166 s destroy 0.58015 s","Success"
"tacc-alamo","	","openstack-create-publicvm","7704943","7704942","7641142","2013-04-04T05:56:09.000-04:00","Success","","cloud-create cloudcreate img ami-0000000a create 62.296111 s ping 30.039319 s warnings 1 ssh 30.998453 s destroy 1.984558 s","Success"
"tacc-alamo","	","openstack-create-publicvm","7705862","7705861","7641142","2013-04-04T08:56:06.000-04:00","Success","","cloud-create cloudcreate img ami-0000000a create 62.298682 s ping 30.033327 s warnings 1 ssh 31.039463 s destroy 0.562935 s","Success"
"tacc-alamo","	","openstack-create-publicvm","7706766","7706765","7641142","2013-04-04T11:56:07.000-04:00","Success","","cloud-create cloudcreate img ami-0000000a create 62.31913 s ping 30.03341 s warnings 1 ssh 30.945386 s destroy 0.586475 s","Success"
"tacc-alamo","	","openstack-create-publicvm","7707684","7707683","7641142","2013-04-04T14:56:06.000-04:00","Success","","cloud-create cloudcreate img ami-0000000a create 62.421167 s ping 30.033503 s warnings 1 ssh 30.913605 s destroy 0.564983 s","Success"
"tacc-alamo","	","openstack-create-publicvm","7708597","7708596","7641142","2013-04-04T17:56:06.000-04:00","Success","","cloud-create cloudcreate img ami-0000000a create 62.255659 s ping 30.033489 s warnings 1 ssh 30.981295 s destroy 0.646702 s","Success"
"tacc-alamo","	","openstack-create-publicvm","7709471","7709470","7641142","2013-04-04T20:56:06.000-04:00","Success","","cloud-create cloudcreate img ami-0000000a create 62.261991 s ping 30.033287 s warnings 1 ssh 30.969885 s destroy 0.567565 s","Success"
"tacc-alamo","	","openstack-create-publicvm","7710384","7710383","7641142","2013-04-04T23:56:06.000-04:00","Success","","cloud-create cloudcreate img ami-0000000a create 62.225343 s ping 30.033024 s warnings 1 ssh 30.946759 s destroy 0.572611 s","Success"
"tacc-alamo","	","openstack-create-publicvm","7711291","7711290","7641142","2013-04-05T02:56:06.000-04:00","Success","","cloud-create cloudcreate img ami-0000000a create 62.329965 s ping 30.034254 s warnings 1 ssh 31.027618 s destroy 0.573388 s","Success"
"tacc-alamo","	","openstack-create-publicvm","7712173","7712172","7641142","2013-04-05T05:56:10.000-04:00","Success","","cloud-create cloudcreate img ami-0000000a create 62.258766 s ping 30.031112 s warnings 1 ssh 31.015173 s destroy 2.992129 s","Success"
"tacc-alamo","	","openstack-create-publicvm","7713076","7713075","7641142","2013-04-05T08:56:06.000-04:00","Success","","cloud-create cloudcreate img ami-0000000a create 62.614791 s ping 30.035761 s warnings 1 ssh 30.983719 s destroy 0.60947 s","Success"
"tacc-alamo","	","openstack-create-publicvm","7713988","7713987","7641142","2013-04-05T11:56:07.000-04:00","Success","","cloud-create cloudcreate img ami-0000000a create 62.396089 s ping 30.033071 s warnings 1 ssh 30.988021 s destroy 0.592855 s","Success"
"tacc-alamo","	","openstack-create-publicvm","7714905","7714904","7641142","2013-04-05T14:56:06.000-04:00","Success","","cloud-create cloudcreate img ami-0000000a create 62.369242 s ping 30.035244 s warnings 1 ssh 30.960911 s destroy 0.580546 s","Success"
"tacc-alamo","	","openstack-create-publicvm","7715821","7715820","7641142","2013-04-05T17:56:06.000-04:00","Success","","cloud-create cloudcreate img ami-0000000a create 62.206245 s ping 30.028301 s warnings 1 ssh 30.930647 s destroy 0.5815 s","Success"
"tacc-alamo","	","openstack-create-publicvm","7716747","7716746","7641142","2013-04-05T20:56:07.000-04:00","Success","","cloud-create cloudcreate img ami-0000000a create 62.280399 s ping 30.026015 s warnings 1 ssh 31.006539 s destroy 0.583732 s","Success"
"tacc-alamo","	","openstack-create-publicvm","7717661","7717660","7641142","2013-04-05T23:56:07.000-04:00","Success","","cloud-create cloudcreate img ami-0000000a create 62.186121 s ping 30.033003 s warnings 1 ssh 30.989412 s destroy 0.569981 s","Success"
"tacc-alamo","	","openstack-create-publicvm","7718592","7718591","7641142","2013-04-06T02:56:07.000-04:00","Success","","cloud-create cloudcreate img ami-0000000a create 62.230105 s ping 30.032672 s warnings 1 ssh 30.974784 s destroy 0.548647 s","Success"
"tacc-alamo","	","openstack-create-publicvm","7719500","7719499","7641142","2013-04-06T05:56:09.000-04:00","Success","","cloud-create cloudcreate img ami-0000000a create 62.384018 s ping 30.0455 s warnings 1 ssh 30.999105 s destroy 0.871585 s","Success"
"tacc-alamo","	","openstack-create-publicvm","7720428","7720427","7641142","2013-04-06T08:56:06.000-04:00","Success","","cloud-create cloudcreate img ami-0000000a create 62.21136 s ping 30.021991 s warnings 1 ssh 31.032531 s destroy 0.674034 s","Success"
"tacc-alamo","	","openstack-create-publicvm","7721331","7721330","7641142","2013-04-06T11:56:07.000-04:00","Success","","cloud-create cloudcreate img ami-0000000a create 62.254656 s ping 30.031039 s warnings 1 ssh 31.02352 s destroy 0.61619 s","Success"
"tacc-alamo","	","openstack-create-publicvm","7722249","7722248","7641142","2013-04-06T14:56:06.000-04:00","Success","","cloud-create cloudcreate img ami-0000000a create 62.40668 s ping 30.031357 s warnings 1 ssh 31.056999 s destroy 0.657464 s","Success"
"tacc-alamo","	","openstack-create-publicvm","7723162","7723161","7641142","2013-04-06T17:56:06.000-04:00","Success","","cloud-create cloudcreate img ami-0000000a create 62.331958 s ping 30.035611 s warnings 1 ssh 30.930925 s destroy 0.653013 s","Success"
"tacc-alamo","	","openstack-create-publicvm","7724084","7724083","7641142","2013-04-06T20:56:06.000-04:00","Success","","cloud-create cloudcreate img ami-0000000a create 62.203453 s ping 30.035343 s warnings 1 ssh 30.979919 s destroy 0.565359 s","Success"
"tacc-alamo","	","openstack-create-publicvm","7724999","7724998","7641142","2013-04-06T23:56:07.000-04:00","Success","","cloud-create cloudcreate img ami-0000000a create 62.351408 s ping 30.034989 s warnings 1 ssh 30.983251 s destroy 0.617003 s","Success"
"tacc-alamo","	","openstack-create-publicvm","7725928","7725927","7641142","2013-04-07T02:56:06.000-04:00","Success","","cloud-create cloudcreate img ami-0000000a create 62.264087 s ping 30.034587 s warnings 1 ssh 30.925591 s destroy 0.609552 s","Success"
"tacc-alamo","	","openstack-create-publicvm","7726840","7726839","7641142","2013-04-07T05:56:08.000-04:00","Success","","cloud-create cloudcreate img ami-0000000a create 62.258843 s ping 30.045365 s warnings 1 ssh 31.026932 s destroy 0.579293 s","Success"
"tacc-alamo","	","openstack-create-publicvm","7727765","7727764","7641142","2013-04-07T08:56:08.000-04:00","Success","","cloud-create cloudcreate img ami-0000000a create 62.460029 s ping 30.034177 s warnings 1 ssh 31.002391 s destroy 0.632311 s","Success"
"tacc-alamo","	","openstack-create-publicvm","7728665","7728664","7641142","2013-04-07T11:56:07.000-04:00","Success","","cloud-create cloudcreate img ami-0000000a create 62.199985 s ping 30.033824 s warnings 1 ssh 31.019774 s destroy 0.577364 s","Success"
"tacc-alamo","	","openstack-create-publicvm","7729576","7729575","7641142","2013-04-07T14:56:07.000-04:00","Success","","cloud-create cloudcreate img ami-0000000a create 62.428865 s ping 30.033211 s warnings 1 ssh 30.973301 s destroy 0.662079 s","Success"
"tacc-alamo","	","openstack-create-publicvm","7730488","7730487","7641142","2013-04-07T17:56:06.000-04:00","Success","","cloud-create cloudcreate img ami-0000000a create 62.245118 s ping 30.034927 s warnings 1 ssh 31.033203 s destroy 0.573667 s","Success"
"tacc-alamo","	","openstack-create-publicvm","7731401","7731400","7641142","2013-04-07T20:56:06.000-04:00","Success","","cloud-create cloudcreate img ami-0000000a create 62.312705 s ping 30.023491 s warnings 1 ssh 31.039122 s destroy 0.583575 s","Success"
"tacc-alamo","	","openstack-create-publicvm","7732323","7732322","7641142","2013-04-07T23:56:06.000-04:00","Success","","cloud-create cloudcreate img ami-0000000a create 62.233068 s ping 30.033287 s warnings 1 ssh 30.956297 s destroy 0.579841 s","Success"
"tacc-alamo","	","openstack-create-publicvm","7733248","7733247","7641142","2013-04-08T02:56:07.000-04:00","Success","","cloud-create cloudcreate img ami-0000000a create 62.300845 s ping 30.033531 s warnings 1 ssh 30.983017 s destroy 0.596383 s","Success"
"tacc-alamo","	","openstack-create-publicvm","7734162","7734161","7641142","2013-04-08T05:56:09.000-04:00","Success","","cloud-create cloudcreate img ami-0000000a create 62.827114 s ping 30.039194 s warnings 1 ssh 31.085047 s destroy 0.562994 s","Success"
"tacc-alamo","	","openstack-create-publicvm","7735098","7735097","7641142","2013-04-08T08:56:07.000-04:00","Success","","cloud-create cloudcreate img ami-0000000a create 62.280219 s ping 30.03338 s warnings 1 ssh 31.013576 s destroy 0.638486 s","Success"
"tacc-alamo","	","openstack-create-publicvm","7736011","7736010","7641142","2013-04-08T11:56:09.000-04:00","Success","","cloud-create cloudcreate img ami-0000000a create 62.260235 s ping 30.460526 s warnings 1 ssh 30.9832 s destroy 0.602702 s","Success"
"tacc-alamo","	","openstack-create-publicvm","7736932","7736931","7641142","2013-04-08T14:56:10.000-04:00","Success","","cloud-create cloudcreate img ami-0000000a create 64.492409 s ping 30.048359 s warnings 1 ssh 31.17447 s destroy 0.604002 s","Success"
"tacc-alamo","	","openstack-create-publicvm","7737849","7737848","7641142","2013-04-08T17:56:07.000-04:00","Success","","cloud-create cloudcreate img ami-0000000a create 62.290654 s ping 30.033435 s warnings 1 ssh 31.028292 s destroy 0.662102 s","Success"
"tacc-alamo","	","openstack-create-publicvm","7738457","7738456","7641142","2013-04-08T19:56:03.000-04:00","Success","","cloud-create cloudcreate img ami-0000000a create 62.293556 s ping 30.033626 s warnings 1 ssh 30.99466 s destroy 0.564294 s","Success"
"tacc-alamo","	","openstack-create-publicvm","7738757","7738756","7641142","2013-04-08T20:56:06.000-04:00","Success","","cloud-create cloudcreate img ami-0000000a create 62.403141 s ping 30.029071 s warnings 1 ssh 30.952287 s destroy 0.588209 s","Success"
"tacc-alamo","	","openstack-create-publicvm","7739672","7739671","7641142","2013-04-08T23:56:06.000-04:00","Success","","cloud-create cloudcreate img ami-0000000a create 62.495278 s ping 30.021694 s warnings 1 ssh 30.992212 s destroy 0.591695 s","Success""tacc-alamo","	","openstack-create-publicvm","7740605","7740604","7641142","2013-04-09T02:56:06.000-04:00","Success","","cloud-create cloudcreate img ami-0000000a create 62.242039 s ping 30.034288 s warnings 1 ssh 31.047594 s destroy 0.539173 s","Success"
"tacc-alamo","	","openstack-create-publicvm","7741530","7741529","7641142","2013-04-09T05:56:11.000-04:00","Success","","cloud-create cloudcreate img ami-0000000a create 62.344773 s ping 30.044865 s warnings 1 ssh 31.55825 s destroy 0.62742 s","Success"
"tacc-alamo","	","openstack-create-publicvm","7742466","7742465","7641142","2013-04-09T08:56:07.000-04:00","Success","","cloud-create cloudcreate img ami-0000000a create 62.251512 s ping 30.033695 s warnings 1 ssh 30.954019 s destroy 0.549399 s","Success"
"tacc-alamo","	","openstack-create-publicvm","7743381","7743380","7641142","2013-04-09T11:56:06.000-04:00","Success","","cloud-create cloudcreate img ami-0000000a create 62.258437 s ping 30.034089 s warnings 1 ssh 30.977528 s destroy 0.594054 s","Success"
"tacc-alamo","	","openstack-create-publicvm","7744307","7744306","7641142","2013-04-09T14:56:06.000-04:00","Success","","cloud-create cloudcreate img ami-0000000a create 62.247572 s ping 30.031459 s warnings 1 ssh 30.931381 s destroy 0.586109 s","Success"
"tacc-alamo","	","openstack-create-publicvm","7745233","7745232","7641142","2013-04-09T17:56:07.000-04:00","Success","","cloud-create cloudcreate img ami-0000000a create 62.200309 s ping 30.034133 s warnings 1 ssh 30.974271 s destroy 0.555149 s","Success"
"tacc-alamo","	","openstack-create-publicvm","7746153","7746152","7641142","2013-04-09T20:56:06.000-04:00","Success","","cloud-create cloudcreate img ami-0000000a create 62.283087 s ping 30.033673 s warnings 1 ssh 30.952693 s destroy 0.588066 s","Success"
"tacc-alamo","	","openstack-create-publicvm","7747075","7747074","7641142","2013-04-09T23:56:07.000-04:00","Success","","cloud-create cloudcreate img ami-0000000a create 62.32895 s ping 30.034 s warnings 1 ssh 31.111292 s destroy 0.611478 s","Success"
"tacc-alamo","	","openstack-create-publicvm","7748014","7748013","7641142","2013-04-10T02:56:06.000-04:00","Success","","cloud-create cloudcreate img ami-0000000a create 62.301955 s ping 30.034113 s warnings 1 ssh 30.998249 s destroy 0.57604 s","Success"
"tacc-alamo","	","openstack-create-publicvm","7748929","7748928","7641142","2013-04-10T05:56:09.000-04:00","Success","","cloud-create cloudcreate img ami-0000000a create 63.80065 s ping 30.03993 s warnings 1 ssh 31.019181 s destroy 0.606878 s","Success"
"tacc-alamo","	","openstack-create-publicvm","7749859","7749858","7641142","2013-04-10T08:56:06.000-04:00","Success","","cloud-create cloudcreate img ami-0000000a create 62.480125 s ping 30.023347 s warnings 1 ssh 30.966728 s destroy 0.620235 s","Success"
"tacc-alamo","	","openstack-create-publicvm","7750768","7750767","7641142","2013-04-10T11:56:06.000-04:00","Success","","cloud-create cloudcreate img ami-0000000a create 62.305868 s ping 30.034369 s warnings 1 ssh 31.077733 s destroy 0.600422 s","Success"
"tacc-alamo","	","openstack-create-publicvm","7751684","7751683","7641142","2013-04-10T14:56:07.000-04:00","Success","","cloud-create cloudcreate img ami-0000000a create 62.507146 s ping 30.03358 s warnings 1 ssh 31.010937 s destroy 0.583129 s","Success"
"tacc-alamo","	","openstack-create-publicvm","7752599","7752598","7641142","2013-04-10T17:56:07.000-04:00","Success","","cloud-create cloudcreate img ami-0000000a create 62.243974 s ping 30.032475 s warnings 1 ssh 31.019814 s destroy 0.669372 s","Success"
"tacc-alamo","	","openstack-create-publicvm","7753533","7753532","7641142","2013-04-10T20:56:06.000-04:00","Success","","cloud-create cloudcreate img ami-0000000a create 62.28098 s ping 30.033339 s warnings 1 ssh 30.942157 s destroy 0.559763 s","Success"
"tacc-alamo","	","openstack-create-publicvm","7754438","7754437","7641142","2013-04-10T23:56:07.000-04:00","Success","","cloud-create cloudcreate img ami-0000000a create 62.22598 s ping 30.033849 s warnings 1 ssh 30.890617 s destroy 0.566285 s","Success"
"tacc-alamo","	","openstack-create-publicvm","7755351","7755350","7641142","2013-04-11T02:56:06.000-04:00","Success","","cloud-create cloudcreate img ami-0000000a create 62.193629 s ping 30.034217 s warnings 1 ssh 30.964602 s destroy 0.5781 s","Success"
"tacc-alamo","	","openstack-create-publicvm","7756246","7756245","7641142","2013-04-11T05:56:08.000-04:00","Success","","cloud-create cloudcreate img ami-0000000a create 62.427152 s ping 30.043185 s warnings 1 ssh 30.949942 s destroy 0.657664 s","Success"
"tacc-alamo","	","openstack-create-publicvm","7757156","7757155","7641142","2013-04-11T08:56:06.000-04:00","Success","","cloud-create cloudcreate img ami-0000000a create 62.187972 s ping 30.033632 s warnings 1 ssh 30.978321 s destroy 0.570304 s","Success"
"tacc-alamo","	","openstack-create-publicvm","7758136","7758135","7641142","2013-04-11T11:56:06.000-04:00","Success","","cloud-create cloudcreate img ami-0000000a create 62.311451 s ping 30.033287 s warnings 1 ssh 30.903029 s destroy 0.57785 s","Success"
"tacc-alamo","	","openstack-create-publicvm","7759128","7759127","7641142","2013-04-11T14:56:06.000-04:00","Success","","cloud-create cloudcreate img ami-0000000a create 62.366057 s ping 30.032984 s warnings 1 ssh 30.90017 s destroy 0.582939 s","Success"
"tacc-alamo","	","openstack-create-publicvm","7760115","7760114","7641142","2013-04-11T17:56:06.000-04:00","Success","","cloud-create cloudcreate img ami-0000000a create 62.270108 s ping 30.031778 s warnings 1 ssh 30.943219 s destroy 0.576345 s","Success"
"tacc-alamo","	","openstack-create-publicvm","7761112","7761111","7641142","2013-04-11T20:56:07.000-04:00","Success","","cloud-create cloudcreate img ami-0000000a create 62.218535 s ping 30.031836 s warnings 1 ssh 30.9323 s destroy 0.563371 s","Success"
"tacc-alamo","	","openstack-create-publicvm","7762102","7762101","7641142","2013-04-11T23:56:07.000-04:00","Success","","cloud-create cloudcreate img ami-0000000a create 62.461058 s ping 30.03397 s warnings 1 ssh 30.940674 s destroy 0.601642 s","Success"
"tacc-alamo","	","openstack-create-publicvm","7763109","7763108","7641142","2013-04-12T02:56:07.000-04:00","Success","","cloud-create cloudcreate img ami-0000000a create 62.217785 s ping 30.033804 s warnings 1 ssh 31.00366 s destroy 0.587393 s","Success"
"tacc-alamo","	","openstack-create-publicvm","7764094","7764093","7641142","2013-04-12T05:56:07.000-04:00","Success","","cloud-create cloudcreate img ami-0000000a create 62.259896 s ping 30.033894 s warnings 1 ssh 30.985952 s destroy 0.567212 s","Success"
"tacc-alamo","	","openstack-create-publicvm","7765084","7765083","7641142","2013-04-12T08:56:06.000-04:00","Success","","cloud-create cloudcreate img ami-0000000a create 62.211019 s ping 30.033579 s warnings 1 ssh 30.974784 s destroy 0.570796 s","Success"
"tacc-alamo","	","openstack-create-publicvm","7766060","7766059","7641142","2013-04-12T11:56:07.000-04:00","Success","","cloud-create cloudcreate img ami-0000000a create 62.172917 s ping 30.033495 s warnings 1 ssh 30.990707 s destroy 0.558731 s","Success"
"tacc-alamo","	","openstack-create-publicvm","7767039","7767038","7641142","2013-04-12T14:56:06.000-04:00","Success","","cloud-create cloudcreate img ami-0000000a create 62.307309 s ping 30.031294 s warnings 1 ssh 31.028471 s destroy 0.590318 s","Success"
"tacc-alamo","	","openstack-create-publicvm","7768035","7768034","7641142","2013-04-12T17:56:07.000-04:00","Success","","cloud-create cloudcreate img ami-0000000a create 62.307575 s ping 30.034891 s warnings 1 ssh 31.083106 s destroy 0.63425 s","Success"
"tacc-alamo","	","openstack-create-publicvm","7769036","7769035","7641142","2013-04-12T20:56:06.000-04:00","Success","","cloud-create cloudcreate img ami-0000000a create 62.211296 s ping 30.0223 s warnings 1 ssh 30.944714 s destroy 0.597496 s","Success"
"tacc-alamo","	","openstack-create-publicvm","7770026","7770025","7641142","2013-04-12T23:56:07.000-04:00","Success","","cloud-create cloudcreate img ami-0000000a create 62.291703 s ping 30.033739 s warnings 1 ssh 31.024849 s destroy 0.564747 s","Success"
"tacc-alamo","	","openstack-create-publicvm","7771030","7771029","7641142","2013-04-13T02:56:07.000-04:00","Success","","cloud-create cloudcreate img ami-0000000a create 62.207224 s ping 30.03259 s warnings 1 ssh 30.93928 s destroy 0.597201 s","Success"
"tacc-alamo","	","openstack-create-publicvm","7772016","7772015","7641142","2013-04-13T05:56:07.000-04:00","Success","","cloud-create cloudcreate img ami-0000000a create 62.216464 s ping 30.033059 s warnings 1 ssh 31.002749 s destroy 0.580765 s","Success"
"tacc-alamo","	","openstack-create-publicvm","7773011","7773010","7641142","2013-04-13T08:56:06.000-04:00","Success","","cloud-create cloudcreate img ami-0000000a create 62.243264 s ping 30.033424 s warnings 1 ssh 30.973619 s destroy 0.549118 s","Success"
"tacc-alamo","	","openstack-create-publicvm","7773988","7773987","7641142","2013-04-13T11:56:06.000-04:00","Success","","cloud-create cloudcreate img ami-0000000a create 62.234255 s ping 30.033725 s warnings 1 ssh 30.997699 s destroy 0.547867 s","Success"
"tacc-alamo","	","openstack-create-publicvm","7774969","7774968","7641142","2013-04-13T14:56:07.000-04:00","Success","","cloud-create cloudcreate img ami-0000000a create 62.569747 s ping 30.033231 s warnings 1 ssh 31.067611 s destroy 0.546981 s","Success"
"tacc-alamo","	","openstack-create-publicvm","7775950","7775949","7641142","2013-04-13T17:56:07.000-04:00","Success","","cloud-create cloudcreate img ami-0000000a create 62.152261 s ping 30.033382 s warnings 1 ssh 30.955824 s destroy 0.793359 s","Success"
"tacc-alamo","	","openstack-create-publicvm","7776937","7776936","7641142","2013-04-13T20:56:07.000-04:00","Success","","cloud-create cloudcreate img ami-0000000a create 62.211568 s ping 30.019839 s warnings 1 ssh 30.938183 s destroy 0.602582 s","Success"
"tacc-alamo","	","openstack-create-publicvm","7777918","7777917","7641142","2013-04-13T23:56:07.000-04:00","Success","","cloud-create cloudcreate img ami-0000000a create 62.241543 s ping 30.034238 s warnings 1 ssh 30.985599 s destroy 0.562337 s","Success"
"tacc-alamo","	","openstack-create-publicvm","7778917","7778916","7641142","2013-04-14T02:56:06.000-04:00","Success","","cloud-create cloudcreate img ami-0000000a create 62.201892 s ping 30.033473 s warnings 1 ssh 30.991916 s destroy 0.52975 s","Success"
"tacc-alamo","	","openstack-create-publicvm","7779907","7779906","7641142","2013-04-14T05:56:06.000-04:00","Success","","cloud-create cloudcreate img ami-0000000a create 62.252882 s ping 30.03155 s warnings 1 ssh 31.023163 s destroy 0.614596 s","Success"
"tacc-alamo","	","openstack-create-publicvm","7780909","7780908","7641142","2013-04-14T08:56:07.000-04:00","Success","","cloud-create cloudcreate img ami-0000000a create 62.531735 s ping 30.034585 s warnings 1 ssh 30.989029 s destroy 0.644592 s","Success"
"tacc-alamo","	","openstack-create-publicvm","7781887","7781886","7641142","2013-04-14T11:56:07.000-04:00","Success","","cloud-create cloudcreate img ami-0000000a create 62.19173 s ping 30.024635 s warnings 1 ssh 30.963669 s destroy 0.568601 s","Success"
"tacc-alamo","	","openstack-create-publicvm","7782872","7782871","7641142","2013-04-14T14:56:07.000-04:00","Success","","cloud-create cloudcreate img ami-0000000a create 62.412797 s ping 30.033221 s warnings 1 ssh 30.981459 s destroy 0.659155 s","Success"
"tacc-alamo","	","openstack-create-publicvm","7783855","7783854","7641142","2013-04-14T17:56:07.000-04:00","Success","","cloud-create cloudcreate img ami-0000000a create 62.286531 s ping 30.030255 s warnings 1 ssh 31.001602 s destroy 0.557933 s","Success"
"tacc-alamo","	","openstack-create-publicvm","7784846","7784845","7641142","2013-04-14T20:56:06.000-04:00","Success","","cloud-create cloudcreate img ami-0000000a create 62.217585 s ping 30.031515 s warnings 1 ssh 31.016358 s destroy 0.590989 s","Success"
"tacc-alamo","	","openstack-create-publicvm","7785828","7785827","7641142","2013-04-14T23:56:07.000-04:00","Success","","cloud-create cloudcreate img ami-0000000a create 62.362726 s ping 30.032624 s warnings 1 ssh 31.06729 s destroy 0.634237 s","Success"
"tacc-alamo","	","openstack-create-publicvm","7786823","7786822","7641142","2013-04-15T02:56:06.000-04:00","Success","","cloud-create cloudcreate img ami-0000000a create 62.150293 s ping 30.033657 s warnings 1 ssh 30.97435 s destroy 0.558558 s","Success"
"tacc-alamo","	","openstack-create-publicvm","7787807","7787806","7641142","2013-04-15T05:56:07.000-04:00","Success","","cloud-create cloudcreate img ami-0000000a create 62.155139 s ping 30.024218 s warnings 1 ssh 31.051443 s destroy 0.579377 s","Success"
"tacc-alamo","	","openstack-create-publicvm","7788804","7788803","7641142","2013-04-15T08:56:07.000-04:00","Success","","cloud-create cloudcreate img ami-0000000a create 62.235 s ping 30.033437 s warnings 1 ssh 30.96215 s destroy 0.574083 s","Success"
"tacc-alamo","	","openstack-create-publicvm","7789816","7789815","7641142","2013-04-15T11:56:07.000-04:00","Success","","cloud-create cloudcreate img ami-0000000a create 62.188035 s ping 30.033033 s warnings 1 ssh 30.963721 s destroy 0.599001 s","Success"
"tacc-alamo","	","openstack-create-publicvm","7790793","7790792","7641142","2013-04-15T14:56:06.000-04:00","Success","","cloud-create cloudcreate img ami-0000000a create 62.61663 s ping 30.031264 s warnings 1 ssh 30.962994 s destroy 0.554836 s","Success"
"tacc-alamo","	","openstack-create-publicvm","7791779","7791778","7641142","2013-04-15T17:56:06.000-04:00","Success","","cloud-create cloudcreate img ami-0000000a create 62.174137 s ping 30.034221 s warnings 1 ssh 31.038547 s destroy 0.556816 s","Success"
"tacc-alamo","	","openstack-create-publicvm","7792771","7792770","7641142","2013-04-15T20:56:07.000-04:00","Success","","cloud-create cloudcreate img ami-0000000a create 62.190999 s ping 30.032322 s warnings 1 ssh 30.993812 s destroy 0.570201 s","Success"
"tacc-alamo","	","openstack-create-publicvm","7793751","7793750","7641142","2013-04-15T23:56:06.000-04:00","Success","","cloud-create cloudcreate img ami-0000000a create 62.219298 s ping 30.030968 s warnings 1 ssh 30.98569 s destroy 0.56373 s","Success"
"tacc-alamo","	","openstack-create-publicvm","7794758","7794757","7641142","2013-04-16T02:56:06.000-04:00","Success","","cloud-create cloudcreate img ami-0000000a create 62.345039 s ping 30.033876 s warnings 1 ssh 30.986166 s destroy 0.564874 s","Success"
"tacc-alamo","	","openstack-create-publicvm","7795733","7795732","7641142","2013-04-16T05:56:09.000-04:00","Success","","cloud-create cloudcreate img ami-0000000a create 62.293495 s ping 30.035431 s warnings 1 ssh 30.957061 s destroy 0.59357 s","Success"
"tacc-alamo","	","openstack-create-publicvm","7796731","7796730","7641142","2013-04-16T08:56:06.000-04:00","Success","","cloud-create cloudcreate img ami-0000000a create 62.2479 s ping 30.032781 s warnings 1 ssh 31.008728 s destroy 0.644714 s","Success"
"tacc-alamo","	","openstack-create-publicvm","7797701","7797700","7641142","2013-04-16T11:56:07.000-04:00","Success","","cloud-create cloudcreate img ami-0000000a create 62.144364 s ping 30.033968 s warnings 1 ssh 30.976449 s destroy 0.57204 s","Success"
"tacc-alamo","	","openstack-create-publicvm","7798692","7798691","7641142","2013-04-16T14:57:59.000-04:00","Failure","Command 'euca-run-instances  -k userkey -n 1 ami-0000000a' failed with exit code 1","","Failure:errorMessage errorMessage errorMessage"
"tacc-alamo","	","openstack-create-publicvm","7799734","7799733","7641142","2013-04-16T18:09:44.000-04:00","Failure","cloud client not in running status after 900 seconds","","Failure:errorMessage errorMessage errorMessage"
"tacc-alamo","	","openstack-create-publicvm","7800727","7799733","7641142","2013-04-16T21:09:44.000-04:00","Failure","cloud client not in running status after 900 seconds","","Failure:errorMessage errorMessage errorMessage"
"tacc-alamo","	","openstack-create-publicvm","7801710","7799733","7641142","2013-04-17T00:09:44.000-04:00","Failure","cloud client not in running status after 900 seconds","","Failure:errorMessage errorMessage errorMessage"
"tacc-alamo","	","openstack-create-publicvm","7802711","7799733","7641142","2013-04-17T03:09:45.000-04:00","Failure","cloud client not in running status after 900 seconds","","Failure:errorMessage errorMessage errorMessage"
"tacc-alamo","	","openstack-create-publicvm","7803700","7799733","7641142","2013-04-17T06:09:48.000-04:00","Failure","cloud client not in running status after 900 seconds","","Failure:errorMessage errorMessage errorMessage"
"tacc-alamo","	","openstack-create-publicvm","7804697","7799733","7641142","2013-04-17T09:09:44.000-04:00","Failure","cloud client not in running status after 900 seconds","","Failure:errorMessage errorMessage errorMessage"
"tacc-alamo","	","openstack-create-publicvm","7805673","7799733","7641142","2013-04-17T12:09:44.000-04:00","Failure","cloud client not in running status after 900 seconds","","Failure:errorMessage errorMessage errorMessage"
"tacc-alamo","	","openstack-create-publicvm","7806637","7799733","7641142","2013-04-17T15:09:44.000-04:00","Failure","cloud client not in running status after 900 seconds","","Failure:errorMessage errorMessage errorMessage"
"tacc-alamo","	","openstack-create-publicvm","7807630","7799733","7641142","2013-04-17T18:09:45.000-04:00","Failure","cloud client not in running status after 900 seconds","","Failure:errorMessage errorMessage errorMessage"
"tacc-alamo","	","openstack-create-publicvm","7808615","7799733","7641142","2013-04-17T21:09:41.000-04:00","Failure","cloud client not in running status after 900 seconds","","Failure:errorMessage errorMessage errorMessage"
"tacc-alamo","	","openstack-create-publicvm","7809595","7799733","7641142","2013-04-18T00:09:44.000-04:00","Failure","cloud client not in running status after 900 seconds","","Failure:errorMessage errorMessage errorMessage"
"tacc-alamo","	","openstack-create-publicvm","7810601","7799733","7641142","2013-04-18T03:09:45.000-04:00","Failure","cloud client not in running status after 900 seconds","","Failure:errorMessage errorMessage errorMessage"
"tacc-alamo","	","openstack-create-publicvm","7811590","7799733","7641142","2013-04-18T06:09:46.000-04:00","Failure","cloud client not in running status after 900 seconds","","Failure:errorMessage errorMessage errorMessage"
"tacc-alamo","	","openstack-create-publicvm","7812582","7799733","7641142","2013-04-18T09:09:44.000-04:00","Failure","cloud client not in running status after 900 seconds","","Failure:errorMessage errorMessage errorMessage"
"tacc-alamo","	","openstack-create-publicvm","7813556","7799733","7641142","2013-04-18T12:09:45.000-04:00","Failure","cloud client not in running status after 900 seconds","","Failure:errorMessage errorMessage errorMessage"
"tacc-alamo","	","openstack-create-publicvm","7814529","7799733","7641142","2013-04-18T15:09:44.000-04:00","Failure","cloud client not in running status after 900 seconds","","Failure:errorMessage errorMessage errorMessage"
"tacc-alamo","	","openstack-create-publicvm","7815066","7799733","7641142","2013-04-18T18:09:44.000-04:00","Failure","cloud client not in running status after 900 seconds","","Failure:errorMessage errorMessage errorMessage"
"tacc-alamo","	","openstack-create-publicvm","7815605","7799733","7641142","2013-04-18T21:09:44.000-04:00","Failure","cloud client not in running status after 900 seconds","","Failure:errorMessage errorMessage errorMessage"
"tacc-alamo","	","openstack-create-publicvm","7816603","7799733","7641142","2013-04-19T00:09:45.000-04:00","Failure","cloud client not in running status after 900 seconds","","Failure:errorMessage errorMessage errorMessage"
"tacc-alamo","	","openstack-create-publicvm","7817642","7799733","7641142","2013-04-19T03:09:45.000-04:00","Failure","cloud client not in running status after 900 seconds","","Failure:errorMessage errorMessage errorMessage"
"tacc-alamo","	","openstack-create-publicvm","7818664","7799733","7641142","2013-04-19T06:09:47.000-04:00","Failure","cloud client not in running status after 900 seconds","","Failure:errorMessage errorMessage errorMessage"
"tacc-alamo","	","openstack-create-publicvm","7819682","7799733","7641142","2013-04-19T09:09:45.000-04:00","Failure","cloud client not in running status after 900 seconds","","Failure:errorMessage errorMessage errorMessage"
"tacc-alamo","	","openstack-create-publicvm","7820692","7799733","7641142","2013-04-19T12:09:45.000-04:00","Failure","cloud client not in running status after 900 seconds","","Failure:errorMessage errorMessage errorMessage"
"tacc-alamo","	","openstack-create-publicvm","7821710","7799733","7641142","2013-04-19T15:09:45.000-04:00","Failure","cloud client not in running status after 900 seconds","","Failure:errorMessage errorMessage errorMessage"
"tacc-alamo","	","openstack-create-publicvm","7822736","7799733","7641142","2013-04-19T18:09:45.000-04:00","Failure","cloud client not in running status after 900 seconds","","Failure:errorMessage errorMessage errorMessage"
"tacc-alamo","	","openstack-create-publicvm","7823753","7799733","7641142","2013-04-19T21:09:44.000-04:00","Failure","cloud client not in running status after 900 seconds","","Failure:errorMessage errorMessage errorMessage"
"tacc-alamo","	","openstack-create-publicvm","7824757","7799733","7641142","2013-04-20T00:09:44.000-04:00","Failure","cloud client not in running status after 900 seconds","","Failure:errorMessage errorMessage errorMessage"
"tacc-alamo","	","openstack-create-publicvm","7825782","7799733","7641142","2013-04-20T03:09:44.000-04:00","Failure","cloud client not in running status after 900 seconds","","Failure:errorMessage errorMessage errorMessage"
"tacc-alamo","	","openstack-create-publicvm","7826798","7799733","7641142","2013-04-20T06:09:45.000-04:00","Failure","cloud client not in running status after 900 seconds","","Failure:errorMessage errorMessage errorMessage"
"tacc-alamo","	","openstack-create-publicvm","7827832","7799733","7641142","2013-04-20T09:09:44.000-04:00","Failure","cloud client not in running status after 900 seconds","","Failure:errorMessage errorMessage errorMessage"
"tacc-alamo","	","openstack-create-publicvm","7828844","7799733","7641142","2013-04-20T12:09:44.000-04:00","Failure","cloud client not in running status after 900 seconds","","Failure:errorMessage errorMessage errorMessage"
"tacc-alamo","	","openstack-create-publicvm","7829863","7799733","7641142","2013-04-20T15:09:44.000-04:00","Failure","cloud client not in running status after 900 seconds","","Failure:errorMessage errorMessage errorMessage"
"tacc-alamo","	","openstack-create-publicvm","7830889","7799733","7641142","2013-04-20T18:09:44.000-04:00","Failure","cloud client not in running status after 900 seconds","","Failure:errorMessage errorMessage errorMessage"
"tacc-alamo","	","openstack-create-publicvm","7831915","7799733","7641142","2013-04-20T21:09:44.000-04:00","Failure","cloud client not in running status after 900 seconds","","Failure:errorMessage errorMessage errorMessage"
"tacc-alamo","	","openstack-create-publicvm","7832933","7799733","7641142","2013-04-21T00:09:44.000-04:00","Failure","cloud client not in running status after 900 seconds","","Failure:errorMessage errorMessage errorMessage"
"tacc-alamo","	","openstack-create-publicvm","7833968","7799733","7641142","2013-04-21T03:09:44.000-04:00","Failure","cloud client not in running status after 900 seconds","","Failure:errorMessage errorMessage errorMessage"
"tacc-alamo","	","openstack-create-publicvm","7834988","7799733","7641142","2013-04-21T06:09:47.000-04:00","Failure","cloud client not in running status after 900 seconds","","Failure:errorMessage errorMessage errorMessage"
"tacc-alamo","	","openstack-create-publicvm","7836017","7799733","7641142","2013-04-21T09:09:45.000-04:00","Failure","cloud client not in running status after 900 seconds","","Failure:errorMessage errorMessage errorMessage"
"tacc-alamo","	","openstack-create-publicvm","7837033","7799733","7641142","2013-04-21T12:09:44.000-04:00","Failure","cloud client not in running status after 900 seconds","","Failure:errorMessage errorMessage errorMessage"
"tacc-alamo","	","openstack-create-publicvm","7838043","7799733","7641142","2013-04-21T15:09:44.000-04:00","Failure","cloud client not in running status after 900 seconds","","Failure:errorMessage errorMessage errorMessage"
"tacc-alamo","	","openstack-create-publicvm","7839071","7799733","7641142","2013-04-21T18:09:45.000-04:00","Failure","cloud client not in running status after 900 seconds","","Failure:errorMessage errorMessage errorMessage"
"tacc-alamo","	","openstack-create-publicvm","7840097","7799733","7641142","2013-04-21T21:09:45.000-04:00","Failure","cloud client not in running status after 900 seconds","","Failure:errorMessage errorMessage errorMessage"
"tacc-alamo","	","openstack-create-publicvm","7841114","7799733","7641142","2013-04-22T00:09:44.000-04:00","Failure","cloud client not in running status after 900 seconds","","Failure:errorMessage errorMessage errorMessage"
"tacc-alamo","	","openstack-create-publicvm","7842139","7799733","7641142","2013-04-22T03:09:44.000-04:00","Failure","cloud client not in running status after 900 seconds","","Failure:errorMessage errorMessage errorMessage"
"tacc-alamo","	","openstack-create-publicvm","7843165","7799733","7641142","2013-04-22T06:09:47.000-04:00","Failure","cloud client not in running status after 900 seconds","","Failure:errorMessage errorMessage errorMessage"
"tacc-alamo","	","openstack-create-publicvm","7844191","7799733","7641142","2013-04-22T09:09:44.000-04:00","Failure","cloud client not in running status after 900 seconds","","Failure:errorMessage errorMessage errorMessage"
"tacc-alamo","	","openstack-create-publicvm","7845211","7799733","7641142","2013-04-22T12:09:45.000-04:00","Failure","cloud client not in running status after 900 seconds","","Failure:errorMessage errorMessage errorMessage"
"tacc-alamo","	","openstack-create-publicvm","7846224","7799733","7641142","2013-04-22T15:09:44.000-04:00","Failure","cloud client not in running status after 900 seconds","","Failure:errorMessage errorMessage errorMessage"
"tacc-alamo","	","openstack-create-publicvm","7847258","7799733","7641142","2013-04-22T18:09:44.000-04:00","Failure","cloud client not in running status after 900 seconds","","Failure:errorMessage errorMessage errorMessage"
"tacc-alamo","	","openstack-create-publicvm","7848295","7799733","7641142","2013-04-22T21:09:44.000-04:00","Failure","cloud client not in running status after 900 seconds","","Failure:errorMessage errorMessage errorMessage"
"tacc-alamo","	","openstack-create-publicvm","7849322","7799733","7641142","2013-04-23T00:09:44.000-04:00","Failure","cloud client not in running status after 900 seconds","","Failure:errorMessage errorMessage errorMessage"
"tacc-alamo","	","openstack-create-publicvm","7850360","7799733","7641142","2013-04-23T03:09:45.000-04:00","Failure","cloud client not in running status after 900 seconds","","Failure:errorMessage errorMessage errorMessage"
"tacc-alamo","	","openstack-create-publicvm","7851368","7799733","7641142","2013-04-23T06:09:45.000-04:00","Failure","cloud client not in running status after 900 seconds","","Failure:errorMessage errorMessage errorMessage"
"tacc-alamo","	","openstack-create-publicvm","7852396","7799733","7641142","2013-04-23T09:09:45.000-04:00","Failure","cloud client not in running status after 900 seconds","","Failure:errorMessage errorMessage errorMessage"
"tacc-alamo","	","openstack-create-publicvm","7853421","7799733","7641142","2013-04-23T12:09:44.000-04:00","Failure","cloud client not in running status after 900 seconds","","Failure:errorMessage errorMessage errorMessage"
"tacc-alamo","	","openstack-create-publicvm","7854443","7799733","7641142","2013-04-23T15:09:44.000-04:00","Failure","cloud client not in running status after 900 seconds","","Failure:errorMessage errorMessage errorMessage"
"tacc-alamo","	","openstack-create-publicvm","7855359","7799733","7641142","2013-04-23T18:09:47.000-04:00","Failure","cloud client not in running status after 900 seconds","","Failure:errorMessage errorMessage errorMessage"
"tacc-alamo","	","openstack-create-publicvm","7856134","7799733","7641142","2013-04-23T21:09:45.000-04:00","Failure","cloud client not in running status after 900 seconds","","Failure:errorMessage errorMessage errorMessage"
"tacc-alamo","	","openstack-create-publicvm","7856916","7799733","7641142","2013-04-24T00:09:45.000-04:00","Failure","cloud client not in running status after 900 seconds","","Failure:errorMessage errorMessage errorMessage"
"tacc-alamo","	","openstack-create-publicvm","7857724","7799733","7641142","2013-04-24T03:09:44.000-04:00","Failure","cloud client not in running status after 900 seconds","","Failure:errorMessage errorMessage errorMessage"
"tacc-alamo","	","openstack-create-publicvm","7858503","7799733","7641142","2013-04-24T06:09:44.000-04:00","Failure","cloud client not in running status after 900 seconds","","Failure:errorMessage errorMessage errorMessage"
"tacc-alamo","	","openstack-create-publicvm","7859294","7799733","7641142","2013-04-24T09:09:44.000-04:00","Failure","cloud client not in running status after 900 seconds","","Failure:errorMessage errorMessage errorMessage"
"tacc-alamo","	","openstack-create-publicvm","7860161","7798691","7641142","2013-04-24T11:57:35.000-04:00","Failure","Command 'euca-run-instances  -k userkey -n 1 ami-0000000a' failed with exit code 1","","Failure:errorMessage errorMessage errorMessage"
"tacc-alamo","	","openstack-create-publicvm","7861257","7799733","7641142","2013-04-24T15:09:47.000-04:00","Failure","cloud client not in running status after 900 seconds","","Failure:errorMessage errorMessage errorMessage"
"tacc-alamo","	","openstack-create-publicvm","7862224","7862222","7641142","2013-04-24T17:56:06.000-04:00","Success","","cloud-create cloudcreate img ami-0000000a create 62.232544 s ping 30.03408 s warnings 1 ssh 30.776709 s destroy 0.602386 s","Success"
"tacc-alamo","	","openstack-create-publicvm","7863261","7863260","7641142","2013-04-24T20:56:36.000-04:00","Success","","cloud-create cloudcreate img ami-0000000a create 92.754093 s ping 30.034342 s warnings 1 ssh 30.731139 s destroy 0.598657 s","Success"
"tacc-alamo","	","openstack-create-publicvm","7864292","7864291","7641142","2013-04-24T23:56:06.000-04:00","Success","","cloud-create cloudcreate img ami-0000000a create 62.343542 s ping 30.024296 s warnings 1 ssh 30.74344 s destroy 0.570531 s","Success"
"tacc-alamo","	","openstack-create-publicvm","7865333","7865332","7641142","2013-04-25T02:56:06.000-04:00","Success","","cloud-create cloudcreate img ami-0000000a create 62.315033 s ping 30.033257 s warnings 1 ssh 30.721732 s destroy 0.582054 s","Success"
"tacc-alamo","	","openstack-create-publicvm","7866361","7866360","7641142","2013-04-25T05:56:07.000-04:00","Success","","cloud-create cloudcreate img ami-0000000a create 62.430321 s ping 30.035201 s warnings 1 ssh 30.721309 s destroy 0.697972 s","Success"
"tacc-alamo","	","openstack-create-publicvm","7867392","7867391","7641142","2013-04-25T08:56:08.000-04:00","Success","","cloud-create cloudcreate img ami-0000000a create 62.199484 s ping 30.031594 s warnings 1 ssh 30.73897 s destroy 2.434969 s","Success"
"tacc-alamo","	","openstack-create-publicvm","7868413","7868412","7641142","2013-04-25T11:56:07.000-04:00","Success","","cloud-create cloudcreate img ami-0000000a create 62.411202 s ping 30.034459 s warnings 1 ssh 30.741987 s destroy 0.734035 s","Success"
"tacc-alamo","	","openstack-create-publicvm","7869443","7869441","7641142","2013-04-25T14:56:07.000-04:00","Success","","cloud-create cloudcreate img ami-0000000a create 62.71593 s ping 30.032801 s warnings 1 ssh 30.722609 s destroy 0.600667 s","Success"
"tacc-alamo","	","openstack-create-publicvm","7870484","7870483","7641142","2013-04-25T17:56:06.000-04:00","Success","","cloud-create cloudcreate img ami-0000000a create 62.202198 s ping 30.032844 s warnings 1 ssh 30.759569 s destroy 0.579906 s","Success"
"tacc-alamo","	","openstack-create-publicvm","7871515","7871514","7641142","2013-04-25T20:56:07.000-04:00","Success","","cloud-create cloudcreate img ami-0000000a create 62.272527 s ping 30.034469 s warnings 1 ssh 30.723548 s destroy 0.669599 s","Success"
"tacc-alamo","	","openstack-create-publicvm","7872547","7872546","7641142","2013-04-25T23:56:06.000-04:00","Success","","cloud-create cloudcreate img ami-0000000a create 62.342077 s ping 30.034677 s warnings 1 ssh 30.724663 s destroy 0.571234 s","Success"
"tacc-alamo","	","openstack-create-publicvm","7873584","7873583","7641142","2013-04-26T02:56:07.000-04:00","Success","","cloud-create cloudcreate img ami-0000000a create 62.449863 s ping 30.034888 s warnings 1 ssh 30.746557 s destroy 0.596905 s","Success"
"tacc-alamo","	","openstack-create-publicvm","7874610","7874609","7641142","2013-04-26T05:56:06.000-04:00","Success","","cloud-create cloudcreate img ami-0000000a create 62.299264 s ping 30.032348 s warnings 1 ssh 30.738599 s destroy 0.560548 s","Success"
"tacc-alamo","	","openstack-create-publicvm","7875655","7875654","7641142","2013-04-26T08:56:07.000-04:00","Success","","cloud-create cloudcreate img ami-0000000a create 63.16747 s ping 30.034487 s warnings 1 ssh 30.725772 s destroy 0.651846 s","Success"
"tacc-alamo","	","openstack-create-publicvm","7876678","7876676","7641142","2013-04-26T11:56:07.000-04:00","Success","","cloud-create cloudcreate img ami-0000000a create 62.487315 s ping 30.034402 s warnings 1 ssh 30.75633 s destroy 0.580513 s","Success"
"tacc-alamo","	","openstack-create-publicvm","7877740","7877739","7641142","2013-04-26T14:56:06.000-04:00","Success","","cloud-create cloudcreate img ami-0000000a create 62.332342 s ping 30.034403 s warnings 1 ssh 30.80081 s destroy 0.567544 s","Success"
"tacc-alamo","	","openstack-create-publicvm","7878767","7878766","7641142","2013-04-26T17:56:07.000-04:00","Success","","cloud-create cloudcreate img ami-0000000a create 62.183202 s ping 30.033712 s warnings 1 ssh 30.751952 s destroy 0.590839 s","Success"
"tacc-alamo","	","openstack-create-publicvm","7879808","7879807","7641142","2013-04-26T20:56:06.000-04:00","Success","","cloud-create cloudcreate img ami-0000000a create 62.427492 s ping 30.027751 s warnings 1 ssh 30.781237 s destroy 0.612387 s","Success"
"tacc-alamo","	","openstack-create-publicvm","7880866","7880865","7641142","2013-04-26T23:56:07.000-04:00","Success","","cloud-create cloudcreate img ami-0000000a create 62.342663 s ping 30.033445 s warnings 1 ssh 30.77489 s destroy 0.608668 s","Success"
"tacc-alamo","	","openstack-create-publicvm","7881937","7881936","7641142","2013-04-27T02:56:06.000-04:00","Success","","cloud-create cloudcreate img ami-0000000a create 62.247313 s ping 30.034675 s warnings 1 ssh 30.767693 s destroy 0.559461 s","Success"
"tacc-alamo","	","openstack-create-publicvm","7882987","7882986","7641142","2013-04-27T05:56:07.000-04:00","Success","","cloud-create cloudcreate img ami-0000000a create 62.250546 s ping 30.034279 s warnings 1 ssh 31.443134 s destroy 0.536009 s","Success"
"tacc-alamo","	","openstack-create-publicvm","7884040","7884039","7641142","2013-04-27T08:56:06.000-04:00","Success","","cloud-create cloudcreate img ami-0000000a create 62.205344 s ping 30.021246 s warnings 1 ssh 30.749638 s destroy 0.587804 s","Success"
"tacc-alamo","	","openstack-create-publicvm","7885090","7885089","7641142","2013-04-27T11:56:07.000-04:00","Success","","cloud-create cloudcreate img ami-0000000a create 62.19966 s ping 30.032608 s warnings 1 ssh 30.768886 s destroy 0.626149 s","Success"
"tacc-alamo","	","openstack-create-publicvm","7886167","7886166","7641142","2013-04-27T14:56:07.000-04:00","Success","","cloud-create cloudcreate img ami-0000000a create 62.41241 s ping 30.034607 s warnings 1 ssh 30.738391 s destroy 0.572897 s","Success"
"tacc-alamo","	","openstack-create-publicvm","7887255","7887254","7641142","2013-04-27T17:56:06.000-04:00","Success","","cloud-create cloudcreate img ami-0000000a create 62.193961 s ping 30.033989 s warnings 1 ssh 30.748069 s destroy 0.565251 s","Success"
"tacc-alamo","	","openstack-create-publicvm","7888339","7888338","7641142","2013-04-27T20:56:06.000-04:00","Success","","cloud-create cloudcreate img ami-0000000a create 62.218056 s ping 30.021101 s warnings 1 ssh 30.76008 s destroy 0.579902 s","Success"
"tacc-alamo","	","openstack-create-publicvm","7889423","7889422","7641142","2013-04-27T23:56:06.000-04:00","Success","","cloud-create cloudcreate img ami-0000000a create 62.305777 s ping 30.033473 s warnings 1 ssh 30.735019 s destroy 0.568781 s","Success"
"tacc-alamo","	","openstack-create-publicvm","7890482","7890481","7641142","2013-04-28T02:56:07.000-04:00","Success","","cloud-create cloudcreate img ami-0000000a create 62.160806 s ping 30.034017 s warnings 1 ssh 30.748776 s destroy 0.581121 s","Success"
"tacc-alamo","	","openstack-create-publicvm","7891475","7891474","7641142","2013-04-28T05:56:06.000-04:00","Success","","cloud-create cloudcreate img ami-0000000a create 62.336042 s ping 30.033072 s warnings 1 ssh 30.732976 s destroy 0.555336 s","Success"
"tacc-alamo","	","openstack-create-publicvm","7892485","7892484","7641142","2013-04-28T08:56:06.000-04:00","Success","","cloud-create cloudcreate img ami-0000000a create 62.274858 s ping 30.034742 s warnings 1 ssh 30.723649 s destroy 0.560215 s","Success"
"tacc-alamo","	","openstack-create-publicvm","7893479","7893478","7641142","2013-04-28T11:56:07.000-04:00","Success","","cloud-create cloudcreate img ami-0000000a create 62.305438 s ping 30.034229 s warnings 1 ssh 31.005501 s destroy 0.721547 s","Success"
"tacc-alamo","	","openstack-create-publicvm","7894492","7894491","7641142","2013-04-28T14:56:07.000-04:00","Success","","cloud-create cloudcreate img ami-0000000a create 62.322476 s ping 30.02227 s warnings 1 ssh 30.764964 s destroy 0.646713 s","Success"
"tacc-alamo","	","openstack-create-publicvm","7895511","7895510","7641142","2013-04-28T17:56:06.000-04:00","Success","","cloud-create cloudcreate img ami-0000000a create 62.329435 s ping 30.035186 s warnings 1 ssh 30.753495 s destroy 0.562458 s","Success"
"tacc-alamo","	","openstack-create-publicvm","7896534","7896533","7641142","2013-04-28T20:56:06.000-04:00","Success","","cloud-create cloudcreate img ami-0000000a create 62.310277 s ping 30.03486 s warnings 1 ssh 30.733562 s destroy 0.7301 s","Success"
"tacc-alamo","	","openstack-create-publicvm","7897543","7897542","7641142","2013-04-28T23:56:06.000-04:00","Success","","cloud-create cloudcreate img ami-0000000a create 62.219317 s ping 30.03534 s warnings 1 ssh 30.756765 s destroy 0.573353 s","Success"
"tacc-alamo","	","openstack-create-publicvm","7898567","7898566","7641142","2013-04-29T02:56:07.000-04:00","Success","","cloud-create cloudcreate img ami-0000000a create 62.345795 s ping 30.035388 s warnings 1 ssh 30.752225 s destroy 0.592417 s","Success"
"tacc-alamo","	","openstack-create-publicvm","7899577","7899576","7641142","2013-04-29T05:56:06.000-04:00","Success","","cloud-create cloudcreate img ami-0000000a create 62.238169 s ping 30.033098 s warnings 1 ssh 30.736236 s destroy 0.587745 s","Success"
"tacc-alamo","	","openstack-create-publicvm","7900600","7900599","7641142","2013-04-29T08:56:06.000-04:00","Success","","cloud-create cloudcreate img ami-0000000a create 62.280386 s ping 30.033502 s warnings 1 ssh 30.746741 s destroy 0.664312 s","Success"
"tacc-alamo","	","openstack-create-publicvm","7901612","7901611","7641142","2013-04-29T11:56:06.000-04:00","Success","","cloud-create cloudcreate img ami-0000000a create 62.25546 s ping 30.033597 s warnings 1 ssh 30.762737 s destroy 0.546628 s","Success"
"tacc-alamo","	","openstack-create-publicvm","7902698","7902697","7641142","2013-04-29T14:56:07.000-04:00","Success","","cloud-create cloudcreate img ami-0000000a create 62.675217 s ping 30.0354 s warnings 1 ssh 30.735296 s destroy 0.55464 s","Success"
"tacc-alamo","	","openstack-create-publicvm","7903769","7903768","7641142","2013-04-29T17:56:06.000-04:00","Success","","cloud-create cloudcreate img ami-0000000a create 62.244351 s ping 30.034643 s warnings 1 ssh 30.737458 s destroy 0.631631 s","Success"
"tacc-alamo","	","openstack-create-publicvm","7904822","7904821","7641142","2013-04-29T20:56:07.000-04:00","Success","","cloud-create cloudcreate img ami-0000000a create 62.308585 s ping 30.034628 s warnings 1 ssh 30.755886 s destroy 0.604567 s","Success"
"tacc-alamo","	","openstack-create-publicvm","7905845","7905844","7641142","2013-04-29T23:56:06.000-04:00","Success","","cloud-create cloudcreate img ami-0000000a create 62.348101 s ping 30.031594 s warnings 1 ssh 30.781702 s destroy 0.573952 s","Success"
"tacc-alamo","	","openstack-create-publicvm","7906911","7906910","7641142","2013-04-30T02:56:08.000-04:00","Success","","cloud-create cloudcreate img ami-0000000a create 62.32772 s ping 31.687092 s warnings 1 ssh 30.832305 s destroy 0.571813 s","Success"
"tacc-alamo","	","openstack-create-publicvm","7907964","7907963","7641142","2013-04-30T05:56:06.000-04:00","Success","","cloud-create cloudcreate img ami-0000000a create 62.237521 s ping 30.026643 s warnings 1 ssh 30.745115 s destroy 0.564472 s","Success"
"tacc-alamo","	","openstack-create-publicvm","7909027","7909026","7641142","2013-04-30T08:56:06.000-04:00","Success","","cloud-create cloudcreate img ami-0000000a create 62.238823 s ping 30.033734 s warnings 1 ssh 30.781445 s destroy 0.575127 s","Success"
"tacc-alamo","	","openstack-create-publicvm","7910065","7910064","7641142","2013-04-30T11:56:06.000-04:00","Success","","cloud-create cloudcreate img ami-0000000a create 62.290828 s ping 30.026455 s warnings 1 ssh 30.774256 s destroy 0.598289 s","Success"
"tacc-alamo","	","openstack-create-publicvm","7911105","7911104","7641142","2013-04-30T14:56:06.000-04:00","Success","","cloud-create cloudcreate img ami-0000000a create 62.475297 s ping 30.031502 s warnings 1 ssh 30.761454 s destroy 0.575284 s","Success"
"tacc-alamo","	","openstack-create-publicvm","7912122","7912121","7641142","2013-04-30T17:56:08.000-04:00","Success","","cloud-create cloudcreate img ami-0000000a create 62.389646 s ping 30.033788 s warnings 1 ssh 30.968586 s destroy 0.68854 s","Success"
"tacc-alamo","	","openstack-create-publicvm","7913140","7913139","7641142","2013-04-30T20:56:06.000-04:00","Success","","cloud-create cloudcreate img ami-0000000a create 62.248599 s ping 30.034502 s warnings 1 ssh 30.993694 s destroy 0.648243 s","Success"
"tacc-alamo","	","openstack-create-publicvm","7914139","7914138","7641142","2013-04-30T23:56:07.000-04:00","Success","","cloud-create cloudcreate img ami-0000000a create 62.346363 s ping 30.034652 s warnings 1 ssh 30.999916 s destroy 0.583784 s","Success"
"tacc-alamo","	","openstack-create-publicvm","7915153","7915152","7641142","2013-05-01T02:56:06.000-04:00","Success","","cloud-create cloudcreate img ami-0000000a create 62.42787 s ping 30.033764 s warnings 1 ssh 30.921144 s destroy 0.58562 s","Success"
"tacc-alamo","	","openstack-create-publicvm","7916168","7916167","7641142","2013-05-01T05:56:06.000-04:00","Success","","cloud-create cloudcreate img ami-0000000a create 62.242534 s ping 30.034965 s warnings 1 ssh 30.969485 s destroy 0.56336 s","Success"
"tacc-alamo","	","openstack-create-publicvm","7917150","7917149","7641142","2013-05-01T08:56:07.000-04:00","Success","","cloud-create cloudcreate img ami-0000000a create 62.364405 s ping 30.033953 s warnings 1 ssh 30.951418 s destroy 0.566645 s","Success"
"tacc-alamo","	","openstack-create-publicvm","7918133","7918132","7641142","2013-05-01T11:56:07.000-04:00","Success","","cloud-create cloudcreate img ami-0000000a create 62.464384 s ping 30.033542 s warnings 1 ssh 30.910664 s destroy 0.579918 s","Success"
"tacc-alamo","	","openstack-create-publicvm","7919124","7919123","7641142","2013-05-01T14:56:07.000-04:00","Success","","cloud-create cloudcreate img ami-0000000a create 62.521112 s ping 30.033592 s warnings 1 ssh 30.94155 s destroy 0.632336 s","Success"
"tacc-alamo","	","openstack-create-publicvm","7920128","7920127","7641142","2013-05-01T17:56:06.000-04:00","Success","","cloud-create cloudcreate img ami-0000000a create 62.184808 s ping 30.034544 s warnings 1 ssh 30.929141 s destroy 0.624141 s","Success"
"tacc-alamo","	","openstack-create-publicvm","7921132","7921131","7641142","2013-05-01T20:56:07.000-04:00","Success","","cloud-create cloudcreate img ami-0000000a create 62.501541 s ping 30.026304 s warnings 1 ssh 31.051022 s destroy 0.680741 s","Success"
"tacc-alamo","	","openstack-create-publicvm","7922130","7922129","7641142","2013-05-01T23:56:07.000-04:00","Success","","cloud-create cloudcreate img ami-0000000a create 62.327768 s ping 30.032971 s warnings 1 ssh 30.992142 s destroy 0.580491 s","Success"
"tacc-alamo","	","openstack-create-publicvm","7923134","7923133","7641142","2013-05-02T02:56:06.000-04:00","Success","","cloud-create cloudcreate img ami-0000000a create 62.330148 s ping 30.074439 s warnings 1 ssh 30.908596 s destroy 0.56106 s","Success"
"tacc-alamo","	","openstack-create-publicvm","7924147","7924146","7641142","2013-05-02T05:56:08.000-04:00","Success","","cloud-create cloudcreate img ami-0000000a create 62.277273 s ping 30.097772 s warnings 1 ssh 30.935752 s destroy 0.603081 s","Success"
"tacc-alamo","	","openstack-create-publicvm","7925146","7925145","7641142","2013-05-02T08:56:07.000-04:00","Success","","cloud-create cloudcreate img ami-0000000a create 62.157414 s ping 30.033462 s warnings 1 ssh 30.95176 s destroy 0.587051 s","Success"
"tacc-alamo","	","openstack-create-publicvm","7926147","7926146","7641142","2013-05-02T11:56:06.000-04:00","Success","","cloud-create cloudcreate img ami-0000000a create 62.206382 s ping 30.033187 s warnings 1 ssh 30.925749 s destroy 0.64345 s","Success"
"tacc-alamo","	","openstack-create-publicvm","7927157","7927156","7641142","2013-05-02T14:56:12.000-04:00","Success","","cloud-create cloudcreate img ami-0000000a create 62.489324 s ping 30.04785 s warnings 1 ssh 33.054999 s destroy 0.611131 s","Success"
"tacc-alamo","	","openstack-create-publicvm","7928159","7928158","7641142","2013-05-02T17:56:08.000-04:00","Success","","cloud-create cloudcreate img ami-0000000a create 63.465729 s ping 30.046411 s warnings 1 ssh 31.005646 s destroy 0.585197 s","Success"
"tacc-alamo","	","openstack-create-publicvm","7929167","7929166","7641142","2013-05-02T20:56:06.000-04:00","Success","","cloud-create cloudcreate img ami-0000000a create 62.20039 s ping 30.034275 s warnings 1 ssh 30.954967 s destroy 0.581912 s","Success"
"tacc-alamo","	","openstack-create-publicvm","7930164","7930163","7641142","2013-05-02T23:56:06.000-04:00","Success","","cloud-create cloudcreate img ami-0000000a create 62.341078 s ping 30.032888 s warnings 1 ssh 30.927618 s destroy 0.576354 s","Success"
"tacc-alamo","	","openstack-create-publicvm","7931172","7931171","7641142","2013-05-03T02:56:07.000-04:00","Success","","cloud-create cloudcreate img ami-0000000a create 62.281255 s ping 30.05853 s warnings 1 ssh 30.956818 s destroy 0.565066 s","Success"
"tacc-alamo","	","openstack-create-publicvm","7932179","7932178","7641142","2013-05-03T05:56:08.000-04:00","Success","","cloud-create cloudcreate img ami-0000000a create 62.351408 s ping 30.047873 s warnings 1 ssh 30.98085 s destroy 0.681467 s","Success"
"tacc-alamo","	","openstack-create-publicvm","7933187","7933186","7641142","2013-05-03T08:56:07.000-04:00","Success","","cloud-create cloudcreate img ami-0000000a create 62.400846 s ping 30.033805 s warnings 1 ssh 30.923191 s destroy 0.579905 s","Success"
"tacc-alamo","	","openstack-create-publicvm","7934180","7934179","7641142","2013-05-03T11:56:06.000-04:00","Success","","cloud-create cloudcreate img ami-0000000a create 62.231973 s ping 30.028049 s warnings 1 ssh 30.940474 s destroy 0.672248 s","Success"
"tacc-alamo","	","openstack-create-publicvm","7935182","7935181","7641142","2013-05-03T14:56:08.000-04:00","Success","","cloud-create cloudcreate img ami-0000000a create 62.246903 s ping 30.04536 s warnings 1 ssh 30.973493 s destroy 0.578407 s","Success"
"tacc-alamo","	","openstack-create-publicvm","7936194","7936193","7641142","2013-05-03T17:56:07.000-04:00","Success","","cloud-create cloudcreate img ami-0000000a create 62.240313 s ping 30.557787 s warnings 1 ssh 30.925261 s destroy 0.580294 s","Success"
"tacc-alamo","	","openstack-create-publicvm","7937191","7937190","7641142","2013-05-03T20:56:06.000-04:00","Success","","cloud-create cloudcreate img ami-0000000a create 62.223488 s ping 30.034072 s warnings 1 ssh 30.917562 s destroy 0.59641 s","Success"
"tacc-alamo","	","openstack-create-publicvm","7938206","7938205","7641142","2013-05-03T23:56:07.000-04:00","Success","","cloud-create cloudcreate img ami-0000000a create 62.247069 s ping 30.034254 s warnings 1 ssh 31.000918 s destroy 0.656498 s","Success"
"tacc-alamo","	","openstack-create-publicvm","7939208","7939207","7641142","2013-05-04T02:56:06.000-04:00","Success","","cloud-create cloudcreate img ami-0000000a create 62.275871 s ping 30.034192 s warnings 1 ssh 30.941213 s destroy 0.585084 s","Success"
"tacc-alamo","	","openstack-create-publicvm","7940205","7940204","7641142","2013-05-04T05:56:11.000-04:00","Success","","cloud-create cloudcreate img ami-0000000a create 64.067022 s ping 30.046944 s warnings 1 ssh 30.933957 s destroy 1.758296 s","Success"
"tacc-alamo","	","openstack-create-publicvm","7941217","7941216","7641142","2013-05-04T08:56:07.000-04:00","Success","","cloud-create cloudcreate img ami-0000000a create 62.278659 s ping 30.034261 s warnings 1 ssh 30.96195 s destroy 0.627841 s","Success"
"tacc-alamo","	","openstack-create-publicvm","7942211","7942210","7641142","2013-05-04T11:56:07.000-04:00","Success","","cloud-create cloudcreate img ami-0000000a create 62.336952 s ping 30.034001 s warnings 1 ssh 30.951729 s destroy 1.363887 s","Success"
"tacc-alamo","	","openstack-create-publicvm","7943202","7943201","7641142","2013-05-04T14:56:10.000-04:00","Success","","cloud-create cloudcreate img ami-0000000a create 64.261373 s ping 31.387834 s warnings 1 ssh 30.960388 s destroy 0.606929 s","Success"
"tacc-alamo","	","openstack-create-publicvm","7944196","7944195","7641142","2013-05-04T17:56:06.000-04:00","Success","","cloud-create cloudcreate img ami-0000000a create 62.357515 s ping 30.038732 s warnings 1 ssh 30.979 s destroy 0.58708 s","Success"
"tacc-alamo","	","openstack-create-publicvm","7945205","7945204","7641142","2013-05-04T20:56:09.000-04:00","Success","","cloud-create cloudcreate img ami-0000000a create 62.44678 s ping 30.043834 s warnings 1 ssh 30.965224 s destroy 0.653363 s","Success"
"tacc-alamo","	","openstack-create-publicvm","7946204","7946203","7641142","2013-05-04T23:56:09.000-04:00","Success","","cloud-create cloudcreate img ami-0000000a create 62.237434 s ping 30.044521 s warnings 1 ssh 30.978293 s destroy 2.066563 s","Success"
"tacc-alamo","	","openstack-create-publicvm","7947207","7947206","7641142","2013-05-05T02:56:07.000-04:00","Success","","cloud-create cloudcreate img ami-0000000a create 62.319673 s ping 30.046036 s warnings 1 ssh 31.362774 s destroy 0.544766 s","Success"
"tacc-alamo","	","openstack-create-publicvm","7948225","7948224","7641142","2013-05-05T05:56:10.000-04:00","Success","","cloud-create cloudcreate img ami-0000000a create 62.288089 s ping 30.05129 s warnings 1 ssh 30.949466 s destroy 0.564945 s","Success"
"tacc-alamo","	","openstack-create-publicvm","7949227","7949226","7641142","2013-05-05T08:56:06.000-04:00","Success","","cloud-create cloudcreate img ami-0000000a create 62.313033 s ping 30.0343 s warnings 1 ssh 30.939103 s destroy 0.578429 s","Success"
"tacc-alamo","	","openstack-create-publicvm","7950202","7950201","7641142","2013-05-05T11:56:07.000-04:00","Success","","cloud-create cloudcreate img ami-0000000a create 62.457228 s ping 30.034848 s warnings 1 ssh 30.94132 s destroy 0.600435 s","Success"
"tacc-alamo","	","openstack-create-publicvm","7951194","7951193","7641142","2013-05-05T14:56:06.000-04:00","Success","","cloud-create cloudcreate img ami-0000000a create 62.278521 s ping 30.034279 s warnings 1 ssh 30.995835 s destroy 0.654397 s","Success"
"tacc-alamo","	","openstack-create-publicvm","7952188","7952187","7641142","2013-05-05T17:56:07.000-04:00","Success","","cloud-create cloudcreate img ami-0000000a create 62.202765 s ping 30.033719 s warnings 1 ssh 30.963376 s destroy 0.668159 s","Success"
"tacc-alamo","	","openstack-create-publicvm","7953195","7953194","7641142","2013-05-05T20:56:06.000-04:00","Success","","cloud-create cloudcreate img ami-0000000a create 62.340052 s ping 30.033378 s warnings 1 ssh 30.965389 s destroy 0.594322 s","Success"
"tacc-alamo","	","openstack-create-publicvm","7954196","7954195","7641142","2013-05-05T23:56:06.000-04:00","Success","","cloud-create cloudcreate img ami-0000000a create 62.160914 s ping 30.034454 s warnings 1 ssh 30.897796 s destroy 0.571046 s","Success"
"tacc-alamo","	","openstack-create-publicvm","7955210","7955209","7641142","2013-05-06T02:56:07.000-04:00","Success","","cloud-create cloudcreate img ami-0000000a create 62.163472 s ping 30.035321 s warnings 1 ssh 30.989735 s destroy 0.553507 s","Success"
"tacc-alamo","	","openstack-create-publicvm","7956223","7956222","7641142","2013-05-06T05:56:10.000-04:00","Success","","cloud-create cloudcreate img ami-0000000a create 64.387281 s ping 30.051133 s warnings 1 ssh 30.957347 s destroy 0.610035 s","Success"
"tacc-alamo","	","openstack-create-publicvm","7957229","7957228","7641142","2013-05-06T08:56:07.000-04:00","Success","","cloud-create cloudcreate img ami-0000000a create 62.37274 s ping 30.034475 s warnings 1 ssh 30.985765 s destroy 0.635297 s","Success"
"tacc-alamo","	","openstack-create-publicvm","7958247","7958246","7641142","2013-05-06T11:56:07.000-04:00","Success","","cloud-create cloudcreate img ami-0000000a create 62.212789 s ping 30.033965 s warnings 1 ssh 30.922033 s destroy 0.643454 s","Success"
"tacc-alamo","	","openstack-create-publicvm","7959354","7959353","7641142","2013-05-06T14:56:06.000-04:00","Success","","cloud-create cloudcreate img ami-0000000a create 62.203229 s ping 30.033644 s warnings 1 ssh 30.922811 s destroy 0.572951 s","Success"
"tacc-alamo","	","openstack-create-publicvm","7960403","7960402","7641142","2013-05-06T17:56:06.000-04:00","Success","","cloud-create cloudcreate img ami-0000000a create 62.247501 s ping 30.034961 s warnings 1 ssh 30.933081 s destroy 0.600023 s","Success"
"tacc-alamo","	","openstack-create-publicvm","7961458","7961457","7641142","2013-05-06T20:56:07.000-04:00","Success","","cloud-create cloudcreate img ami-0000000a create 62.294024 s ping 30.03497 s warnings 1 ssh 30.952782 s destroy 0.599937 s","Success"
"tacc-alamo","	","openstack-create-publicvm","7962514","7962512","7641142","2013-05-06T23:56:07.000-04:00","Success","","cloud-create cloudcreate img ami-0000000a create 62.387575 s ping 30.034884 s warnings 1 ssh 31.160331 s destroy 0.610384 s","Success"
"tacc-alamo","	","openstack-create-publicvm","7963567","7963566","7641142","2013-05-07T02:56:07.000-04:00","Success","","cloud-create cloudcreate img ami-0000000a create 62.267968 s ping 30.034838 s warnings 1 ssh 30.960133 s destroy 0.603367 s","Success"
"tacc-alamo","	","openstack-create-publicvm","7964642","7964641","7641142","2013-05-07T05:56:10.000-04:00","Success","","cloud-create cloudcreate img ami-0000000a create 62.558984 s ping 30.033981 s warnings 1 ssh 33.379573 s destroy 0.599624 s","Success"
"tacc-alamo","	","openstack-create-publicvm","7965728","7965727","7641142","2013-05-07T08:56:07.000-04:00","Success","","cloud-create cloudcreate img ami-0000000a create 62.268847 s ping 30.034553 s warnings 1 ssh 30.969157 s destroy 0.580637 s","Success"
"tacc-alamo","	","openstack-create-publicvm","7966749","7966748","7641142","2013-05-07T11:56:06.000-04:00","Success","","cloud-create cloudcreate img ami-0000000a create 62.261797 s ping 30.034342 s warnings 1 ssh 30.934433 s destroy 0.592427 s","Success"
"tacc-alamo","	","openstack-create-publicvm","7967574","7967573","7641142","2013-05-07T14:56:08.000-04:00","Success","","cloud-create cloudcreate img ami-0000000a create 62.291377 s ping 30.046342 s warnings 1 ssh 31.015226 s destroy 0.581002 s","Success"
"tacc-alamo","	","openstack-create-publicvm","7968473","7968472","7641142","2013-05-07T17:56:07.000-04:00","Success","","cloud-create cloudcreate img ami-0000000a create 62.299866 s ping 30.033925 s warnings 1 ssh 30.948632 s destroy 0.576927 s","Success"
"tacc-alamo","	","openstack-create-publicvm","7968774","7968770","7641142","2013-05-08T05:12:21.000-04:00","Success","","cloud-create cloudcreate img ami-0000000a create 62.203357 s ping 30.026598 s warnings 1 ssh 30.94362 s destroy 3.903452 s","Success"
"tacc-alamo","	","openstack-create-publicvm","7969191","7969190","7641142","2013-05-08T08:56:07.000-04:00","Success","","cloud-create cloudcreate img ami-0000000a create 62.311536 s ping 30.034649 s warnings 1 ssh 30.990338 s destroy 0.574131 s","Success"
"tacc-alamo","	","openstack-create-publicvm","7969984","7969983","7641142","2013-05-08T11:56:07.000-04:00","Success","","cloud-create cloudcreate img ami-0000000a create 62.351284 s ping 30.033737 s warnings 1 ssh 30.988393 s destroy 0.552679 s","Success"
"tacc-alamo","	","openstack-create-publicvm","7970986","7970985","7641142","2013-05-08T14:56:07.000-04:00","Success","","cloud-create cloudcreate img ami-0000000a create 62.241713 s ping 30.034429 s warnings 1 ssh 30.987455 s destroy 0.634459 s","Success"
"tacc-alamo","	","openstack-create-publicvm","7971959","7971958","7641142","2013-05-08T17:56:07.000-04:00","Success","","cloud-create cloudcreate img ami-0000000a create 62.268156 s ping 30.029407 s warnings 1 ssh 30.932408 s destroy 0.534082 s","Success"