resource, targetResource, nickname, instanceId, reportId, configId, collected, exit_status, exit_message, body, comparisonResult"inca","ucsd-sierra","nimbus-create-publicvm","5466018","5466017","5463209","2012-06-07T03:55:48.000-04:00","Success","","cloud-create cloudcreate img hello-cloud.gz create 37.821931 s ping 30.089545 s ssh 31.182799 s destroy 6.72076 s","Success"
"inca","ucsd-sierra","nimbus-create-publicvm","5474276","5474275","5463209","2012-06-08T03:56:24.000-04:00","Success","","cloud-create cloudcreate img hello-cloud.gz create 33.009664 s ping 70.086331 s ssh 31.206254 s destroy 6.987418 s","Success"
"inca","ucsd-sierra","nimbus-create-publicvm","5482531","5482530","5463209","2012-06-09T03:56:31.000-04:00","Success","","cloud-create cloudcreate img hello-cloud.gz create 40.344157 s ping 70.084293 s ssh 31.184887 s destroy 6.717334 s","Success"
"inca","ucsd-sierra","nimbus-create-publicvm","5491111","5491110","5463209","2012-06-10T03:55:49.000-04:00","Success","","cloud-create cloudcreate img hello-cloud.gz create 37.902408 s ping 30.089652 s ssh 31.187188 s destroy 6.719602 s","Success"
"inca","ucsd-sierra","nimbus-create-publicvm","5499691","5499690","5463209","2012-06-11T03:55:49.000-04:00","Success","","cloud-create cloudcreate img hello-cloud.gz create 38.236168 s ping 30.089266 s ssh 31.181063 s destroy 6.675079 s","Success"
"inca","ucsd-sierra","nimbus-create-publicvm","5507942","5507941","5463209","2012-06-12T03:55:48.000-04:00","Success","","cloud-create cloudcreate img hello-cloud.gz create 37.838435 s ping 30.096091 s ssh 31.182086 s destroy 6.698309 s","Success"
"inca","ucsd-sierra","nimbus-create-publicvm","5516219","5516218","5463209","2012-06-13T03:56:32.000-04:00","Success","","cloud-create cloudcreate img hello-cloud.gz create 41.184256 s ping 70.087148 s ssh 31.183507 s destroy 6.85846 s","Success"
"inca","ucsd-sierra","nimbus-create-publicvm","5524224","5524223","5463209","2012-06-14T03:55:50.000-04:00","Success","","cloud-create cloudcreate img hello-cloud.gz create 39.972599 s ping 30.089554 s ssh 31.183754 s destroy 6.700136 s","Success"
"inca","ucsd-sierra","nimbus-create-publicvm","5530194","5530193","5463209","2012-06-15T03:55:44.000-04:00","Success","","cloud-create cloudcreate img hello-cloud.gz create 33.716701 s ping 30.090236 s ssh 31.188556 s destroy 6.74434 s","Success"
"inca","ucsd-sierra","nimbus-create-publicvm","5538118","5538117","5463209","2012-06-16T03:55:36.000-04:00","Success","","cloud-create cloudcreate img hello-cloud.gz create 25.490984 s ping 30.092242 s ssh 31.189544 s destroy 6.657692 s","Success"
"inca","ucsd-sierra","nimbus-create-publicvm","5546023","5546022","5463209","2012-06-17T03:55:46.000-04:00","Success","","cloud-create cloudcreate img hello-cloud.gz create 36.102134 s ping 30.08906 s ssh 31.187318 s destroy 6.96038 s","Success"
"inca","ucsd-sierra","nimbus-create-publicvm","5553916","5553915","5463209","2012-06-18T03:55:49.000-04:00","Success","","cloud-create cloudcreate img hello-cloud.gz create 38.190117 s ping 30.089799 s ssh 31.181283 s destroy 6.706792 s","Success"
"inca","ucsd-sierra","nimbus-create-publicvm","5562041","5562040","5463209","2012-06-19T03:55:49.000-04:00","Success","","cloud-create cloudcreate img hello-cloud.gz create 38.409986 s ping 30.088113 s ssh 31.183141 s destroy 6.798779 s","Success"
"inca","ucsd-sierra","nimbus-create-publicvm","5570221","5570220","5463209","2012-06-20T03:56:29.000-04:00","Success","","cloud-create cloudcreate img hello-cloud.gz create 38.394709 s ping 70.087441 s ssh 31.191025 s destroy 6.902652 s","Success"
"inca","ucsd-sierra","nimbus-create-publicvm","5574960","5574959","5463209","2012-06-20T17:45:19.000-04:00","Success","","cloud-create cloudcreate img hello-cloud.gz create 41.729937 s ping 30.089124 s ssh 31.1914 s destroy 6.625863 s","Success"
"inca","ucsd-sierra","nimbus-create-publicvm","5578435","5578434","5463209","2012-06-21T03:55:46.000-04:00","Success","","cloud-create cloudcreate img hello-cloud.gz create 34.947824 s ping 30.080812 s ssh 31.186998 s destroy 6.8348 s","Success"
"inca","ucsd-sierra","nimbus-create-publicvm","5586315","5586314","5463209","2012-06-22T03:59:02.000-04:00","Success","","cloud-create cloudcreate img hello-cloud.gz create 37.799691 s ping 70.085794 s ssh 184.213967 s destroy 6.724755 s","Success"
"inca","ucsd-sierra","nimbus-create-publicvm","5594147","5594146","5463209","2012-06-23T03:55:52.000-04:00","Success","","cloud-create cloudcreate img hello-cloud.gz create 40.688752 s ping 30.090694 s ssh 31.181705 s destroy 6.841087 s","Success"
"inca","ucsd-sierra","nimbus-create-publicvm","5601922","5601921","5463209","2012-06-24T03:55:35.000-04:00","Success","","cloud-create cloudcreate img hello-cloud.gz create 25.011526 s ping 30.13641 s ssh 31.180892 s destroy 6.812502 s","Success"
"inca","ucsd-sierra","nimbus-create-publicvm","5609613","5609612","5463209","2012-06-25T03:55:46.000-04:00","Success","","cloud-create cloudcreate img hello-cloud.gz create 34.895578 s ping 30.133168 s ssh 31.181272 s destroy 6.88029 s","Success"
"inca","ucsd-sierra","nimbus-create-publicvm","5615926","5615925","5463209","2012-06-26T03:55:35.000-04:00","Success","","cloud-create cloudcreate img hello-cloud.gz create 25.117951 s ping 30.08892 s ssh 31.184084 s destroy 6.555312 s","Success"
"inca","ucsd-sierra","nimbus-create-publicvm","5622902","5622901","5463209","2012-06-27T03:55:37.000-04:00","Success","","cloud-create cloudcreate img hello-cloud.gz create 25.623973 s ping 30.088588 s ssh 31.182364 s destroy 7.032488 s","Success"
"inca","ucsd-sierra","nimbus-create-publicvm","5630647","5630646","5463209","2012-06-28T03:55:37.000-04:00","Success","","cloud-create cloudcreate img hello-cloud.gz create 26.120956 s ping 30.090765 s ssh 31.191426 s destroy 7.64793 s","Success"
"inca","ucsd-sierra","nimbus-create-publicvm","5638480","5638479","5463209","2012-06-29T03:56:18.000-04:00","Success","","cloud-create cloudcreate img hello-cloud.gz create 26.146571 s ping 70.086654 s ssh 31.192589 s destroy 7.209722 s","Success"
"inca","ucsd-sierra","nimbus-create-publicvm","5646369","5646368","5463209","2012-06-30T03:55:52.000-04:00","Success","","cloud-create cloudcreate img hello-cloud.gz create 40.991831 s ping 30.095867 s ssh 31.195051 s destroy 7.125254 s","Success"
"inca","ucsd-sierra","nimbus-create-publicvm","5654310","5654309","5463209","2012-07-01T04:02:35.000-04:00","Success","","cloud-create cloudcreate img hello-cloud.gz create 429.141895 s ping 30.097268 s ssh 31.188883 s destroy 21.570002 s","Success"
"inca","ucsd-sierra","nimbus-create-publicvm","5662080","5662079","5463209","2012-07-02T03:55:52.000-04:00","Success","","cloud-create cloudcreate img hello-cloud.gz create 40.42624 s ping 30.090542 s ssh 31.184288 s destroy 6.996757 s","Success"
"inca","ucsd-sierra","nimbus-create-publicvm","5669936","5669935","5463209","2012-07-03T03:55:48.000-04:00","Success","","cloud-create cloudcreate img hello-cloud.gz create 37.783244 s ping 30.105498 s ssh 31.184262 s destroy 6.628864 s","Success"
"inca","ucsd-sierra","nimbus-create-publicvm","5684055","5684054","5463209","2012-07-05T03:55:58.000-04:00","Success","","cloud-create cloudcreate img hello-cloud.gz create 46.299031 s ping 30.104283 s ssh 31.183601 s destroy 6.920964 s","Success"
"inca","ucsd-sierra","nimbus-create-publicvm","5692526","5692525","5463209","2012-07-06T03:56:29.000-04:00","Success","","cloud-create cloudcreate img hello-cloud.gz create 37.621953 s ping 70.115025 s ssh 31.377455 s destroy 7.081238 s","Success"
"inca","ucsd-sierra","nimbus-create-publicvm","5695505","5695504","5463209","2012-07-06T12:20:51.000-04:00","Success","","cloud-create cloudcreate img hello-cloud.gz create 39.243382 s ping 30.101301 s ssh 31.382927 s destroy 7.056497 s","Success"
"inca","ucsd-sierra","nimbus-create-publicvm","5704045","5704044","5463209","2012-07-07T12:20:56.000-04:00","Success","","cloud-create cloudcreate img hello-cloud.gz create 44.512315 s ping 30.090837 s ssh 31.208057 s destroy 7.039977 s","Success"
"inca","ucsd-sierra","nimbus-create-publicvm","5712540","5712539","5463209","2012-07-08T12:21:34.000-04:00","Success","","cloud-create cloudcreate img hello-cloud.gz create 43.179036 s ping 70.087044 s ssh 31.186791 s destroy 6.67503 s","Success"
"inca","ucsd-sierra","nimbus-create-publicvm","5721014","5721013","5463209","2012-07-09T12:21:29.000-04:00","Success","","cloud-create cloudcreate img hello-cloud.gz create 38.374256 s ping 70.085595 s ssh 31.186885 s destroy 6.940701 s","Success"
"inca","ucsd-sierra","nimbus-create-publicvm","5729424","5729423","5463209","2012-07-10T12:21:17.000-04:00","Success","","cloud-create cloudcreate img hello-cloud.gz create 26.226294 s ping 70.087287 s ssh 31.184736 s destroy 6.923309 s","Success"
"inca","ucsd-sierra","nimbus-create-publicvm","5738106","5738105","5463209","2012-07-11T12:20:52.000-04:00","Success","","cloud-create cloudcreate img hello-cloud.gz create 40.630289 s ping 30.087596 s ssh 31.182098 s destroy 7.112064 s","Success"
"inca","ucsd-sierra","nimbus-create-publicvm","5746711","5746710","5463209","2012-07-12T12:21:34.000-04:00","Success","","cloud-create cloudcreate img hello-cloud.gz create 43.202756 s ping 70.086876 s ssh 31.182641 s destroy 6.822351 s","Success"
"inca","ucsd-sierra","nimbus-create-publicvm","5755153","5755152","5463209","2012-07-13T12:21:49.000-04:00","Success","","cloud-create cloudcreate img hello-cloud.gz create 26.834335 s ping 70.087489 s ssh 62.477279 s destroy 6.757668 s","Success"
"inca","ucsd-sierra","nimbus-create-publicvm","5768075","5768074","5463209","2012-07-16T12:20:55.000-04:00","Success","","cloud-create cloudcreate img hello-cloud.gz create 35.555468 s ping 30.079498 s ssh 40.184494 s destroy 6.63464 s","Success"
"inca","ucsd-sierra","nimbus-create-publicvm","5776538","5776537","5463209","2012-07-17T12:22:59.000-04:00","Success","","cloud-create cloudcreate img hello-cloud.gz create 25.803401 s ping 70.088215 s ssh 133.223856 s destroy 6.862801 s","Success"
"inca","ucsd-sierra","nimbus-create-publicvm","5784948","5784947","5463209","2012-07-18T12:20:36.000-04:00","Success","","cloud-create cloudcreate img hello-cloud.gz create 25.169189 s ping 30.086385 s ssh 31.182299 s destroy 6.981058 s","Success"
"inca","ucsd-sierra","nimbus-create-publicvm","5793415","5793414","5463209","2012-07-19T12:20:53.000-04:00","Success","","cloud-create cloudcreate img hello-cloud.gz create 41.9544 s ping 30.102263 s ssh 31.374603 s destroy 7.008005 s","Success"
"inca","ucsd-sierra","nimbus-create-publicvm","5801836","5801835","5463209","2012-07-20T12:21:16.000-04:00","Success","","cloud-create cloudcreate img hello-cloud.gz create 25.561835 s ping 70.085457 s ssh 31.183152 s destroy 6.84976 s","Success"
"inca","ucsd-sierra","nimbus-create-publicvm","5810256","5810255","5463209","2012-07-21T12:20:52.000-04:00","Success","","cloud-create cloudcreate img hello-cloud.gz create 40.898801 s ping 30.183995 s ssh 31.183244 s destroy 7.001159 s","Success"
"inca","ucsd-sierra","nimbus-create-publicvm","5818726","5818725","5463209","2012-07-22T12:20:37.000-04:00","Success","","cloud-create cloudcreate img hello-cloud.gz create 25.534029 s ping 30.089794 s ssh 31.180738 s destroy 7.012529 s","Success"
"inca","ucsd-sierra","nimbus-create-publicvm","5827190","5827189","5463209","2012-07-23T12:21:34.000-04:00","Success","","cloud-create cloudcreate img hello-cloud.gz create 42.730302 s ping 70.086129 s ssh 31.18532 s destroy 7.184981 s","Success"
"inca","ucsd-sierra","nimbus-create-publicvm","5835687","5835686","5463209","2012-07-24T12:21:32.000-04:00","Success","","cloud-create cloudcreate img hello-cloud.gz create 41.210726 s ping 70.0879 s ssh 31.19071 s destroy 6.679094 s","Success"
"inca","ucsd-sierra","nimbus-create-publicvm","5844109","5844108","5463209","2012-07-25T12:20:36.000-04:00","Success","","cloud-create cloudcreate img hello-cloud.gz create 26.335593 s ping 30.183357 s ssh 31.195319 s destroy 6.845115 s","Success"
"inca","ucsd-sierra","nimbus-create-publicvm","5852590","5852589","5463209","2012-07-26T12:21:39.000-04:00","Success","","cloud-create cloudcreate img hello-cloud.gz create 48.145035 s ping 70.087481 s ssh 31.195481 s destroy 6.681268 s","Success"
"inca","ucsd-sierra","nimbus-create-publicvm","5861069","5861068","5463209","2012-07-27T12:20:51.000-04:00","Success","","cloud-create cloudcreate img hello-cloud.gz create 41.259407 s ping 30.095053 s ssh 31.192959 s destroy 6.643127 s","Success"
"inca","ucsd-sierra","nimbus-create-publicvm","5869506","5869505","5463209","2012-07-28T12:20:48.000-04:00","Success","","cloud-create cloudcreate img hello-cloud.gz create 38.025624 s ping 30.089713 s ssh 31.192338 s destroy 6.537576 s","Success"
"inca","ucsd-sierra","nimbus-create-publicvm","5877988","5877987","5463209","2012-07-29T12:20:51.000-04:00","Success","","cloud-create cloudcreate img hello-cloud.gz create 40.508631 s ping 30.092786 s ssh 31.192494 s destroy 6.972287 s","Success"
"inca","ucsd-sierra","nimbus-create-publicvm","5886522","5886521","5463209","2012-07-30T12:21:27.000-04:00","Success","","cloud-create cloudcreate img hello-cloud.gz create 36.320924 s ping 70.086454 s ssh 31.19398 s destroy 7.028587 s","Success"
"inca","ucsd-sierra","nimbus-create-publicvm","5894981","5894980","5463209","2012-07-31T12:20:46.000-04:00","Success","","cloud-create cloudcreate img hello-cloud.gz create 35.570002 s ping 30.080481 s ssh 31.193795 s destroy 6.640479 s","Success"
"inca","ucsd-sierra","nimbus-create-publicvm","5903444","5903443","5463209","2012-08-01T12:20:47.000-04:00","Success","","cloud-create cloudcreate img hello-cloud.gz create 35.922422 s ping 30.167016 s ssh 31.192156 s destroy 6.770408 s","Success"
"inca","ucsd-sierra","nimbus-create-publicvm","5911920","5911919","5463209","2012-08-02T12:19:07.000-04:00","Failure","DOWNTIME:2059: Command '/home/inca/nimbus-cloud-client-021/bin/cloud-client.sh --conf /home/inca/nimbus-cloud-client-021/conf/sierra.conf --run --name hello-cloud.gz --hours 1' failed "Problem:"","","Failure:errorMessage errorMessage errorMessage errorMessage"
"inca","ucsd-sierra","nimbus-create-publicvm","5920498","5920497","5463209","2012-08-03T12:20:50.000-04:00","Success","","cloud-create cloudcreate img hello-cloud.gz create 39.331753 s ping 30.091188 s ssh 31.193649 s destroy 6.731499 s","Success"
"inca","ucsd-sierra","nimbus-create-publicvm","5928950","5928949","5463209","2012-08-04T12:21:31.000-04:00","Success","","cloud-create cloudcreate img hello-cloud.gz create 40.723992 s ping 70.087271 s ssh 31.196764 s destroy 6.85445 s","Success"
"inca","ucsd-sierra","nimbus-create-publicvm","5937408","5937407","5463209","2012-08-05T12:21:15.000-04:00","Success","","cloud-create cloudcreate img hello-cloud.gz create 25.332125 s ping 70.086563 s ssh 31.191478 s destroy 6.698493 s","Success"
"inca","ucsd-sierra","nimbus-create-publicvm","5945848","5945847","5463209","2012-08-06T12:21:18.000-04:00","Success","","cloud-create cloudcreate img hello-cloud.gz create 27.051718 s ping 70.086693 s ssh 31.193533 s destroy 6.68906 s","Success"
"inca","ucsd-sierra","nimbus-create-publicvm","5954214","5954213","5463209","2012-08-07T12:20:53.000-04:00","Success","","cloud-create cloudcreate img hello-cloud.gz create 41.761844 s ping 30.091321 s ssh 31.191327 s destroy 6.896147 s","Success"
"inca","ucsd-sierra","nimbus-create-publicvm","5961610","5961609","5463209","2012-08-08T12:20:37.000-04:00","Success","","cloud-create cloudcreate img hello-cloud.gz create 25.602685 s ping 30.089282 s ssh 31.192941 s destroy 7.05293 s","Success"
"inca","ucsd-sierra","nimbus-create-publicvm","5978889","5978888","5463209","2012-08-11T12:21:34.000-04:00","Success","","cloud-create cloudcreate img hello-cloud.gz create 43.670239 s ping 70.087199 s ssh 31.195185 s destroy 6.726598 s","Success""inca","ucsd-sierra","nimbus-create-publicvm","5986893","5986892","5463209","2012-08-12T12:21:31.000-04:00","Success","","cloud-create cloudcreate img hello-cloud.gz create 40.763485 s ping 70.086273 s ssh 31.193598 s destroy 6.492232 s","Success"
"inca","ucsd-sierra","nimbus-create-publicvm","5995136","5995135","5463209","2012-08-13T12:21:27.000-04:00","Success","","cloud-create cloudcreate img hello-cloud.gz create 36.840132 s ping 70.086694 s ssh 31.193405 s destroy 6.560848 s","Success"
"inca","ucsd-sierra","nimbus-create-publicvm","6003481","6003480","5463209","2012-08-14T12:21:34.000-04:00","Success","","cloud-create cloudcreate img hello-cloud.gz create 42.583758 s ping 70.087385 s ssh 31.193867 s destroy 6.770763 s","Success"
"inca","ucsd-sierra","nimbus-create-publicvm","6011823","6011822","5463209","2012-08-15T12:21:32.000-04:00","Success","","cloud-create cloudcreate img hello-cloud.gz create 42.061117 s ping 70.08562 s ssh 31.19171 s destroy 6.782803 s","Success"
"inca","ucsd-sierra","nimbus-create-publicvm","6028077","6028076","5463209","2012-08-17T12:20:47.000-04:00","Success","","cloud-create cloudcreate img hello-cloud.gz create 36.822349 s ping 30.090539 s ssh 31.192332 s destroy 6.847663 s","Success"
"inca","ucsd-sierra","nimbus-create-publicvm","6036381","6036380","5463209","2012-08-18T12:21:31.000-04:00","Success","","cloud-create cloudcreate img hello-cloud.gz create 40.533687 s ping 70.089116 s ssh 31.191467 s destroy 6.694176 s","Success"
"inca","ucsd-sierra","nimbus-create-publicvm","6044600","6044599","5463209","2012-08-19T12:21:26.000-04:00","Success","","cloud-create cloudcreate img hello-cloud.gz create 35.754292 s ping 70.08867 s ssh 31.194827 s destroy 6.695679 s","Success"
"inca","ucsd-sierra","nimbus-create-publicvm","6052901","6052900","5463209","2012-08-20T12:20:48.000-04:00","Success","","cloud-create cloudcreate img hello-cloud.gz create 38.531328 s ping 30.07912 s ssh 31.190927 s destroy 6.410998 s","Success"
"inca","ucsd-sierra","nimbus-create-publicvm","6059440","6059439","5463209","2012-08-21T12:57:54.000-04:00","Success","","cloud-create cloudcreate img hello-cloud.gz create 39.025688 s ping 70.094548 s ssh 31.191357 s destroy 6.922802 s","Success"
"inca","ucsd-sierra","nimbus-create-publicvm","6059558","6059557","5463209","2012-08-21T13:45:46.000-04:00","Failure","Command '/home/inca/nimbus-cloud-client-021/bin/cloud-client.sh --conf /home/inca/nimbus-cloud-client-021/conf/sierra.conf --run --name hello-cloud.gz --hours 1' failed "Problem:"","","Failure:errorMessage errorMessage errorMessage errorMessage"
"inca","ucsd-sierra","nimbus-create-publicvm","6059579","6059578","5463209","2012-08-21T13:49:32.000-04:00","Success","","cloud-create cloudcreate img hello-cloud.gz create 35.213369 s ping 30.135078 s ssh 31.191917 s destroy 6.633 s","Success"
"inca","ucsd-sierra","nimbus-create-publicvm","6067290","6067289","5463209","2012-08-22T12:19:01.000-04:00","Success","Command '/home/inca/nimbus-cloud-client-021/bin/cloud-client.sh --conf /home/inca/nimbus-cloud-client-021/conf/sierra.conf --run --name hello-cloud.gz --hours 1' failed "Error occurred during initialization of VM
Could not reserve enough space for object heap
Could not create the Java virtual machine.
"","","Success"
"inca","ucsd-sierra","nimbus-create-publicvm","6075679","6075678","5463209","2012-08-23T12:20:52.000-04:00","Success","","cloud-create cloudcreate img hello-cloud.gz create 40.769702 s ping 30.131177 s ssh 31.195504 s destroy 6.847639 s","Success"
"inca","ucsd-sierra","nimbus-create-publicvm","6080812","6080811","5463209","2012-08-24T12:21:29.000-04:00","Success","","cloud-create cloudcreate img hello-cloud.gz create 37.883162 s ping 70.087985 s ssh 31.193678 s destroy 6.898602 s","Success"
"inca","ucsd-sierra","nimbus-create-publicvm","6089148","6089147","5463209","2012-08-25T12:21:25.000-04:00","Success","","cloud-create cloudcreate img hello-cloud.gz create 35.461325 s ping 70.087289 s ssh 31.195857 s destroy 6.545965 s","Success"
"inca","ucsd-sierra","nimbus-create-publicvm","6097506","6097505","5463209","2012-08-26T12:21:29.000-04:00","Success","","cloud-create cloudcreate img hello-cloud.gz create 37.712625 s ping 70.08713 s ssh 31.192427 s destroy 6.814453 s","Success"
"inca","ucsd-sierra","nimbus-create-publicvm","6105817","6105816","5463209","2012-08-27T12:21:27.000-04:00","Success","","cloud-create cloudcreate img hello-cloud.gz create 36.367194 s ping 70.086381 s ssh 31.193836 s destroy 6.755278 s","Success"
"inca","ucsd-sierra","nimbus-create-publicvm","6114216","6114215","5463209","2012-08-28T12:21:27.000-04:00","Success","","cloud-create cloudcreate img hello-cloud.gz create 36.520515 s ping 70.088004 s ssh 31.194014 s destroy 6.494334 s","Success"
"inca","ucsd-sierra","nimbus-create-publicvm","6122671","6122670","5463209","2012-08-29T12:20:49.000-04:00","Success","","cloud-create cloudcreate img hello-cloud.gz create 38.370242 s ping 30.116463 s ssh 31.191923 s destroy 6.673661 s","Success"
"inca","ucsd-sierra","nimbus-create-publicvm","6131077","6131076","5463209","2012-08-30T12:20:50.000-04:00","Success","","cloud-create cloudcreate img hello-cloud.gz create 38.636525 s ping 30.089739 s ssh 31.193163 s destroy 6.963028 s","Success"
"inca","ucsd-sierra","nimbus-create-publicvm","6139448","6139447","5463209","2012-08-31T12:21:29.000-04:00","Success","","cloud-create cloudcreate img hello-cloud.gz create 38.77812 s ping 70.089582 s ssh 31.214542 s destroy 6.547642 s","Success"
"inca","ucsd-sierra","nimbus-create-publicvm","6147823","6147822","5463209","2012-09-01T12:21:30.000-04:00","Success","","cloud-create cloudcreate img hello-cloud.gz create 38.622365 s ping 70.090321 s ssh 31.196205 s destroy 6.936896 s","Success"
"inca","ucsd-sierra","nimbus-create-publicvm","6155922","6067289","5463209","2012-09-02T12:19:01.000-04:00","Success","Command '/home/inca/nimbus-cloud-client-021/bin/cloud-client.sh --conf /home/inca/nimbus-cloud-client-021/conf/sierra.conf --run --name hello-cloud.gz --hours 1' failed "Error occurred during initialization of VM
Could not reserve enough space for object heap
Could not create the Java virtual machine.
"","","Success"
"inca","ucsd-sierra","nimbus-create-publicvm","6167374","6167373","5463209","2012-09-04T12:21:33.000-04:00","Success","","cloud-create cloudcreate img hello-cloud.gz create 42.055783 s ping 70.090187 s ssh 31.196329 s destroy 6.946517 s","Success"
"inca","ucsd-sierra","nimbus-create-publicvm","6184104","6184103","5463209","2012-09-06T12:21:30.000-04:00","Success","","cloud-create cloudcreate img hello-cloud.gz create 38.65545 s ping 70.128919 s ssh 31.204854 s destroy 6.740365 s","Success"
"inca","ucsd-sierra","nimbus-create-publicvm","6192408","6192407","5463209","2012-09-07T12:20:53.000-04:00","Success","","cloud-create cloudcreate img hello-cloud.gz create 42.027287 s ping 30.141678 s ssh 31.206232 s destroy 6.83398 s","Success"
"inca","ucsd-sierra","nimbus-create-publicvm","6200720","6200719","5463209","2012-09-08T12:21:18.000-04:00","Success","","cloud-create cloudcreate img hello-cloud.gz create 26.834639 s ping 70.08897 s ssh 31.205086 s destroy 6.856633 s","Success"
"inca","ucsd-sierra","nimbus-create-publicvm","6217672","6067289","5463209","2012-09-11T12:19:01.000-04:00","Success","Command '/home/inca/nimbus-cloud-client-021/bin/cloud-client.sh --conf /home/inca/nimbus-cloud-client-021/conf/sierra.conf --run --name hello-cloud.gz --hours 1' failed "Error occurred during initialization of VM
Could not reserve enough space for object heap
Could not create the Java virtual machine.
"","","Success"
"inca","ucsd-sierra","nimbus-create-publicvm","6229168","6067289","5463209","2012-09-12T12:19:01.000-04:00","Success","Command '/home/inca/nimbus-cloud-client-021/bin/cloud-client.sh --conf /home/inca/nimbus-cloud-client-021/conf/sierra.conf --run --name hello-cloud.gz --hours 1' failed "Error occurred during initialization of VM
Could not reserve enough space for object heap
Could not create the Java virtual machine.
"","","Success"
"inca","ucsd-sierra","nimbus-create-publicvm","6231394","6231393","5463209","2012-09-12T22:47:37.000-04:00","Success","","cloud-create cloudcreate img hello-cloud.gz create 36.160074 s ping 70.087603 s ssh 31.194598 s destroy 11.954826 s","Success"
"inca","ucsd-sierra","nimbus-create-publicvm","6237929","6237928","5463209","2012-09-13T12:20:49.000-04:00","Success","","cloud-create cloudcreate img hello-cloud.gz create 37.22844 s ping 30.169486 s ssh 31.192647 s destroy 6.908567 s","Success"
"inca","ucsd-sierra","nimbus-create-publicvm","6246921","6246920","5463209","2012-09-14T12:20:49.000-04:00","Success","","cloud-create cloudcreate img hello-cloud.gz create 37.219534 s ping 30.11654 s ssh 31.192852 s destroy 6.765748 s","Success"
"inca","ucsd-sierra","nimbus-create-publicvm","6255809","6255808","5463209","2012-09-15T12:20:54.000-04:00","Success","","cloud-create cloudcreate img hello-cloud.gz create 42.183764 s ping 30.192963 s ssh 31.201254 s destroy 7.19906 s","Success"
"inca","ucsd-sierra","nimbus-create-publicvm","6264701","6264700","5463209","2012-09-16T12:20:51.000-04:00","Success","","cloud-create cloudcreate img hello-cloud.gz create 38.520306 s ping 30.110254 s ssh 31.283969 s destroy 6.998554 s","Success"
"inca","ucsd-sierra","nimbus-create-publicvm","6273520","6273519","5463209","2012-09-17T12:20:48.000-04:00","Success","","cloud-create cloudcreate img hello-cloud.gz create 34.994325 s ping 30.124447 s ssh 31.195139 s destroy 7.050091 s","Success"
"inca","ucsd-sierra","nimbus-create-publicvm","6289204","6289203","5463209","2012-09-19T12:20:50.000-04:00","Success","","cloud-create cloudcreate img hello-cloud.gz create 37.489076 s ping 30.134857 s ssh 31.197832 s destroy 7.907809 s","Success"
"inca","ucsd-sierra","nimbus-create-publicvm","6297823","6297822","5463209","2012-09-20T12:20:49.000-04:00","Success","","cloud-create cloudcreate img hello-cloud.gz create 36.914606 s ping 30.12161 s ssh 31.204876 s destroy 7.679969 s","Success"
"inca","ucsd-sierra","nimbus-create-publicvm","6304364","6304363","5463209","2012-09-21T12:21:22.000-04:00","Success","","cloud-create cloudcreate img hello-cloud.gz create 38.706555 s ping 30.082265 s ssh 61.386209 s destroy 9.3109 s","Success"
"inca","ucsd-sierra","nimbus-create-publicvm","6312574","6312573","5463209","2012-09-22T12:20:51.000-04:00","Success","","cloud-create cloudcreate img hello-cloud.gz create 38.743127 s ping 30.110194 s ssh 31.208568 s destroy 8.352538 s","Success"
"inca","ucsd-sierra","nimbus-create-publicvm","6325016","6325015","5463209","2012-09-24T12:20:48.000-04:00","Success","","cloud-create cloudcreate img hello-cloud.gz create 36.719528 s ping 30.124914 s ssh 31.199818 s destroy 8.143382 s","Success"
"inca","ucsd-sierra","nimbus-create-publicvm","6331730","6331729","5463209","2012-09-26T12:29:01.000-04:00","Failure","DOWNTIME:2226: Command '/home/inca/nimbus-cloud-client-021/bin/cloud-client.sh --conf /home/inca/nimbus-cloud-client-021/conf/sierra.conf --run --name hello-cloud.gz --hours 1' timed out after 600 secs ","","Failure:errorMessage errorMessage errorMessage errorMessage"
"inca","ucsd-sierra","nimbus-create-publicvm","6337819","6337818","5463209","2012-09-27T12:20:48.000-04:00","Success","","cloud-create cloudcreate img hello-cloud.gz create 36.37336 s ping 30.129968 s ssh 31.20725 s destroy 8.054681 s","Success"
"inca","ucsd-sierra","nimbus-create-publicvm","6344665","6344664","5463209","2012-09-29T12:20:49.000-04:00","Success","","cloud-create cloudcreate img hello-cloud.gz create 37.010705 s ping 30.080712 s ssh 31.20055 s destroy 8.202955 s","Success"
"inca","ucsd-sierra","nimbus-create-publicvm","6352711","6352710","5463209","2012-09-30T12:20:48.000-04:00","Success","","cloud-create cloudcreate img hello-cloud.gz create 35.485256 s ping 30.115738 s ssh 31.198853 s destroy 7.80553 s","Success"
"inca","ucsd-sierra","nimbus-create-publicvm","6360122","6360121","5463209","2012-10-01T12:19:03.000-04:00","Failure","DOWNTIME:2226: Command '/home/inca/nimbus-cloud-client-021/bin/cloud-client.sh --conf /home/inca/nimbus-cloud-client-021/conf/sierra.conf --run --name hello-cloud.gz --hours 1' failed "Problem:"","","Failure:errorMessage errorMessage errorMessage errorMessage"
"inca","ucsd-sierra","nimbus-create-publicvm","6367758","6367757","5463209","2012-10-02T12:21:31.000-04:00","Success","","cloud-create cloudcreate img hello-cloud.gz create 39.591218 s ping 70.129958 s ssh 31.196627 s destroy 7.47757 s","Success"
"inca","ucsd-sierra","nimbus-create-publicvm","6369854","6369853","5463209","2012-10-02T18:52:40.000-04:00","Success","","cloud-create cloudcreate img hello-cloud.gz create 49.855229 s ping 70.087671 s ssh 31.200997 s destroy 7.881736 s","Success"
"inca","ucsd-sierra","nimbus-create-publicvm","6370036","6370035","5463209","2012-10-02T19:23:29.000-04:00","Success","","cloud-create cloudcreate img hello-cloud.gz create 41.236125 s ping 30.120156 s ssh 31.202485 s destroy 7.551588 s","Success"
"inca","ucsd-sierra","nimbus-create-publicvm","6395191","6395190","5463209","2012-10-09T12:21:18.000-04:00","Success","","cloud-create cloudcreate img hello-cloud.gz create 25.262476 s ping 70.127031 s ssh 31.206875 s destroy 8.15941 s","Success"
"inca","ucsd-sierra","nimbus-create-publicvm","6400869","6400868","5463209","2012-10-10T12:21:35.000-04:00","Success","","cloud-create cloudcreate img hello-cloud.gz create 42.965744 s ping 70.102489 s ssh 31.199917 s destroy 8.097216 s","Success"
"inca","ucsd-sierra","nimbus-create-publicvm","6406950","6406949","5463209","2012-10-11T12:29:54.000-04:00","Failure","cloud client reports VMs are running but no VMs are pingable after 600 seconds","","Failure:errorMessage errorMessage errorMessage errorMessage"
"inca","ucsd-sierra","nimbus-create-publicvm","6408010","6408009","5463209","2012-10-11T15:51:50.000-04:00","Success","","cloud-create cloudcreate img hello-cloud.gz create 65.863369 s ping 32.590448 s ssh 31.194252 s destroy 7.719572 s","Success"
"inca","ucsd-sierra","nimbus-create-publicvm","6412627","6412626","5463209","2012-10-12T12:21:14.000-04:00","Success","","cloud-create cloudcreate img hello-cloud.gz create 46.176252 s ping 30.821616 s ssh 31.808938 s destroy 16.233913 s","Success"
"inca","ucsd-sierra","nimbus-create-publicvm","6420257","6420256","5463209","2012-10-13T12:20:59.000-04:00","Success","","cloud-create cloudcreate img hello-cloud.gz create 47.279348 s ping 30.123112 s ssh 31.199265 s destroy 7.840973 s","Success"
"inca","ucsd-sierra","nimbus-create-publicvm","6427754","6427753","5463209","2012-10-14T12:21:35.000-04:00","Success","","cloud-create cloudcreate img hello-cloud.gz create 43.129406 s ping 70.121794 s ssh 31.200622 s destroy 7.700213 s","Success"
"inca","ucsd-sierra","nimbus-create-publicvm","6435323","6435322","5463209","2012-10-15T12:20:51.000-04:00","Success","","cloud-create cloudcreate img hello-cloud.gz create 39.582948 s ping 30.113668 s ssh 31.199164 s destroy 7.443671 s","Success"
"inca","ucsd-sierra","nimbus-create-publicvm","6440257","6440256","5463209","2012-10-16T12:20:54.000-04:00","Success","","cloud-create cloudcreate img hello-cloud.gz create 42.483834 s ping 30.132928 s ssh 31.20293 s destroy 7.674337 s","Success"
"inca","ucsd-sierra","nimbus-create-publicvm","6448230","6448229","5463209","2012-10-17T12:20:50.000-04:00","Success","","cloud-create cloudcreate img hello-cloud.gz create 38.783645 s ping 30.126993 s ssh 31.19875 s destroy 7.545347 s","Success"
"inca","ucsd-sierra","nimbus-create-publicvm","6456220","6456219","5463209","2012-10-18T12:20:59.000-04:00","Success","","cloud-create cloudcreate img hello-cloud.gz create 47.303655 s ping 30.144652 s ssh 31.200845 s destroy 7.658244 s","Success"
"inca","ucsd-sierra","nimbus-create-publicvm","6464185","6464184","5463209","2012-10-19T12:21:32.000-04:00","Success","","cloud-create cloudcreate img hello-cloud.gz create 40.472979 s ping 70.117552 s ssh 31.2016 s destroy 7.819588 s","Success"
"inca","ucsd-sierra","nimbus-create-publicvm","6478290","6478289","5463209","2012-10-21T12:20:38.000-04:00","Success","","cloud-create cloudcreate img hello-cloud.gz create 27.278383 s ping 30.129015 s ssh 31.201639 s destroy 7.201459 s","Success"
"inca","ucsd-sierra","nimbus-create-publicvm","6487770","6487769","5463209","2012-10-23T12:20:53.000-04:00","Success","","cloud-create cloudcreate img hello-cloud.gz create 41.451299 s ping 30.13425 s ssh 31.203109 s destroy 7.602363 s","Success"
"inca","ucsd-sierra","nimbus-create-publicvm","6495419","6495418","5463209","2012-10-24T12:20:54.000-04:00","Success","","cloud-create cloudcreate img hello-cloud.gz create 42.28829 s ping 30.140989 s ssh 31.202984 s destroy 7.496022 s","Success"
"inca","ucsd-sierra","nimbus-create-publicvm","6503068","6503067","5463209","2012-10-25T12:20:51.000-04:00","Success","","cloud-create cloudcreate img hello-cloud.gz create 39.517581 s ping 30.119269 s ssh 31.201609 s destroy 7.993935 s","Success"
"inca","ucsd-sierra","nimbus-create-publicvm","6510729","6510728","5463209","2012-10-26T12:20:38.000-04:00","Success","","cloud-create cloudcreate img hello-cloud.gz create 26.445081 s ping 30.079448 s ssh 31.202961 s destroy 7.796884 s","Success"
"inca","ucsd-sierra","nimbus-create-publicvm","6518628","6518627","5463209","2012-10-27T12:21:36.000-04:00","Success","","cloud-create cloudcreate img hello-cloud.gz create 44.767954 s ping 70.154212 s ssh 31.203033 s destroy 7.615207 s","Success"
"inca","ucsd-sierra","nimbus-create-publicvm","6526554","6526553","5463209","2012-10-28T12:20:39.000-04:00","Success","","cloud-create cloudcreate img hello-cloud.gz create 27.363354 s ping 30.122273 s ssh 31.204889 s destroy 7.689421 s","Success"
"inca","ucsd-sierra","nimbus-create-publicvm","6534501","6534500","5463209","2012-10-29T12:20:56.000-04:00","Success","","cloud-create cloudcreate img hello-cloud.gz create 44.569352 s ping 30.137916 s ssh 31.201195 s destroy 7.58727 s","Success"
"inca","ucsd-sierra","nimbus-create-publicvm","6542219","6542218","5463209","2012-10-30T12:20:39.000-04:00","Success","","cloud-create cloudcreate img hello-cloud.gz create 27.078428 s ping 30.080425 s ssh 31.201013 s destroy 7.697877 s","Success"
"inca","ucsd-sierra","nimbus-create-publicvm","6549918","6549917","5463209","2012-10-31T12:20:49.000-04:00","Success","","cloud-create cloudcreate img hello-cloud.gz create 36.916305 s ping 30.129748 s ssh 31.203765 s destroy 8.184239 s","Success"
"inca","ucsd-sierra","nimbus-create-publicvm","6557595","6557594","5463209","2012-11-01T12:19:39.000-04:00","Failure","Command '/home/inca/nimbus-cloud-client-021/bin/cloud-client.sh --conf /home/inca/nimbus-cloud-client-021/conf/sierra.conf --run --name hello-cloud.gz --hours 1' failed "Error creating domain: (22, 'Invalid argument')")
2012-11-01 09:19:33,002 - ERROR - Problem creating the VM: POST operation failed: xend_post: error from xen daemon: (xend.err "Error creating domain: (22, 'Invalid argument')")
2012-11-01 09:19:33,002 - ERROR - POST operation failed: xend_post: error from xen daemon: (xend.err "Error creating domain: (22, 'Invalid argument')")
Traceback (most recent call last):
  File "/opt/nimbus/src/python/workspacecontrol/defaults/lvrt/lvrt_common.py", line 123, in create
    newvm = self._vmm().createXML(xml, 0)
  File "/usr/lib64/python2.4/site-packages/libvirt.py", line 1289, in createXML
    if ret is None:raise libvirtError('virDomainCreateXML() failed', conn=self)
libvirtError: POST operation failed: xend_post: error from xen daemon: (xend.err "Error creating domain: (22, 'Invalid argument')")
2012-11-01 09:19:33,004 - ERROR - Problem creating the VM: POST operation failed: xend_post: error from xen daemon: (xend.err "Error creating domain: (22, 'Invalid argument')")
Traceback (most recent call last):
  File "/opt/nimbus2.10/src/python/workspacecontrol/main/wc_core_creation.py", line 155, in _common_withnetsecurity
    _common_withtmplease(nic_set, kernel, local_file_set, c, netsecurity, platform, justprint)
  File "/opt/nimbus2.10/src/python/workspacecontrol/main/wc_core_creation.py", line 174, in _common_withtmplease
    platform.create(local_file_set, nic_set, kernel)
  File "/opt/nimbus/src/python/workspacecontrol/defaults/lvrt/lvrt_common.py", line 128, in create
    raise UnexpectedError(shorterr)
UnexpectedError: Problem creating the VM: POST operation failed: xend_post: error from xen daemon: (xend.err "Error creating domain: (22, 'Invalid argument')")
2012-11-01 09:19:33,004 - ERROR - Creation problem: going to back out tmp space lease
2012-11-01 09:19:33,005 - ERROR - Backed out tmp space lease
2012-11-01 09:19:33,005 - ERROR - Problem creating the VM: POST operation failed: xend_post: error from xen daemon: (xend.err "Error creating domain: (22, 'Invalid argument')")
Traceback (most recent call last):
  File "/opt/nimbus2.10/src/python/workspacecontrol/main/wc_core_creation.py", line 137, in _common_withnetbootstrap
    _common_withnetsecurity(vm_name, nic_set, kernel, local_file_set, p, c, netsecurity, platform, justprint)
  File "/opt/nimbus2.10/src/python/workspacecontrol/main/wc_core_creation.py", line 164, in _common_withnetsecurity
    raise e
UnexpectedError: Problem creating the VM: POST operation failed: xend_post: error from xen daemon: (xend.err "Error creating domain: (22, 'Invalid argument')")
2012-11-01 09:19:33,005 - ERROR - Creation problem: going to back out net security
2012-11-01 09:19:33,038 - ERROR - Backed out net security
2012-11-01 09:19:33,039 - ERROR - Problem creating the VM: POST operation failed: xend_post: error from xen daemon: (xend.err "Error creating domain: (22, 'Invalid argument')")
Traceback (most recent call last):
  File "/opt/nimbus2.10/src/python/workspacecontrol/main/wc_core_creation.py", line 119, in _common_withnics
    _common_withnetbootstrap(vm_name, nic_set, kernel, local_file_set, p, c, netsecurity, platform, justprint)
  File "/opt/nimbus2.10/src/python/workspacecontrol/main/wc_core_creation.py", line 146, in _common_withnetbootstrap
    raise e
UnexpectedError: Problem creating the VM: POST operation failed: xend_post: error from xen daemon: (xend.err "Error creating domain: (22, 'Invalid argument')")
2012-11-01 09:19:33,039 - ERROR - Creation problem: going to back out net bootstrap
2012-11-01 09:19:33,039 - ERROR - Backed out net bootstrap
2012-11-01 09:19:33,039 - ERROR - Problem creating the VM: POST operation failed: xend_post: error from xen daemon: (xend.err "Error creating domain: (22, 'Invalid argument')")
Traceback (most recent call last):
  File "","","Failure:errorMessage errorMessage errorMessage errorMessage"
"inca","ucsd-sierra","nimbus-create-publicvm","6565285","6565284","5463209","2012-11-02T12:20:54.000-04:00","Success","","cloud-create cloudcreate img hello-cloud.gz create 41.686187 s ping 30.118988 s ssh 31.197878 s destroy 7.908222 s","Success"
"inca","ucsd-sierra","nimbus-create-publicvm","6572981","6059557","5463209","2012-11-03T12:19:07.000-04:00","Failure","Command '/home/inca/nimbus-cloud-client-021/bin/cloud-client.sh --conf /home/inca/nimbus-cloud-client-021/conf/sierra.conf --run --name hello-cloud.gz --hours 1' failed "Problem:"","","Failure:errorMessage errorMessage errorMessage errorMessage"
"inca","ucsd-sierra","nimbus-create-publicvm","6588433","6588432","5463209","2012-11-06T12:20:49.000-05:00","Success","","cloud-create cloudcreate img hello-cloud.gz create 35.628803 s ping 30.12243 s ssh 31.19415 s destroy 9.639295 s","Success"
"inca","ucsd-sierra","nimbus-create-publicvm","6594886","6594885","5463209","2012-11-07T12:20:39.000-05:00","Success","","cloud-create cloudcreate img hello-cloud.gz create 26.718203 s ping 30.079272 s ssh 31.200935 s destroy 8.037876 s","Success"
"inca","ucsd-sierra","nimbus-create-publicvm","6602460","6602459","5463209","2012-11-08T12:20:53.000-05:00","Success","","cloud-create cloudcreate img hello-cloud.gz create 41.438654 s ping 30.122911 s ssh 31.195847 s destroy 8.034144 s","Success"
"inca","ucsd-sierra","nimbus-create-publicvm","6610019","6610018","5463209","2012-11-09T12:20:39.000-05:00","Success","","cloud-create cloudcreate img hello-cloud.gz create 26.952343 s ping 30.125234 s ssh 31.200893 s destroy 7.704524 s","Success""inca","ucsd-sierra","nimbus-create-publicvm","6617600","6617599","5463209","2012-11-10T12:20:53.000-05:00","Success","","cloud-create cloudcreate img hello-cloud.gz create 41.760394 s ping 30.132568 s ssh 31.202187 s destroy 7.694321 s","Success"
"inca","ucsd-sierra","nimbus-create-publicvm","6625177","6625176","5463209","2012-11-11T12:20:51.000-05:00","Success","","cloud-create cloudcreate img hello-cloud.gz create 39.805447 s ping 30.081747 s ssh 31.198337 s destroy 7.899754 s","Success"
"inca","ucsd-sierra","nimbus-create-publicvm","6632749","6632748","5463209","2012-11-12T12:20:52.000-05:00","Success","","cloud-create cloudcreate img hello-cloud.gz create 41.541181 s ping 30.080957 s ssh 31.202327 s destroy 7.538419 s","Success"
"inca","ucsd-sierra","nimbus-create-publicvm","6640554","6640553","5463209","2012-11-13T12:20:39.000-05:00","Success","","cloud-create cloudcreate img hello-cloud.gz create 27.327719 s ping 30.128564 s ssh 31.201104 s destroy 7.618934 s","Success"
"inca","ucsd-sierra","nimbus-create-publicvm","6648120","6648119","5463209","2012-11-14T12:20:53.000-05:00","Success","","cloud-create cloudcreate img hello-cloud.gz create 42.08094 s ping 30.119849 s ssh 31.203182 s destroy 7.776194 s","Success"
"inca","ucsd-sierra","nimbus-create-publicvm","6655712","6655711","5463209","2012-11-15T12:20:56.000-05:00","Success","","cloud-create cloudcreate img hello-cloud.gz create 44.64589 s ping 30.129198 s ssh 31.201922 s destroy 7.696276 s","Success"
"inca","ucsd-sierra","nimbus-create-publicvm","6663255","6663254","5463209","2012-11-16T12:21:35.000-05:00","Success","","cloud-create cloudcreate img hello-cloud.gz create 42.2838 s ping 70.094576 s ssh 31.200143 s destroy 7.978152 s","Success"
"inca","ucsd-sierra","nimbus-create-publicvm","6670896","6670895","5463209","2012-11-17T12:21:33.000-05:00","Success","","cloud-create cloudcreate img hello-cloud.gz create 41.488247 s ping 70.132737 s ssh 31.201113 s destroy 7.67685 s","Success"
"inca","ucsd-sierra","nimbus-create-publicvm","6678644","6678643","5463209","2012-11-18T12:22:16.000-05:00","Success","","cloud-create cloudcreate img hello-cloud.gz create 44.540045 s ping 110.093257 s ssh 31.200735 s destroy 8.088974 s","Success"
"inca","ucsd-sierra","nimbus-create-publicvm","6686388","6686387","5463209","2012-11-19T12:20:51.000-05:00","Success","","cloud-create cloudcreate img hello-cloud.gz create 39.06162 s ping 30.1586 s ssh 31.203672 s destroy 8.732208 s","Success"
"inca","ucsd-sierra","nimbus-create-publicvm","6693970","6693969","5463209","2012-11-20T12:20:38.000-05:00","Success","","cloud-create cloudcreate img hello-cloud.gz create 27.083029 s ping 30.134762 s ssh 31.205012 s destroy 7.429683 s","Success"
"inca","ucsd-sierra","nimbus-create-publicvm","6701570","6701568","5463209","2012-11-21T12:21:02.000-05:00","Success","","cloud-create cloudcreate img hello-cloud.gz create 49.299547 s ping 30.080491 s ssh 31.205338 s destroy 8.59269 s","Success"
"inca","ucsd-sierra","nimbus-create-publicvm","6707645","6707644","5463209","2012-11-24T12:20:56.000-05:00","Success","","cloud-create cloudcreate img hello-cloud.gz create 44.437281 s ping 30.108855 s ssh 31.200332 s destroy 7.428764 s","Success"
"inca","ucsd-sierra","nimbus-create-publicvm","6715531","6715530","5463209","2012-11-25T12:20:39.000-05:00","Success","","cloud-create cloudcreate img hello-cloud.gz create 27.78639 s ping 30.127064 s ssh 31.202066 s destroy 7.664529 s","Success"
"inca","ucsd-sierra","nimbus-create-publicvm","6723412","6723411","5463209","2012-11-26T12:20:57.000-05:00","Success","","cloud-create cloudcreate img hello-cloud.gz create 45.199274 s ping 30.129671 s ssh 31.202369 s destroy 7.733015 s","Success"
"inca","ucsd-sierra","nimbus-create-publicvm","6731329","6731328","5463209","2012-11-27T12:20:38.000-05:00","Success","","cloud-create cloudcreate img hello-cloud.gz create 26.785172 s ping 30.128259 s ssh 31.199155 s destroy 7.616828 s","Success"
"inca","ucsd-sierra","nimbus-create-publicvm","6739177","6739176","5463209","2012-11-28T12:20:56.000-05:00","Success","","cloud-create cloudcreate img hello-cloud.gz create 45.047385 s ping 30.129662 s ssh 31.199656 s destroy 7.627985 s","Success"
"inca","ucsd-sierra","nimbus-create-publicvm","6747144","6747143","5463209","2012-11-29T12:21:36.000-05:00","Success","","cloud-create cloudcreate img hello-cloud.gz create 44.986734 s ping 70.125097 s ssh 31.20132 s destroy 7.504309 s","Success"
"inca","ucsd-sierra","nimbus-create-publicvm","6754738","6754737","5463209","2012-11-30T12:20:39.000-05:00","Success","","cloud-create cloudcreate img hello-cloud.gz create 27.117991 s ping 30.085139 s ssh 31.202503 s destroy 7.879073 s","Success"
"inca","ucsd-sierra","nimbus-create-publicvm","6762353","6762352","5463209","2012-12-01T12:20:39.000-05:00","Success","","cloud-create cloudcreate img hello-cloud.gz create 27.116829 s ping 30.131545 s ssh 31.202322 s destroy 7.961681 s","Success"
"inca","ucsd-sierra","nimbus-create-publicvm","6769942","6769941","5463209","2012-12-02T12:20:59.000-05:00","Success","","cloud-create cloudcreate img hello-cloud.gz create 47.916448 s ping 30.115328 s ssh 31.20289 s destroy 7.472337 s","Success"
"inca","ucsd-sierra","nimbus-create-publicvm","6777537","6777536","5463209","2012-12-03T12:20:53.000-05:00","Success","","cloud-create cloudcreate img hello-cloud.gz create 41.880997 s ping 30.140409 s ssh 31.201961 s destroy 7.561618 s","Success"
"inca","ucsd-sierra","nimbus-create-publicvm","6785015","6785014","5463209","2012-12-04T12:29:00.000-05:00","Failure","DOWNTIME:2391: Command '/home/inca/nimbus-cloud-client-021/bin/cloud-client.sh --conf /home/inca/nimbus-cloud-client-021/conf/sierra.conf --run --name hello-cloud.gz --hours 1' timed out after 600 secs ","","Failure:errorMessage errorMessage errorMessage errorMessage"
"inca","ucsd-sierra","nimbus-create-publicvm","6792380","6792379","5463209","2012-12-05T12:29:01.000-05:00","Failure","Command '/home/inca/nimbus-cloud-client-021/bin/cloud-client.sh --conf /home/inca/nimbus-cloud-client-021/conf/sierra.conf --run --name hello-cloud.gz --hours 1' timed out after 600 secs ","","Failure:errorMessage errorMessage errorMessage errorMessage"
"inca","ucsd-sierra","nimbus-create-publicvm","6799965","6059557","5463209","2012-12-06T12:19:06.000-05:00","Failure","Command '/home/inca/nimbus-cloud-client-021/bin/cloud-client.sh --conf /home/inca/nimbus-cloud-client-021/conf/sierra.conf --run --name hello-cloud.gz --hours 1' failed "Problem:"","","Failure:errorMessage errorMessage errorMessage errorMessage"
"inca","ucsd-sierra","nimbus-create-publicvm","6807593","6807592","5463209","2012-12-07T12:20:55.000-05:00","Success","","cloud-create cloudcreate img hello-cloud.gz create 43.166474 s ping 30.163277 s ssh 31.201048 s destroy 8.033248 s","Success"
"inca","ucsd-sierra","nimbus-create-publicvm","6815250","6815249","5463209","2012-12-08T12:21:37.000-05:00","Success","","cloud-create cloudcreate img hello-cloud.gz create 45.467668 s ping 70.167683 s ssh 31.207143 s destroy 7.645376 s","Success"
"inca","ucsd-sierra","nimbus-create-publicvm","6822883","6822882","5463209","2012-12-09T12:21:31.000-05:00","Success","","cloud-create cloudcreate img hello-cloud.gz create 39.93883 s ping 70.087875 s ssh 31.200776 s destroy 7.908306 s","Success"
"inca","ucsd-sierra","nimbus-create-publicvm","6830524","6830523","5463209","2012-12-10T12:20:38.000-05:00","Success","","cloud-create cloudcreate img hello-cloud.gz create 26.641248 s ping 30.134292 s ssh 31.201999 s destroy 7.426469 s","Success"
"inca","ucsd-sierra","nimbus-create-publicvm","6838175","6838174","5463209","2012-12-11T12:21:36.000-05:00","Success","","cloud-create cloudcreate img hello-cloud.gz create 44.448192 s ping 70.141822 s ssh 31.199922 s destroy 7.84835 s","Success"
"inca","ucsd-sierra","nimbus-create-publicvm","6845828","6845827","5463209","2012-12-12T12:20:56.000-05:00","Success","","cloud-create cloudcreate img hello-cloud.gz create 44.386471 s ping 30.10895 s ssh 31.201319 s destroy 8.043199 s","Success"
"inca","ucsd-sierra","nimbus-create-publicvm","6853467","6853466","5463209","2012-12-13T12:21:37.000-05:00","Success","","cloud-create cloudcreate img hello-cloud.gz create 45.14687 s ping 70.112369 s ssh 31.199934 s destroy 7.893964 s","Success"
"inca","ucsd-sierra","nimbus-create-publicvm","6861137","6861136","5463209","2012-12-14T12:21:37.000-05:00","Success","","cloud-create cloudcreate img hello-cloud.gz create 44.268106 s ping 70.127141 s ssh 31.201997 s destroy 9.010598 s","Success"
"inca","ucsd-sierra","nimbus-create-publicvm","6866770","6792379","5463209","2012-12-15T12:29:01.000-05:00","Failure","Command '/home/inca/nimbus-cloud-client-021/bin/cloud-client.sh --conf /home/inca/nimbus-cloud-client-021/conf/sierra.conf --run --name hello-cloud.gz --hours 1' timed out after 600 secs ","","Failure:errorMessage errorMessage errorMessage errorMessage"
"inca","ucsd-sierra","nimbus-create-publicvm","6880166","6880165","5463209","2012-12-17T12:29:01.000-05:00","Failure","DOWNTIME:2404: Command '/home/inca/nimbus-cloud-client-021/bin/cloud-client.sh --conf /home/inca/nimbus-cloud-client-021/conf/sierra.conf --run --name hello-cloud.gz --hours 1' timed out after 600 secs ","","Failure:errorMessage errorMessage errorMessage errorMessage"
"inca","ucsd-sierra","nimbus-create-publicvm","6887527","6792379","5463209","2012-12-18T12:29:01.000-05:00","Failure","Command '/home/inca/nimbus-cloud-client-021/bin/cloud-client.sh --conf /home/inca/nimbus-cloud-client-021/conf/sierra.conf --run --name hello-cloud.gz --hours 1' timed out after 600 secs ","","Failure:errorMessage errorMessage errorMessage errorMessage"
"inca","ucsd-sierra","nimbus-create-publicvm","6895032","6895030","5463209","2012-12-19T12:21:03.000-05:00","Success","","cloud-create cloudcreate img hello-cloud.gz create 50.471076 s ping 30.122005 s ssh 31.201792 s destroy 8.489715 s","Success"
"inca","ucsd-sierra","nimbus-create-publicvm","6902569","6059557","5463209","2012-12-20T12:19:08.000-05:00","Failure","Command '/home/inca/nimbus-cloud-client-021/bin/cloud-client.sh --conf /home/inca/nimbus-cloud-client-021/conf/sierra.conf --run --name hello-cloud.gz --hours 1' failed "Problem:"","","Failure:errorMessage errorMessage errorMessage errorMessage"
"inca","ucsd-sierra","nimbus-create-publicvm","6912038","6059557","5463209","2012-12-21T12:19:08.000-05:00","Failure","Command '/home/inca/nimbus-cloud-client-021/bin/cloud-client.sh --conf /home/inca/nimbus-cloud-client-021/conf/sierra.conf --run --name hello-cloud.gz --hours 1' failed "Problem:"","","Failure:errorMessage errorMessage errorMessage errorMessage"
"inca","ucsd-sierra","nimbus-create-publicvm","6921677","6059557","5463209","2012-12-22T12:19:08.000-05:00","Failure","Command '/home/inca/nimbus-cloud-client-021/bin/cloud-client.sh --conf /home/inca/nimbus-cloud-client-021/conf/sierra.conf --run --name hello-cloud.gz --hours 1' failed "Problem:"","","Failure:errorMessage errorMessage errorMessage errorMessage"
"inca","ucsd-sierra","nimbus-create-publicvm","6931275","6059557","5463209","2012-12-23T12:19:07.000-05:00","Failure","Command '/home/inca/nimbus-cloud-client-021/bin/cloud-client.sh --conf /home/inca/nimbus-cloud-client-021/conf/sierra.conf --run --name hello-cloud.gz --hours 1' failed "Problem:"","","Failure:errorMessage errorMessage errorMessage errorMessage"
"inca","ucsd-sierra","nimbus-create-publicvm","6940980","6059557","5463209","2012-12-24T12:19:08.000-05:00","Failure","Command '/home/inca/nimbus-cloud-client-021/bin/cloud-client.sh --conf /home/inca/nimbus-cloud-client-021/conf/sierra.conf --run --name hello-cloud.gz --hours 1' failed "Problem:"","","Failure:errorMessage errorMessage errorMessage errorMessage"
"inca","ucsd-sierra","nimbus-create-publicvm","6950774","6059557","5463209","2012-12-25T12:19:07.000-05:00","Failure","Command '/home/inca/nimbus-cloud-client-021/bin/cloud-client.sh --conf /home/inca/nimbus-cloud-client-021/conf/sierra.conf --run --name hello-cloud.gz --hours 1' failed "Problem:"","","Failure:errorMessage errorMessage errorMessage errorMessage"
"inca","ucsd-sierra","nimbus-create-publicvm","6960576","6059557","5463209","2012-12-26T12:19:08.000-05:00","Failure","Command '/home/inca/nimbus-cloud-client-021/bin/cloud-client.sh --conf /home/inca/nimbus-cloud-client-021/conf/sierra.conf --run --name hello-cloud.gz --hours 1' failed "Problem:"","","Failure:errorMessage errorMessage errorMessage errorMessage"
"inca","ucsd-sierra","nimbus-create-publicvm","6970412","6970411","5463209","2012-12-27T12:19:07.000-05:00","Failure","DOWNTIME:2410: Command '/home/inca/nimbus-cloud-client-021/bin/cloud-client.sh --conf /home/inca/nimbus-cloud-client-021/conf/sierra.conf --run --name hello-cloud.gz --hours 1' failed "Problem:"","","Failure:errorMessage errorMessage errorMessage errorMessage"
"inca","ucsd-sierra","nimbus-create-publicvm","6980250","6970411","5463209","2012-12-28T12:19:05.000-05:00","Failure","DOWNTIME:2410: Command '/home/inca/nimbus-cloud-client-021/bin/cloud-client.sh --conf /home/inca/nimbus-cloud-client-021/conf/sierra.conf --run --name hello-cloud.gz --hours 1' failed "Problem:"","","Failure:errorMessage errorMessage errorMessage errorMessage"
"inca","ucsd-sierra","nimbus-create-publicvm","6990050","6970411","5463209","2012-12-29T12:19:05.000-05:00","Failure","DOWNTIME:2410: Command '/home/inca/nimbus-cloud-client-021/bin/cloud-client.sh --conf /home/inca/nimbus-cloud-client-021/conf/sierra.conf --run --name hello-cloud.gz --hours 1' failed "Problem:"","","Failure:errorMessage errorMessage errorMessage errorMessage"
"inca","ucsd-sierra","nimbus-create-publicvm","7000079","6059557","5463209","2012-12-30T12:19:07.000-05:00","Failure","Command '/home/inca/nimbus-cloud-client-021/bin/cloud-client.sh --conf /home/inca/nimbus-cloud-client-021/conf/sierra.conf --run --name hello-cloud.gz --hours 1' failed "Problem:"","","Failure:errorMessage errorMessage errorMessage errorMessage"
"inca","ucsd-sierra","nimbus-create-publicvm","7010105","7010104","5463209","2012-12-31T12:21:42.000-05:00","Success","","cloud-create cloudcreate img hello-cloud.gz create 51.42511 s ping 70.085563 s ssh 31.200318 s destroy 7.454421 s","Success"
"inca","ucsd-sierra","nimbus-create-publicvm","7019909","7019908","5463209","2013-01-01T12:20:52.000-05:00","Success","","cloud-create cloudcreate img hello-cloud.gz create 38.138439 s ping 30.153186 s ssh 31.197799 s destroy 9.588861 s","Success"
"inca","ucsd-sierra","nimbus-create-publicvm","7029684","7029681","5463209","2013-01-02T12:21:04.000-05:00","Success","","cloud-create cloudcreate img hello-cloud.gz create 51.166411 s ping 30.081552 s ssh 31.198189 s destroy 8.794458 s","Success"
"inca","ucsd-sierra","nimbus-create-publicvm","7035275","7035274","5463209","2013-01-03T12:29:00.000-05:00","Failure","DOWNTIME:2412: Command '/home/inca/nimbus-cloud-client-021/bin/cloud-client.sh --conf /home/inca/nimbus-cloud-client-021/conf/sierra.conf --run --name hello-cloud.gz --hours 1' timed out after 600 secs ","","Failure:errorMessage errorMessage errorMessage errorMessage"
"inca","ucsd-sierra","nimbus-create-publicvm","7042309","7042308","5463209","2013-01-04T12:22:25.000-05:00","Success","","cloud-create cloudcreate img hello-cloud.gz create 53.158353 s ping 110.13699 s ssh 31.193694 s destroy 7.920661 s","Success"
"inca","ucsd-sierra","nimbus-create-publicvm","7050045","7050044","5463209","2013-01-05T12:20:59.000-05:00","Success","","cloud-create cloudcreate img hello-cloud.gz create 47.846663 s ping 30.080093 s ssh 31.199229 s destroy 7.643806 s","Success"
"inca","ucsd-sierra","nimbus-create-publicvm","7057751","7057750","5463209","2013-01-06T12:20:58.000-05:00","Success","","cloud-create cloudcreate img hello-cloud.gz create 47.657868 s ping 30.125216 s ssh 31.199035 s destroy 7.564844 s","Success"
"inca","ucsd-sierra","nimbus-create-publicvm","7065488","7065487","5463209","2013-01-07T12:22:22.000-05:00","Success","","cloud-create cloudcreate img hello-cloud.gz create 49.772066 s ping 110.488401 s ssh 31.192922 s destroy 7.580515 s","Success"
"inca","ucsd-sierra","nimbus-create-publicvm","7073057","7073056","5463209","2013-01-08T12:19:03.000-05:00","Failure","DOWNTIME:2252: Command '/home/inca/nimbus-cloud-client-021/bin/cloud-client.sh --conf /home/inca/nimbus-cloud-client-021/conf/sierra.conf --run --name hello-cloud.gz --hours 1' failed "Problem:"","","Failure:errorMessage errorMessage errorMessage errorMessage"
"inca","ucsd-sierra","nimbus-create-publicvm","7078598","7078597","5463209","2013-01-09T12:21:09.000-05:00","Success","","cloud-create cloudcreate img hello-cloud.gz create 53.975141 s ping 30.119151 s ssh 31.198936 s destroy 10.940369 s","Success"
"inca","ucsd-sierra","nimbus-create-publicvm","7086577","7086575","5463209","2013-01-10T12:21:06.000-05:00","Success","","cloud-create cloudcreate img hello-cloud.gz create 52.702673 s ping 30.13456 s ssh 31.20181 s destroy 9.968657 s","Success"
"inca","ucsd-sierra","nimbus-create-publicvm","7094562","7094561","5463209","2013-01-11T12:20:50.000-05:00","Success","","cloud-create cloudcreate img hello-cloud.gz create 38.133862 s ping 30.086737 s ssh 31.198072 s destroy 7.84984 s","Success"
"inca","ucsd-sierra","nimbus-create-publicvm","7102592","7102591","5463209","2013-01-12T12:21:02.000-05:00","Success","","cloud-create cloudcreate img hello-cloud.gz create 50.580998 s ping 30.111864 s ssh 31.199174 s destroy 7.787977 s","Success"
"inca","ucsd-sierra","nimbus-create-publicvm","7110608","7110607","5463209","2013-01-13T12:21:43.000-05:00","Success","","cloud-create cloudcreate img hello-cloud.gz create 51.333112 s ping 70.123358 s ssh 31.202129 s destroy 7.987915 s","Success"
"inca","ucsd-sierra","nimbus-create-publicvm","7118633","7118632","5463209","2013-01-14T12:21:02.000-05:00","Success","","cloud-create cloudcreate img hello-cloud.gz create 50.674209 s ping 30.088846 s ssh 31.202127 s destroy 7.884418 s","Success"
"inca","ucsd-sierra","nimbus-create-publicvm","7126641","7126640","5463209","2013-01-15T12:21:02.000-05:00","Success","","cloud-create cloudcreate img hello-cloud.gz create 50.596136 s ping 30.080977 s ssh 31.200117 s destroy 7.636248 s","Success"
"inca","ucsd-sierra","nimbus-create-publicvm","7134699","7134698","5463209","2013-01-16T12:21:46.000-05:00","Success","","cloud-create cloudcreate img hello-cloud.gz create 54.121173 s ping 70.116317 s ssh 31.19832 s destroy 7.901602 s","Success"
"inca","ucsd-sierra","nimbus-create-publicvm","7142404","7142403","5463209","2013-01-17T12:21:42.000-05:00","Success","","cloud-create cloudcreate img hello-cloud.gz create 50.622017 s ping 70.105161 s ssh 31.201551 s destroy 7.958153 s","Success"
"inca","ucsd-sierra","nimbus-create-publicvm","7150084","7150083","5463209","2013-01-18T12:21:42.000-05:00","Success","","cloud-create cloudcreate img hello-cloud.gz create 49.938737 s ping 70.107668 s ssh 31.201682 s destroy 8.064739 s","Success"
"inca","ucsd-sierra","nimbus-create-publicvm","7157742","7157741","5463209","2013-01-19T12:21:03.000-05:00","Success","","cloud-create cloudcreate img hello-cloud.gz create 52.110339 s ping 30.092912 s ssh 31.198803 s destroy 7.469166 s","Success"
"inca","ucsd-sierra","nimbus-create-publicvm","7165371","7165370","5463209","2013-01-20T12:21:04.000-05:00","Success","","cloud-create cloudcreate img hello-cloud.gz create 50.653236 s ping 30.113591 s ssh 31.200305 s destroy 9.288331 s","Success"
"inca","ucsd-sierra","nimbus-create-publicvm","7172993","7172992","5463209","2013-01-21T12:21:04.000-05:00","Success","","cloud-create cloudcreate img hello-cloud.gz create 52.554511 s ping 30.105299 s ssh 31.198437 s destroy 8.442507 s","Success"
"inca","ucsd-sierra","nimbus-create-publicvm","7180615","7180614","5463209","2013-01-22T12:21:42.000-05:00","Success","","cloud-create cloudcreate img hello-cloud.gz create 50.87671 s ping 70.220718 s ssh 31.203854 s destroy 7.901853 s","Success"
"inca","ucsd-sierra","nimbus-create-publicvm","7188266","7188264","5463209","2013-01-23T12:21:02.000-05:00","Success","","cloud-create cloudcreate img hello-cloud.gz create 50.33075 s ping 30.104924 s ssh 31.199763 s destroy 8.11762 s","Success"
"inca","ucsd-sierra","nimbus-create-publicvm","7195901","7195899","5463209","2013-01-24T12:21:01.000-05:00","Success","","cloud-create cloudcreate img hello-cloud.gz create 50.12314 s ping 30.120121 s ssh 31.198864 s destroy 7.590613 s","Success"
"inca","ucsd-sierra","nimbus-create-publicvm","7203546","7203545","5463209","2013-01-25T12:21:02.000-05:00","Success","","cloud-create cloudcreate img hello-cloud.gz create 50.192117 s ping 30.092384 s ssh 31.202357 s destroy 7.919881 s","Success"
"inca","ucsd-sierra","nimbus-create-publicvm","7211215","7211214","5463209","2013-01-26T12:21:07.000-05:00","Success","","cloud-create cloudcreate img hello-cloud.gz create 52.623314 s ping 30.125829 s ssh 31.199683 s destroy 10.509678 s","Success"
"inca","ucsd-sierra","nimbus-create-publicvm","7218932","7218931","5463209","2013-01-27T12:31:29.000-05:00","Failure","DOWNTIME:2252: VMs are pingable but  not able to SSH after 600 seconds: Warning: Permanently added '198.202.120.101' (RSA) to the list of known hosts.
Permission denied (publickey).
    ","","Failure:errorMessage errorMessage errorMessage errorMessage"
"inca","ucsd-sierra","nimbus-create-publicvm","7226491","7226490","5463209","2013-01-28T12:21:06.000-05:00","Success","","cloud-create cloudcreate img hello-cloud.gz create 53.117402 s ping 30.107931 s ssh 31.197867 s destroy 9.001116 s","Success"
"inca","ucsd-sierra","nimbus-create-publicvm","7234127","7234126","5463209","2013-01-29T12:26:58.000-05:00","Success","","cloud-create cloudcreate img hello-cloud.gz create 407.030994 s ping 30.165631 s ssh 31.199324 s destroy 7.802957 s","Success"
"inca","ucsd-sierra","nimbus-create-publicvm","7235400","7235399","7235303","2013-01-29T16:02:21.000-05:00","Success","","cloud-create cloudcreate img hello-cloud.gz create 49.711871 s ping 30.133238 s ssh 31.202122 s destroy 7.880051 s","Success"
"inca","ucsd-sierra","nimbus-create-publicvm","7238315","7238314","7238158","2013-01-30T00:08:16.000-05:00","Success","","cloud-create cloudcreate img hello-cloud.gz create 48.643262 s ping 30.137617 s ssh 31.202227 s destroy 7.980023 s","Success"
"inca","ucsd-sierra","nimbus-create-publicvm","7255764","7255763","7238158","2013-02-01T05:12:12.000-05:00","Success","","cloud-create cloudcreate img hello-cloud.gz create 54.407616 s ping 30.102714 s ssh 155.552503 s destroy 8.584694 s","Success""inca","ucsd-sierra","nimbus-create-publicvm","7302347","7302346","7238158","2013-02-09T05:10:44.000-05:00","Success","","cloud-create cloudcreate img hello-cloud.gz create 51.895506 s ping 70.198115 s ssh 31.196369 s destroy 7.858794 s","Success"
"inca","ucsd-sierra","nimbus-create-publicvm","7310071","7310070","7238158","2013-02-10T05:10:44.000-05:00","Success","","cloud-create cloudcreate img hello-cloud.gz create 51.706202 s ping 70.737806 s ssh 31.198162 s destroy 7.411068 s","Success"
"inca","ucsd-sierra","nimbus-create-publicvm","7317801","7317800","7238158","2013-02-11T05:10:04.000-05:00","Success","","cloud-create cloudcreate img hello-cloud.gz create 52.39043 s ping 30.117902 s ssh 31.198368 s destroy 7.936239 s","Success"
"inca","ucsd-sierra","nimbus-create-publicvm","7332439","7332438","7238158","2013-02-13T05:10:08.000-05:00","Success","","cloud-create cloudcreate img hello-cloud.gz create 53.851511 s ping 30.113865 s ssh 31.199303 s destroy 9.310065 s","Success"
"inca","ucsd-sierra","nimbus-create-publicvm","7361569","7361568","7238158","2013-02-17T05:10:03.000-05:00","Success","","cloud-create cloudcreate img hello-cloud.gz create 52.238303 s ping 30.081809 s ssh 31.199165 s destroy 7.659824 s","Success"
"inca","ucsd-sierra","nimbus-create-publicvm","7368860","7368859","7238158","2013-02-18T05:10:45.000-05:00","Success","","cloud-create cloudcreate img hello-cloud.gz create 51.506904 s ping 71.460303 s ssh 31.197416 s destroy 7.983239 s","Success"
"inca","ucsd-sierra","nimbus-create-publicvm","7376188","7376187","7238158","2013-02-19T05:10:47.000-05:00","Success","","cloud-create cloudcreate img hello-cloud.gz create 55.204701 s ping 70.124325 s ssh 31.199703 s destroy 7.94975 s","Success"
"inca","ucsd-sierra","nimbus-create-publicvm","7383538","7383537","7238158","2013-02-20T05:11:24.000-05:00","Success","","cloud-create cloudcreate img hello-cloud.gz create 52.19142 s ping 110.224961 s ssh 31.199066 s destroy 7.73553 s","Success"
"inca","ucsd-sierra","nimbus-create-publicvm","7435083","7435080","7238158","2013-02-27T05:18:01.000-05:00","Failure","DOWNTIME:2252: Command '/home/inca/nimbus-cloud-client-021/bin/cloud-client.sh --conf /home/inca/nimbus-cloud-client-021/conf/sierra.conf --run --name hello-cloud.gz --hours 1' timed out after 600 secs ","","Failure:errorMessage errorMessage errorMessage errorMessage"
"inca","ucsd-sierra","nimbus-create-publicvm","7440815","7435080","7238158","2013-02-28T05:18:01.000-05:00","Failure","DOWNTIME:2252: Command '/home/inca/nimbus-cloud-client-021/bin/cloud-client.sh --conf /home/inca/nimbus-cloud-client-021/conf/sierra.conf --run --name hello-cloud.gz --hours 1' timed out after 600 secs ","","Failure:errorMessage errorMessage errorMessage errorMessage"
"inca","ucsd-sierra","nimbus-create-publicvm","7448323","7448322","7238158","2013-03-01T05:10:46.000-05:00","Success","","cloud-create cloudcreate img hello-cloud.gz create 51.327323 s ping 70.113907 s ssh 31.198573 s destroy 10.680156 s","Success"
"inca","ucsd-sierra","nimbus-create-publicvm","7456100","7456099","7238158","2013-03-02T05:09:59.000-05:00","Success","","cloud-create cloudcreate img hello-cloud.gz create 47.699421 s ping 30.092157 s ssh 31.198532 s destroy 7.693072 s","Success"
"inca","ucsd-sierra","nimbus-create-publicvm","7463853","7463852","7238158","2013-03-03T05:10:03.000-05:00","Success","","cloud-create cloudcreate img hello-cloud.gz create 51.113576 s ping 30.10328 s ssh 31.197872 s destroy 8.009947 s","Success"
"inca","ucsd-sierra","nimbus-create-publicvm","7471618","7471617","7238158","2013-03-04T05:10:44.000-05:00","Success","","cloud-create cloudcreate img hello-cloud.gz create 51.606597 s ping 70.217663 s ssh 31.20174 s destroy 7.736779 s","Success"
"inca","ucsd-sierra","nimbus-create-publicvm","7479430","7479429","7238158","2013-03-05T05:10:04.000-05:00","Success","","cloud-create cloudcreate img hello-cloud.gz create 51.592239 s ping 30.103229 s ssh 31.20177 s destroy 8.960398 s","Success"
"inca","ucsd-sierra","nimbus-create-publicvm","7486921","7486920","7238158","2013-03-06T05:09:51.000-05:00","Success","","cloud-create cloudcreate img hello-cloud.gz create 38.093455 s ping 30.103625 s ssh 31.20248 s destroy 9.239252 s","Success"
"inca","ucsd-sierra","nimbus-create-publicvm","7494298","7494297","7238158","2013-03-07T05:10:03.000-05:00","Success","","cloud-create cloudcreate img hello-cloud.gz create 51.585728 s ping 30.137842 s ssh 31.202575 s destroy 7.675342 s","Success"
"inca","ucsd-sierra","nimbus-create-publicvm","7501495","7501494","7238158","2013-03-08T05:08:08.000-05:00","Failure","DOWNTIME:2252: Command '/home/inca/nimbus-cloud-client-021/bin/cloud-client.sh --conf /home/inca/nimbus-cloud-client-021/conf/sierra.conf --run --name hello-cloud.gz --hours 1' failed "Problem:"","","Failure:errorMessage errorMessage errorMessage errorMessage"
"inca","ucsd-sierra","nimbus-create-publicvm","7508553","7508552","7238158","2013-03-09T05:10:12.000-05:00","Success","","cloud-create cloudcreate img hello-cloud.gz create 56.44462 s ping 30.080653 s ssh 31.457483 s destroy 11.724686 s","Success"
"inca","ucsd-sierra","nimbus-create-publicvm","7515611","7515610","7238158","2013-03-10T05:10:00.000-04:00","Success","","cloud-create cloudcreate img hello-cloud.gz create 48.717099 s ping 30.129903 s ssh 31.197585 s destroy 7.701822 s","Success"
"inca","ucsd-sierra","nimbus-create-publicvm","7523125","7523124","7238158","2013-03-11T05:10:03.000-04:00","Success","","cloud-create cloudcreate img hello-cloud.gz create 50.677998 s ping 30.111266 s ssh 31.197624 s destroy 8.112199 s","Success"
"inca","ucsd-sierra","nimbus-create-publicvm","7530555","7530554","7238158","2013-03-12T05:10:11.000-04:00","Success","","cloud-create cloudcreate img hello-cloud.gz create 57.860728 s ping 30.095938 s ssh 31.191 s destroy 8.772844 s","Success"
"inca","ucsd-sierra","nimbus-create-publicvm","7537745","7537744","7238158","2013-03-13T05:10:03.000-04:00","Success","","cloud-create cloudcreate img hello-cloud.gz create 51.245824 s ping 30.104015 s ssh 31.201119 s destroy 7.670544 s","Success"
"inca","ucsd-sierra","nimbus-create-publicvm","7544852","7544851","7238158","2013-03-14T05:10:03.000-04:00","Success","","cloud-create cloudcreate img hello-cloud.gz create 50.819879 s ping 30.114503 s ssh 31.192392 s destroy 8.147595 s","Success"
"inca","ucsd-sierra","nimbus-create-publicvm","7552194","7552193","7238158","2013-03-15T05:10:44.000-04:00","Success","","cloud-create cloudcreate img hello-cloud.gz create 51.528142 s ping 70.149508 s ssh 31.19671 s destroy 7.715273 s","Success"
"inca","ucsd-sierra","nimbus-create-publicvm","7559605","7559603","7238158","2013-03-16T05:10:02.000-04:00","Success","","cloud-create cloudcreate img hello-cloud.gz create 51.138983 s ping 30.207478 s ssh 31.197228 s destroy 7.671651 s","Success"
"inca","ucsd-sierra","nimbus-create-publicvm","7566948","7566947","7238158","2013-03-17T05:10:03.000-04:00","Success","","cloud-create cloudcreate img hello-cloud.gz create 51.188053 s ping 30.120135 s ssh 31.196296 s destroy 8.509678 s","Success"
"inca","ucsd-sierra","nimbus-create-publicvm","7574305","7574304","7238158","2013-03-18T05:10:47.000-04:00","Success","","cloud-create cloudcreate img hello-cloud.gz create 53.143603 s ping 70.115069 s ssh 31.195993 s destroy 10.252961 s","Success"
"inca","ucsd-sierra","nimbus-create-publicvm","7581657","7581656","7238158","2013-03-19T05:10:46.000-04:00","Success","","cloud-create cloudcreate img hello-cloud.gz create 53.852276 s ping 70.150386 s ssh 31.195765 s destroy 7.924601 s","Success"
"inca","ucsd-sierra","nimbus-create-publicvm","7588807","7588806","7238158","2013-03-20T05:10:43.000-04:00","Success","","cloud-create cloudcreate img hello-cloud.gz create 50.929669 s ping 70.129891 s ssh 31.199235 s destroy 8.016866 s","Success"
"inca","ucsd-sierra","nimbus-create-publicvm","7599264","7599263","7238158","2013-03-21T05:10:25.000-04:00","Success","","cloud-create cloudcreate img hello-cloud.gz create 72.818162 s ping 30.128591 s ssh 31.202544 s destroy 7.857846 s","Success"
"inca","ucsd-sierra","nimbus-create-publicvm","7607833","7607832","7238158","2013-03-22T05:10:12.000-04:00","Success","","cloud-create cloudcreate img hello-cloud.gz create 54.577881 s ping 30.118544 s ssh 31.198004 s destroy 7.894408 s","Success"
"inca","ucsd-sierra","nimbus-create-publicvm","7615386","7615385","7238158","2013-03-23T05:10:12.000-04:00","Success","","cloud-create cloudcreate img hello-cloud.gz create 59.279754 s ping 30.126484 s ssh 31.197771 s destroy 8.339776 s","Success"
"inca","ucsd-sierra","nimbus-create-publicvm","7622937","7622935","7238158","2013-03-24T05:10:05.000-04:00","Success","","cloud-create cloudcreate img hello-cloud.gz create 53.370542 s ping 30.111207 s ssh 31.196771 s destroy 8.12628 s","Success"
"inca","ucsd-sierra","nimbus-create-publicvm","7630504","7630503","7238158","2013-03-25T05:10:42.000-04:00","Success","","cloud-create cloudcreate img hello-cloud.gz create 50.884661 s ping 70.134939 s ssh 31.197672 s destroy 7.773385 s","Success"
"inca","ucsd-sierra","nimbus-create-publicvm","7638089","7638088","7238158","2013-03-26T05:10:45.000-04:00","Success","","cloud-create cloudcreate img hello-cloud.gz create 53.487126 s ping 70.141605 s ssh 31.200611 s destroy 7.971946 s","Success"
"inca","ucsd-sierra","nimbus-create-publicvm","7640886","7640885","7640824","2013-03-26T13:49:52.000-04:00","Success","","cloud-create cloudcreate img hello-cloud.gz create 50.180369 s ping 30.102376 s ssh 31.199304 s destroy 7.867052 s","Success"
"inca","ucsd-sierra","nimbus-create-publicvm","7641218","7641217","7641143","2013-03-26T14:34:12.000-04:00","Success","","cloud-create cloudcreate img hello-cloud.gz create 47.787426 s ping 30.12177 s ssh 31.213882 s destroy 7.596031 s","Success"
"inca","ucsd-sierra","nimbus-create-publicvm","7646730","7646729","7641143","2013-03-27T07:35:02.000-04:00","Success","","cloud-create cloudcreate img hello-cloud.gz create 50.093525 s ping 30.118975 s ssh 31.199879 s destroy 8.500631 s","Success"
"inca","ucsd-sierra","nimbus-create-publicvm","7654376","7654375","7641143","2013-03-28T07:35:03.000-04:00","Success","","cloud-create cloudcreate img hello-cloud.gz create 50.938174 s ping 30.109569 s ssh 31.202963 s destroy 8.272709 s","Success"
"inca","ucsd-sierra","nimbus-create-publicvm","7662022","7662021","7641143","2013-03-29T07:35:14.000-04:00","Success","","cloud-create cloudcreate img hello-cloud.gz create 56.05489 s ping 30.134961 s ssh 31.221994 s destroy 13.65061 s","Success"
"inca","ucsd-sierra","nimbus-create-publicvm","7669677","7669676","7641143","2013-03-30T07:36:00.000-04:00","Success","","cloud-create cloudcreate img hello-cloud.gz create 60.421393 s ping 70.133445 s ssh 31.268254 s destroy 14.032858 s","Success"
"inca","ucsd-sierra","nimbus-create-publicvm","7677243","7677242","7641143","2013-03-31T07:35:03.000-04:00","Success","","cloud-create cloudcreate img hello-cloud.gz create 50.797422 s ping 30.156771 s ssh 31.200158 s destroy 8.271076 s","Success"
"inca","ucsd-sierra","nimbus-create-publicvm","7684887","7684886","7641143","2013-04-01T07:35:03.000-04:00","Success","","cloud-create cloudcreate img hello-cloud.gz create 51.812433 s ping 30.188025 s ssh 31.20142 s destroy 7.713278 s","Success"
"inca","ucsd-sierra","nimbus-create-publicvm","7692593","7692592","7641143","2013-04-02T07:35:02.000-04:00","Success","","cloud-create cloudcreate img hello-cloud.gz create 50.24748 s ping 30.133151 s ssh 31.207635 s destroy 8.113846 s","Success"
"inca","ucsd-sierra","nimbus-create-publicvm","7694449","7694448","7641143","2013-04-02T14:19:36.000-04:00","Success","","cloud-create cloudcreate img hello-cloud.gz create 53.07821 s ping 30.092342 s ssh 31.195139 s destroy 10.233528 s","Success"
"inca","ucsd-sierra","nimbus-create-publicvm","7698251","7698250","7641143","2013-04-03T07:35:56.000-04:00","Success","","cloud-create cloudcreate img hello-cloud.gz create 57.823655 s ping 70.087341 s ssh 31.252203 s destroy 13.427135 s","Success"
"inca","ucsd-sierra","nimbus-create-publicvm","7705429","7705428","7641143","2013-04-04T07:35:03.000-04:00","Success","","cloud-create cloudcreate img hello-cloud.gz create 50.689604 s ping 30.104112 s ssh 31.197995 s destroy 8.02356 s","Success"
"inca","ucsd-sierra","nimbus-create-publicvm","7712641","7712640","7641143","2013-04-05T07:33:08.000-04:00","Failure","DOWNTIME:2252: Command '/home/inca/nimbus-cloud-client-021/bin/cloud-client.sh --conf /home/inca/nimbus-cloud-client-021/conf/sierra.conf --run --name hello-cloud.gz --hours 1' failed "Problem:"","","Failure:errorMessage errorMessage errorMessage errorMessage"
"inca","ucsd-sierra","nimbus-create-publicvm","7719981","7712640","7641143","2013-04-06T07:33:07.000-04:00","Failure","DOWNTIME:2252: Command '/home/inca/nimbus-cloud-client-021/bin/cloud-client.sh --conf /home/inca/nimbus-cloud-client-021/conf/sierra.conf --run --name hello-cloud.gz --hours 1' failed "Problem:"","","Failure:errorMessage errorMessage errorMessage errorMessage"
"inca","ucsd-sierra","nimbus-create-publicvm","7727319","7712640","7641143","2013-04-07T07:33:08.000-04:00","Failure","DOWNTIME:2252: Command '/home/inca/nimbus-cloud-client-021/bin/cloud-client.sh --conf /home/inca/nimbus-cloud-client-021/conf/sierra.conf --run --name hello-cloud.gz --hours 1' failed "Problem:"","","Failure:errorMessage errorMessage errorMessage errorMessage"
"inca","ucsd-sierra","nimbus-create-publicvm","7734657","7734656","7641143","2013-04-08T07:35:40.000-04:00","Success","","cloud-create cloudcreate img hello-cloud.gz create 87.566541 s ping 30.12276 s ssh 31.197981 s destroy 8.006543 s","Success"
"inca","ucsd-sierra","nimbus-create-publicvm","7742032","7742031","7641143","2013-04-09T07:36:25.000-04:00","Success","","cloud-create cloudcreate img hello-cloud.gz create 53.065687 s ping 110.098013 s ssh 31.208292 s destroy 8.603817 s","Success"
"inca","ucsd-sierra","nimbus-create-publicvm","7749448","7749447","7641143","2013-04-10T07:39:16.000-04:00","Success","","cloud-create cloudcreate img hello-cloud.gz create 304.137603 s ping 30.124494 s ssh 31.193979 s destroy 8.068201 s","Success"
"inca","ucsd-sierra","nimbus-create-publicvm","7756721","7756720","7641143","2013-04-11T07:35:36.000-04:00","Success","","cloud-create cloudcreate img hello-cloud.gz create 83.999637 s ping 30.141268 s ssh 31.200071 s destroy 8.37351 s","Success"
"inca","ucsd-sierra","nimbus-create-publicvm","7764626","7764625","7641143","2013-04-12T07:35:35.000-04:00","Success","","cloud-create cloudcreate img hello-cloud.gz create 83.142446 s ping 30.127554 s ssh 31.202325 s destroy 8.049834 s","Success"
"inca","ucsd-sierra","nimbus-create-publicvm","7772557","7772556","7641143","2013-04-13T07:36:18.000-04:00","Success","","cloud-create cloudcreate img hello-cloud.gz create 86.591423 s ping 70.17449 s ssh 31.200238 s destroy 7.873591 s","Success"
"inca","ucsd-sierra","nimbus-create-publicvm","7780449","7780448","7641143","2013-04-14T07:36:18.000-04:00","Success","","cloud-create cloudcreate img hello-cloud.gz create 86.013142 s ping 70.088011 s ssh 31.198145 s destroy 8.513511 s","Success"
"inca","ucsd-sierra","nimbus-create-publicvm","7788340","7788339","7641143","2013-04-15T07:35:37.000-04:00","Success","","cloud-create cloudcreate img hello-cloud.gz create 83.536936 s ping 30.135728 s ssh 31.199064 s destroy 8.850028 s","Success"
"inca","ucsd-sierra","nimbus-create-publicvm","7796305","7796302","7641143","2013-04-16T07:43:01.000-04:00","Failure","DOWNTIME:2252: Command '/home/inca/nimbus-cloud-client-021/bin/cloud-client.sh --conf /home/inca/nimbus-cloud-client-021/conf/sierra.conf --run --name hello-cloud.gz --hours 1' timed out after 600 secs ","","Failure:errorMessage errorMessage errorMessage errorMessage"
"inca","ucsd-sierra","nimbus-create-publicvm","7804160","7804159","7641143","2013-04-17T07:35:37.000-04:00","Success","","cloud-create cloudcreate img hello-cloud.gz create 85.032624 s ping 30.145684 s ssh 31.20784 s destroy 8.114965 s","Success"
"inca","ucsd-sierra","nimbus-create-publicvm","7812046","7812045","7641143","2013-04-18T07:35:37.000-04:00","Success","","cloud-create cloudcreate img hello-cloud.gz create 85.871275 s ping 30.13103 s ssh 31.199489 s destroy 7.89736 s","Success"
"inca","ucsd-sierra","nimbus-create-publicvm","7819134","7819133","7641143","2013-04-19T07:35:43.000-04:00","Success","","cloud-create cloudcreate img hello-cloud.gz create 90.546945 s ping 30.60744 s ssh 31.198314 s destroy 7.699442 s","Success"
"inca","ucsd-sierra","nimbus-create-publicvm","7827272","7827271","7641143","2013-04-20T07:35:40.000-04:00","Success","","cloud-create cloudcreate img hello-cloud.gz create 87.921591 s ping 30.140468 s ssh 31.202386 s destroy 7.763875 s","Success"
"inca","ucsd-sierra","nimbus-create-publicvm","7835460","7835459","7641143","2013-04-21T07:35:42.000-04:00","Success","","cloud-create cloudcreate img hello-cloud.gz create 89.306693 s ping 30.5262 s ssh 31.200254 s destroy 7.898273 s","Success"
"inca","ucsd-sierra","nimbus-create-publicvm","7843633","7843632","7641143","2013-04-22T07:35:39.000-04:00","Success","","cloud-create cloudcreate img hello-cloud.gz create 87.536279 s ping 30.110525 s ssh 31.208315 s destroy 7.784569 s","Success"
"inca","ucsd-sierra","nimbus-create-publicvm","7851839","7851838","7641143","2013-04-23T07:35:40.000-04:00","Success","","cloud-create cloudcreate img hello-cloud.gz create 88.379966 s ping 30.081531 s ssh 31.206928 s destroy 7.939996 s","Success"
"inca","ucsd-sierra","nimbus-create-publicvm","7858896","7858895","7641143","2013-04-24T07:43:01.000-04:00","Failure","DOWNTIME:2496,2495,2252,: Command '/home/inca/nimbus-cloud-client-021/bin/cloud-client.sh --conf /home/inca/nimbus-cloud-client-021/conf/sierra.conf --run --name hello-cloud.gz --hours 1' timed out after 600 secs ","","Failure:errorMessage errorMessage errorMessage errorMessage"
"inca","ucsd-sierra","nimbus-create-publicvm","7866904","7866903","7641143","2013-04-25T07:36:15.000-04:00","Success","","cloud-create cloudcreate img hello-cloud.gz create 83.109056 s ping 70.383469 s ssh 31.21736 s destroy 7.707608 s","Success"
"inca","ucsd-sierra","nimbus-create-publicvm","7875153","7875151","7641143","2013-04-26T07:36:03.000-04:00","Success","","cloud-create cloudcreate img hello-cloud.gz create 69.449761 s ping 70.118231 s ssh 31.1988 s destroy 9.151575 s","Success"
"inca","ucsd-sierra","nimbus-create-publicvm","7883537","7883536","7641143","2013-04-27T07:35:31.000-04:00","Success","","cloud-create cloudcreate img hello-cloud.gz create 79.187399 s ping 30.141406 s ssh 31.209749 s destroy 7.686692 s","Success"
"inca","ucsd-sierra","nimbus-create-publicvm","7892011","7892010","7641143","2013-04-28T07:36:07.000-04:00","Success","","cloud-create cloudcreate img hello-cloud.gz create 72.1904 s ping 70.108932 s ssh 31.209135 s destroy 10.68141 s","Success"
"inca","ucsd-sierra","nimbus-create-publicvm","7900114","7900113","7641143","2013-04-29T07:35:34.000-04:00","Success","","cloud-create cloudcreate img hello-cloud.gz create 81.323915 s ping 30.126356 s ssh 31.204389 s destroy 9.020976 s","Success"
"inca","ucsd-sierra","nimbus-create-publicvm","7908519","7908518","7641143","2013-04-30T07:35:26.000-04:00","Success","","cloud-create cloudcreate img hello-cloud.gz create 73.404886 s ping 30.11231 s ssh 31.599766 s destroy 8.388206 s","Success"
"inca","ucsd-sierra","nimbus-create-publicvm","7918833","7918832","7641143","2013-05-01T14:10:26.000-04:00","Success","","cloud-create cloudcreate img hello-cloud.gz create 73.33031 s ping 30.102809 s ssh 31.211935 s destroy 8.987624 s","Success"
"inca","ucsd-sierra","nimbus-create-publicvm","7926863","7926862","7641143","2013-05-02T14:10:28.000-04:00","Success","","cloud-create cloudcreate img hello-cloud.gz create 76.139949 s ping 30.113155 s ssh 31.198685 s destroy 8.079969 s","Success"
"inca","ucsd-sierra","nimbus-create-publicvm","7934894","7934893","7641143","2013-05-03T14:10:25.000-04:00","Success","","cloud-create cloudcreate img hello-cloud.gz create 73.731604 s ping 30.130523 s ssh 31.200597 s destroy 7.701791 s","Success"
"inca","ucsd-sierra","nimbus-create-publicvm","7942923","7942922","7641143","2013-05-04T14:10:25.000-04:00","Success","","cloud-create cloudcreate img hello-cloud.gz create 73.943716 s ping 30.12459 s ssh 31.199485 s destroy 7.522434 s","Success"
"inca","ucsd-sierra","nimbus-create-publicvm","7950908","7950907","7641143","2013-05-05T14:10:24.000-04:00","Success","","cloud-create cloudcreate img hello-cloud.gz create 72.861037 s ping 30.21549 s ssh 31.19944 s destroy 7.80293 s","Success"
"inca","ucsd-sierra","nimbus-create-publicvm","7959032","7959031","7641143","2013-05-06T14:10:27.000-04:00","Success","","cloud-create cloudcreate img hello-cloud.gz create 75.262124 s ping 30.119463 s ssh 31.198634 s destroy 7.760341 s","Success"
"inca","ucsd-sierra","nimbus-create-publicvm","7967367","7967366","7641143","2013-05-07T14:18:02.000-04:00","Failure","DOWNTIME:2503,2252,: Command '/home/inca/nimbus-cloud-client-021/bin/cloud-client.sh --conf /home/inca/nimbus-cloud-client-021/conf/sierra.conf --run --name hello-cloud.gz --hours 1' timed out after 600 secs ","","Failure:errorMessage errorMessage errorMessage errorMessage"
"inca","ucsd-sierra","nimbus-create-publicvm","7970683","7970682","7641143","2013-05-08T14:08:08.000-04:00","Failure","Command '/home/inca/nimbus-cloud-client-021/bin/cloud-client.sh --conf /home/inca/nimbus-cloud-client-021/conf/sierra.conf --run --name hello-cloud.gz --hours 1' failed "Problem:"","","Failure:errorMessage errorMessage errorMessage errorMessage"