resource, targetResource, nickname, instanceId, reportId, configId, collected, exit_status, exit_message, body, comparisonResult"inca","ufl-foxtrot","nimbus-create-publicvm","5468309","5468308","5463211","2012-06-07T10:47:08.000-04:00","Failure","DOWNTIME:1948: Command '/home/inca/nimbus-cloud-client-021/bin/cloud-client.sh --conf /home/inca/nimbus-cloud-client-021/conf/foxtrot.conf --run --name hello-cloud.gz --hours 1' failed "Problem:"","","Failure:errorMessage errorMessage errorMessage errorMessage"
"inca","ufl-foxtrot","nimbus-create-publicvm","5476615","5468308","5463211","2012-06-08T10:47:08.000-04:00","Failure","DOWNTIME:1948: Command '/home/inca/nimbus-cloud-client-021/bin/cloud-client.sh --conf /home/inca/nimbus-cloud-client-021/conf/foxtrot.conf --run --name hello-cloud.gz --hours 1' failed "Problem:"","","Failure:errorMessage errorMessage errorMessage errorMessage"
"inca","ufl-foxtrot","nimbus-create-publicvm","5484908","5468308","5463211","2012-06-09T10:47:08.000-04:00","Failure","DOWNTIME:1948: Command '/home/inca/nimbus-cloud-client-021/bin/cloud-client.sh --conf /home/inca/nimbus-cloud-client-021/conf/foxtrot.conf --run --name hello-cloud.gz --hours 1' failed "Problem:"","","Failure:errorMessage errorMessage errorMessage errorMessage"
"inca","ufl-foxtrot","nimbus-create-publicvm","5502118","5468308","5463211","2012-06-11T10:45:03.000-04:00","Failure","DOWNTIME:1948: Command '/home/inca/nimbus-cloud-client-021/bin/cloud-client.sh --conf /home/inca/nimbus-cloud-client-021/conf/foxtrot.conf --run --name hello-cloud.gz --hours 1' failed "Problem:"","","Failure:errorMessage errorMessage errorMessage errorMessage"
"inca","ufl-foxtrot","nimbus-create-publicvm","5518597","5518596","5463211","2012-06-13T10:46:35.000-04:00","Success","","cloud-create cloudcreate img hello-cloud.gz create 26.686161 s ping 30.056494 s warnings 1 ssh 30.841144 s destroy 5.874183 s","Success"
"inca","ufl-foxtrot","nimbus-create-publicvm","5526499","5526498","5463211","2012-06-14T10:46:44.000-04:00","Success","","cloud-create cloudcreate img hello-cloud.gz create 33.827889 s ping 30.055066 s warnings 1 ssh 30.841245 s destroy 6.620418 s","Success"
"inca","ufl-foxtrot","nimbus-create-publicvm","5532440","5532438","5463211","2012-06-15T10:45:06.000-04:00","Failure","Command '/home/inca/nimbus-cloud-client-021/bin/cloud-client.sh --conf /home/inca/nimbus-cloud-client-021/conf/foxtrot.conf --run --name hello-cloud.gz --hours 1' failed "Problem:"","","Failure:errorMessage errorMessage errorMessage errorMessage"
"inca","ufl-foxtrot","nimbus-create-publicvm","5540418","5540417","5463211","2012-06-16T10:55:01.000-04:00","Failure","Command '/home/inca/nimbus-cloud-client-021/bin/cloud-client.sh --conf /home/inca/nimbus-cloud-client-021/conf/foxtrot.conf --run --name hello-cloud.gz --hours 1' timed out after 600 secs ","","Failure:errorMessage errorMessage errorMessage errorMessage"
"inca","ufl-foxtrot","nimbus-create-publicvm","5564386","5564385","5463211","2012-06-19T10:46:42.000-04:00","Success","","cloud-create cloudcreate img hello-cloud.gz create 33.31383 s ping 30.059864 s warnings 1 ssh 30.841544 s destroy 6.423945 s","Success"
"inca","ufl-foxtrot","nimbus-create-publicvm","5572518","5532438","5463211","2012-06-20T10:45:05.000-04:00","Failure","Command '/home/inca/nimbus-cloud-client-021/bin/cloud-client.sh --conf /home/inca/nimbus-cloud-client-021/conf/foxtrot.conf --run --name hello-cloud.gz --hours 1' failed "Problem:"","","Failure:errorMessage errorMessage errorMessage errorMessage"
"inca","ufl-foxtrot","nimbus-create-publicvm","5580710","5532438","5463211","2012-06-21T10:45:06.000-04:00","Failure","Command '/home/inca/nimbus-cloud-client-021/bin/cloud-client.sh --conf /home/inca/nimbus-cloud-client-021/conf/foxtrot.conf --run --name hello-cloud.gz --hours 1' failed "Problem:"","","Failure:errorMessage errorMessage errorMessage errorMessage"
"inca","ufl-foxtrot","nimbus-create-publicvm","5588552","5532438","5463211","2012-06-22T10:45:06.000-04:00","Failure","Command '/home/inca/nimbus-cloud-client-021/bin/cloud-client.sh --conf /home/inca/nimbus-cloud-client-021/conf/foxtrot.conf --run --name hello-cloud.gz --hours 1' failed "Problem:"","","Failure:errorMessage errorMessage errorMessage errorMessage"
"inca","ufl-foxtrot","nimbus-create-publicvm","5596377","5532438","5463211","2012-06-23T10:45:05.000-04:00","Failure","Command '/home/inca/nimbus-cloud-client-021/bin/cloud-client.sh --conf /home/inca/nimbus-cloud-client-021/conf/foxtrot.conf --run --name hello-cloud.gz --hours 1' failed "Problem:"","","Failure:errorMessage errorMessage errorMessage errorMessage"
"inca","ufl-foxtrot","nimbus-create-publicvm","5604132","5532438","5463211","2012-06-24T10:45:06.000-04:00","Failure","Command '/home/inca/nimbus-cloud-client-021/bin/cloud-client.sh --conf /home/inca/nimbus-cloud-client-021/conf/foxtrot.conf --run --name hello-cloud.gz --hours 1' failed "Problem:"","","Failure:errorMessage errorMessage errorMessage errorMessage"
"inca","ufl-foxtrot","nimbus-create-publicvm","5611820","5532438","5463211","2012-06-25T10:45:06.000-04:00","Failure","Command '/home/inca/nimbus-cloud-client-021/bin/cloud-client.sh --conf /home/inca/nimbus-cloud-client-021/conf/foxtrot.conf --run --name hello-cloud.gz --hours 1' failed "Problem:"","","Failure:errorMessage errorMessage errorMessage errorMessage"
"inca","ufl-foxtrot","nimbus-create-publicvm","5617517","5532438","5463211","2012-06-26T10:45:06.000-04:00","Failure","Command '/home/inca/nimbus-cloud-client-021/bin/cloud-client.sh --conf /home/inca/nimbus-cloud-client-021/conf/foxtrot.conf --run --name hello-cloud.gz --hours 1' failed "Problem:"","","Failure:errorMessage errorMessage errorMessage errorMessage"
"inca","ufl-foxtrot","nimbus-create-publicvm","5625090","5625089","5463211","2012-06-27T10:46:37.000-04:00","Success","","cloud-create cloudcreate img hello-cloud.gz create 27.948828 s ping 30.055232 s warnings 1 ssh 30.845133 s destroy 6.108098 s","Success"
"inca","ufl-foxtrot","nimbus-create-publicvm","5640723","5640722","5463211","2012-06-29T10:46:30.000-04:00","Success","","cloud-create cloudcreate img hello-cloud.gz create 20.608764 s ping 30.056083 s warnings 1 ssh 30.849029 s destroy 6.098744 s","Success"
"inca","ufl-foxtrot","nimbus-create-publicvm","5648644","5648643","5463211","2012-06-30T10:46:39.000-04:00","Success","","cloud-create cloudcreate img hello-cloud.gz create 29.198075 s ping 30.056271 s warnings 1 ssh 30.844828 s destroy 6.650709 s","Success"
"inca","ufl-foxtrot","nimbus-create-publicvm","5656512","5656511","5463211","2012-07-01T10:46:36.000-04:00","Success","","cloud-create cloudcreate img hello-cloud.gz create 26.576407 s ping 30.057755 s warnings 1 ssh 30.840343 s destroy 6.612906 s","Success"
"inca","ufl-foxtrot","nimbus-create-publicvm","5664313","5664312","5463211","2012-07-02T10:46:37.000-04:00","Success","","cloud-create cloudcreate img hello-cloud.gz create 28.565339 s ping 30.055593 s warnings 1 ssh 30.839738 s destroy 5.818008 s","Success"
"inca","ufl-foxtrot","nimbus-create-publicvm","5672260","5672259","5463211","2012-07-03T10:46:38.000-04:00","Success","","cloud-create cloudcreate img hello-cloud.gz create 29.57996 s ping 30.058702 s warnings 1 ssh 30.841385 s destroy 5.990931 s","Success"
"inca","ufl-foxtrot","nimbus-create-publicvm","5678397","5532438","5463211","2012-07-04T10:45:08.000-04:00","Failure","Command '/home/inca/nimbus-cloud-client-021/bin/cloud-client.sh --conf /home/inca/nimbus-cloud-client-021/conf/foxtrot.conf --run --name hello-cloud.gz --hours 1' failed "Problem:"","","Failure:errorMessage errorMessage errorMessage errorMessage"
"inca","ufl-foxtrot","nimbus-create-publicvm","5686459","5532438","5463211","2012-07-05T10:45:07.000-04:00","Failure","Command '/home/inca/nimbus-cloud-client-021/bin/cloud-client.sh --conf /home/inca/nimbus-cloud-client-021/conf/foxtrot.conf --run --name hello-cloud.gz --hours 1' failed "Problem:"","","Failure:errorMessage errorMessage errorMessage errorMessage"
"inca","ufl-foxtrot","nimbus-create-publicvm","5694943","5532438","5463211","2012-07-06T10:45:06.000-04:00","Failure","Command '/home/inca/nimbus-cloud-client-021/bin/cloud-client.sh --conf /home/inca/nimbus-cloud-client-021/conf/foxtrot.conf --run --name hello-cloud.gz --hours 1' failed "Problem:"","","Failure:errorMessage errorMessage errorMessage errorMessage"
"inca","ufl-foxtrot","nimbus-create-publicvm","5701518","5532438","5463211","2012-07-07T05:12:06.000-04:00","Failure","Command '/home/inca/nimbus-cloud-client-021/bin/cloud-client.sh --conf /home/inca/nimbus-cloud-client-021/conf/foxtrot.conf --run --name hello-cloud.gz --hours 1' failed "Problem:"","","Failure:errorMessage errorMessage errorMessage errorMessage"
"inca","ufl-foxtrot","nimbus-create-publicvm","5710070","5532438","5463211","2012-07-08T05:12:05.000-04:00","Failure","Command '/home/inca/nimbus-cloud-client-021/bin/cloud-client.sh --conf /home/inca/nimbus-cloud-client-021/conf/foxtrot.conf --run --name hello-cloud.gz --hours 1' failed "Problem:"","","Failure:errorMessage errorMessage errorMessage errorMessage"
"inca","ufl-foxtrot","nimbus-create-publicvm","5718522","5532438","5463211","2012-07-09T05:12:05.000-04:00","Failure","Command '/home/inca/nimbus-cloud-client-021/bin/cloud-client.sh --conf /home/inca/nimbus-cloud-client-021/conf/foxtrot.conf --run --name hello-cloud.gz --hours 1' failed "Problem:"","","Failure:errorMessage errorMessage errorMessage errorMessage"
"inca","ufl-foxtrot","nimbus-create-publicvm","5726922","5532438","5463211","2012-07-10T05:12:05.000-04:00","Failure","Command '/home/inca/nimbus-cloud-client-021/bin/cloud-client.sh --conf /home/inca/nimbus-cloud-client-021/conf/foxtrot.conf --run --name hello-cloud.gz --hours 1' failed "Problem:"","","Failure:errorMessage errorMessage errorMessage errorMessage"
"inca","ufl-foxtrot","nimbus-create-publicvm","5735539","5532438","5463211","2012-07-11T05:12:06.000-04:00","Failure","Command '/home/inca/nimbus-cloud-client-021/bin/cloud-client.sh --conf /home/inca/nimbus-cloud-client-021/conf/foxtrot.conf --run --name hello-cloud.gz --hours 1' failed "Problem:"","","Failure:errorMessage errorMessage errorMessage errorMessage"
"inca","ufl-foxtrot","nimbus-create-publicvm","5744149","5532438","5463211","2012-07-12T05:12:06.000-04:00","Failure","Command '/home/inca/nimbus-cloud-client-021/bin/cloud-client.sh --conf /home/inca/nimbus-cloud-client-021/conf/foxtrot.conf --run --name hello-cloud.gz --hours 1' failed "Problem:"","","Failure:errorMessage errorMessage errorMessage errorMessage"
"inca","ufl-foxtrot","nimbus-create-publicvm","5752662","5532438","5463211","2012-07-13T05:12:05.000-04:00","Failure","Command '/home/inca/nimbus-cloud-client-021/bin/cloud-client.sh --conf /home/inca/nimbus-cloud-client-021/conf/foxtrot.conf --run --name hello-cloud.gz --hours 1' failed "Problem:"","","Failure:errorMessage errorMessage errorMessage errorMessage"
"inca","ufl-foxtrot","nimbus-create-publicvm","5774049","5774048","5463211","2012-07-17T05:13:29.000-04:00","Success","","cloud-create cloudcreate img hello-cloud.gz create 19.678947 s ping 30.055961 s warnings 1 ssh 30.842064 s destroy 6.564265 s","Success"
"inca","ufl-foxtrot","nimbus-create-publicvm","5782458","5532438","5463211","2012-07-18T05:12:05.000-04:00","Failure","Command '/home/inca/nimbus-cloud-client-021/bin/cloud-client.sh --conf /home/inca/nimbus-cloud-client-021/conf/foxtrot.conf --run --name hello-cloud.gz --hours 1' failed "Problem:"","","Failure:errorMessage errorMessage errorMessage errorMessage"
"inca","ufl-foxtrot","nimbus-create-publicvm","5790894","5532438","5463211","2012-07-19T05:12:05.000-04:00","Failure","Command '/home/inca/nimbus-cloud-client-021/bin/cloud-client.sh --conf /home/inca/nimbus-cloud-client-021/conf/foxtrot.conf --run --name hello-cloud.gz --hours 1' failed "Problem:"","","Failure:errorMessage errorMessage errorMessage errorMessage"
"inca","ufl-foxtrot","nimbus-create-publicvm","5799363","5532438","5463211","2012-07-20T05:12:06.000-04:00","Failure","Command '/home/inca/nimbus-cloud-client-021/bin/cloud-client.sh --conf /home/inca/nimbus-cloud-client-021/conf/foxtrot.conf --run --name hello-cloud.gz --hours 1' failed "Problem:"","","Failure:errorMessage errorMessage errorMessage errorMessage"
"inca","ufl-foxtrot","nimbus-create-publicvm","5807763","5532438","5463211","2012-07-21T05:12:06.000-04:00","Failure","Command '/home/inca/nimbus-cloud-client-021/bin/cloud-client.sh --conf /home/inca/nimbus-cloud-client-021/conf/foxtrot.conf --run --name hello-cloud.gz --hours 1' failed "Problem:"","","Failure:errorMessage errorMessage errorMessage errorMessage"
"inca","ufl-foxtrot","nimbus-create-publicvm","5816228","5532438","5463211","2012-07-22T05:12:05.000-04:00","Failure","Command '/home/inca/nimbus-cloud-client-021/bin/cloud-client.sh --conf /home/inca/nimbus-cloud-client-021/conf/foxtrot.conf --run --name hello-cloud.gz --hours 1' failed "Problem:"","","Failure:errorMessage errorMessage errorMessage errorMessage"
"inca","ufl-foxtrot","nimbus-create-publicvm","5824677","5532438","5463211","2012-07-23T05:12:05.000-04:00","Failure","Command '/home/inca/nimbus-cloud-client-021/bin/cloud-client.sh --conf /home/inca/nimbus-cloud-client-021/conf/foxtrot.conf --run --name hello-cloud.gz --hours 1' failed "Problem:"","","Failure:errorMessage errorMessage errorMessage errorMessage"
"inca","ufl-foxtrot","nimbus-create-publicvm","5833172","5532438","5463211","2012-07-24T05:12:05.000-04:00","Failure","Command '/home/inca/nimbus-cloud-client-021/bin/cloud-client.sh --conf /home/inca/nimbus-cloud-client-021/conf/foxtrot.conf --run --name hello-cloud.gz --hours 1' failed "Problem:"","","Failure:errorMessage errorMessage errorMessage errorMessage"
"inca","ufl-foxtrot","nimbus-create-publicvm","5841645","5532438","5463211","2012-07-25T05:12:05.000-04:00","Failure","Command '/home/inca/nimbus-cloud-client-021/bin/cloud-client.sh --conf /home/inca/nimbus-cloud-client-021/conf/foxtrot.conf --run --name hello-cloud.gz --hours 1' failed "Problem:"","","Failure:errorMessage errorMessage errorMessage errorMessage"
"inca","ufl-foxtrot","nimbus-create-publicvm","5850075","5532438","5463211","2012-07-26T05:12:06.000-04:00","Failure","Command '/home/inca/nimbus-cloud-client-021/bin/cloud-client.sh --conf /home/inca/nimbus-cloud-client-021/conf/foxtrot.conf --run --name hello-cloud.gz --hours 1' failed "Problem:"","","Failure:errorMessage errorMessage errorMessage errorMessage"
"inca","ufl-foxtrot","nimbus-create-publicvm","5858559","5532438","5463211","2012-07-27T05:12:06.000-04:00","Failure","Command '/home/inca/nimbus-cloud-client-021/bin/cloud-client.sh --conf /home/inca/nimbus-cloud-client-021/conf/foxtrot.conf --run --name hello-cloud.gz --hours 1' failed "Problem:"","","Failure:errorMessage errorMessage errorMessage errorMessage"
"inca","ufl-foxtrot","nimbus-create-publicvm","5867020","5532438","5463211","2012-07-28T05:12:06.000-04:00","Failure","Command '/home/inca/nimbus-cloud-client-021/bin/cloud-client.sh --conf /home/inca/nimbus-cloud-client-021/conf/foxtrot.conf --run --name hello-cloud.gz --hours 1' failed "Problem:"","","Failure:errorMessage errorMessage errorMessage errorMessage"
"inca","ufl-foxtrot","nimbus-create-publicvm","5875483","5532438","5463211","2012-07-29T05:12:05.000-04:00","Failure","Command '/home/inca/nimbus-cloud-client-021/bin/cloud-client.sh --conf /home/inca/nimbus-cloud-client-021/conf/foxtrot.conf --run --name hello-cloud.gz --hours 1' failed "Problem:"","","Failure:errorMessage errorMessage errorMessage errorMessage"
"inca","ufl-foxtrot","nimbus-create-publicvm","5883967","5532438","5463211","2012-07-30T05:12:05.000-04:00","Failure","Command '/home/inca/nimbus-cloud-client-021/bin/cloud-client.sh --conf /home/inca/nimbus-cloud-client-021/conf/foxtrot.conf --run --name hello-cloud.gz --hours 1' failed "Problem:"","","Failure:errorMessage errorMessage errorMessage errorMessage"
"inca","ufl-foxtrot","nimbus-create-publicvm","5892511","5892509","5463211","2012-07-31T05:12:06.000-04:00","Failure","DOWNTIME:2059: Command '/home/inca/nimbus-cloud-client-021/bin/cloud-client.sh --conf /home/inca/nimbus-cloud-client-021/conf/foxtrot.conf --run --name hello-cloud.gz --hours 1' failed "Problem:"","","Failure:errorMessage errorMessage errorMessage errorMessage"
"inca","ufl-foxtrot","nimbus-create-publicvm","5900964","5892509","5463211","2012-08-01T05:12:06.000-04:00","Failure","DOWNTIME:2059: Command '/home/inca/nimbus-cloud-client-021/bin/cloud-client.sh --conf /home/inca/nimbus-cloud-client-021/conf/foxtrot.conf --run --name hello-cloud.gz --hours 1' failed "Problem:"","","Failure:errorMessage errorMessage errorMessage errorMessage"
"inca","ufl-foxtrot","nimbus-create-publicvm","5909411","5892509","5463211","2012-08-02T05:12:06.000-04:00","Failure","DOWNTIME:2059: Command '/home/inca/nimbus-cloud-client-021/bin/cloud-client.sh --conf /home/inca/nimbus-cloud-client-021/conf/foxtrot.conf --run --name hello-cloud.gz --hours 1' failed "Problem:"","","Failure:errorMessage errorMessage errorMessage errorMessage"
"inca","ufl-foxtrot","nimbus-create-publicvm","5917948","5892509","5463211","2012-08-03T05:12:06.000-04:00","Failure","DOWNTIME:2059: Command '/home/inca/nimbus-cloud-client-021/bin/cloud-client.sh --conf /home/inca/nimbus-cloud-client-021/conf/foxtrot.conf --run --name hello-cloud.gz --hours 1' failed "Problem:"","","Failure:errorMessage errorMessage errorMessage errorMessage"
"inca","ufl-foxtrot","nimbus-create-publicvm","5934923","5532438","5463211","2012-08-05T05:12:06.000-04:00","Failure","Command '/home/inca/nimbus-cloud-client-021/bin/cloud-client.sh --conf /home/inca/nimbus-cloud-client-021/conf/foxtrot.conf --run --name hello-cloud.gz --hours 1' failed "Problem:"","","Failure:errorMessage errorMessage errorMessage errorMessage"
"inca","ufl-foxtrot","nimbus-create-publicvm","5943344","5532438","5463211","2012-08-06T05:12:05.000-04:00","Failure","Command '/home/inca/nimbus-cloud-client-021/bin/cloud-client.sh --conf /home/inca/nimbus-cloud-client-021/conf/foxtrot.conf --run --name hello-cloud.gz --hours 1' failed "Problem:"","","Failure:errorMessage errorMessage errorMessage errorMessage"
"inca","ufl-foxtrot","nimbus-create-publicvm","5951770","5532438","5463211","2012-08-07T05:12:06.000-04:00","Failure","Command '/home/inca/nimbus-cloud-client-021/bin/cloud-client.sh --conf /home/inca/nimbus-cloud-client-021/conf/foxtrot.conf --run --name hello-cloud.gz --hours 1' failed "Problem:"","","Failure:errorMessage errorMessage errorMessage errorMessage"
"inca","ufl-foxtrot","nimbus-create-publicvm","5959107","5532438","5463211","2012-08-08T05:12:06.000-04:00","Failure","Command '/home/inca/nimbus-cloud-client-021/bin/cloud-client.sh --conf /home/inca/nimbus-cloud-client-021/conf/foxtrot.conf --run --name hello-cloud.gz --hours 1' failed "Problem:"","","Failure:errorMessage errorMessage errorMessage errorMessage"
"inca","ufl-foxtrot","nimbus-create-publicvm","5967463","5532438","5463211","2012-08-09T05:12:05.000-04:00","Failure","Command '/home/inca/nimbus-cloud-client-021/bin/cloud-client.sh --conf /home/inca/nimbus-cloud-client-021/conf/foxtrot.conf --run --name hello-cloud.gz --hours 1' failed "Problem:"","","Failure:errorMessage errorMessage errorMessage errorMessage"
"inca","ufl-foxtrot","nimbus-create-publicvm","5976475","5532438","5463211","2012-08-11T05:12:05.000-04:00","Failure","Command '/home/inca/nimbus-cloud-client-021/bin/cloud-client.sh --conf /home/inca/nimbus-cloud-client-021/conf/foxtrot.conf --run --name hello-cloud.gz --hours 1' failed "Problem:"","","Failure:errorMessage errorMessage errorMessage errorMessage""inca","ufl-foxtrot","nimbus-create-publicvm","5984521","5532438","5463211","2012-08-12T05:12:05.000-04:00","Failure","Command '/home/inca/nimbus-cloud-client-021/bin/cloud-client.sh --conf /home/inca/nimbus-cloud-client-021/conf/foxtrot.conf --run --name hello-cloud.gz --hours 1' failed "Problem:"","","Failure:errorMessage errorMessage errorMessage errorMessage"
"inca","ufl-foxtrot","nimbus-create-publicvm","6009354","5532438","5463211","2012-08-15T05:12:06.000-04:00","Failure","Command '/home/inca/nimbus-cloud-client-021/bin/cloud-client.sh --conf /home/inca/nimbus-cloud-client-021/conf/foxtrot.conf --run --name hello-cloud.gz --hours 1' failed "Problem:"","","Failure:errorMessage errorMessage errorMessage errorMessage"
"inca","ufl-foxtrot","nimbus-create-publicvm","6017602","6017601","5463211","2012-08-16T05:13:31.000-04:00","Success","","cloud-create cloudcreate img hello-cloud.gz create 22.404053 s ping 30.058334 s warnings 1 ssh 30.860156 s destroy 6.70381 s","Success"
"inca","ufl-foxtrot","nimbus-create-publicvm","6025710","6025709","5463211","2012-08-17T05:13:26.000-04:00","Success","","cloud-create cloudcreate img hello-cloud.gz create 17.309998 s ping 30.058556 s warnings 1 ssh 30.859437 s destroy 6.577424 s","Success"
"inca","ufl-foxtrot","nimbus-create-publicvm","6042186","6042185","5463211","2012-08-19T05:12:01.000-04:00","Success","Command '/home/inca/nimbus-cloud-client-021/bin/cloud-client.sh --conf /home/inca/nimbus-cloud-client-021/conf/foxtrot.conf --run --name hello-cloud.gz --hours 1' failed "Error occurred during initialization of VM
Could not reserve enough space for object heap
Could not create the Java virtual machine.
"","","Success"
"inca","ufl-foxtrot","nimbus-create-publicvm","6050427","6042185","5463211","2012-08-20T05:12:01.000-04:00","Success","Command '/home/inca/nimbus-cloud-client-021/bin/cloud-client.sh --conf /home/inca/nimbus-cloud-client-021/conf/foxtrot.conf --run --name hello-cloud.gz --hours 1' failed "Error occurred during initialization of VM
Could not reserve enough space for object heap
Could not create the Java virtual machine.
"","","Success"
"inca","ufl-foxtrot","nimbus-create-publicvm","6064863","6042185","5463211","2012-08-22T05:12:00.000-04:00","Success","Command '/home/inca/nimbus-cloud-client-021/bin/cloud-client.sh --conf /home/inca/nimbus-cloud-client-021/conf/foxtrot.conf --run --name hello-cloud.gz --hours 1' failed "Error occurred during initialization of VM
Could not reserve enough space for object heap
Could not create the Java virtual machine.
"","","Success"
"inca","ufl-foxtrot","nimbus-create-publicvm","6073227","6073226","5463211","2012-08-23T05:13:30.000-04:00","Success","","cloud-create cloudcreate img hello-cloud.gz create 21.674317 s ping 30.056952 s warnings 1 ssh 30.858425 s destroy 5.94957 s","Success"
"inca","ufl-foxtrot","nimbus-create-publicvm","6086670","6086669","5463211","2012-08-25T05:13:33.000-04:00","Success","","cloud-create cloudcreate img hello-cloud.gz create 23.883882 s ping 30.061393 s warnings 1 ssh 30.851833 s destroy 6.11327 s","Success"
"inca","ufl-foxtrot","nimbus-create-publicvm","6128595","6128594","5463211","2012-08-30T05:13:31.000-04:00","Success","","cloud-create cloudcreate img hello-cloud.gz create 22.454605 s ping 30.056217 s warnings 1 ssh 30.862887 s destroy 6.583621 s","Success"
"inca","ufl-foxtrot","nimbus-create-publicvm","6153571","6042185","5463211","2012-09-02T05:12:01.000-04:00","Success","Command '/home/inca/nimbus-cloud-client-021/bin/cloud-client.sh --conf /home/inca/nimbus-cloud-client-021/conf/foxtrot.conf --run --name hello-cloud.gz --hours 1' failed "Error occurred during initialization of VM
Could not reserve enough space for object heap
Could not create the Java virtual machine.
"","","Success"
"inca","ufl-foxtrot","nimbus-create-publicvm","6164881","6164880","5463211","2012-09-04T05:13:36.000-04:00","Success","","cloud-create cloudcreate img hello-cloud.gz create 26.675483 s ping 30.058058 s warnings 1 ssh 30.863026 s destroy 5.815863 s","Success"
"inca","ufl-foxtrot","nimbus-create-publicvm","6181636","6181635","5463211","2012-09-06T05:13:29.000-04:00","Success","","cloud-create cloudcreate img hello-cloud.gz create 19.413575 s ping 30.056271 s warnings 1 ssh 30.861453 s destroy 5.990849 s","Success"
"inca","ufl-foxtrot","nimbus-create-publicvm","6198256","6042185","5463211","2012-09-08T05:12:01.000-04:00","Success","Command '/home/inca/nimbus-cloud-client-021/bin/cloud-client.sh --conf /home/inca/nimbus-cloud-client-021/conf/foxtrot.conf --run --name hello-cloud.gz --hours 1' failed "Error occurred during initialization of VM
Could not reserve enough space for object heap
Could not create the Java virtual machine.
"","","Success"
"inca","ufl-foxtrot","nimbus-create-publicvm","6225290","6042185","5463211","2012-09-12T05:12:01.000-04:00","Success","Command '/home/inca/nimbus-cloud-client-021/bin/cloud-client.sh --conf /home/inca/nimbus-cloud-client-021/conf/foxtrot.conf --run --name hello-cloud.gz --hours 1' failed "Error occurred during initialization of VM
Could not reserve enough space for object heap
Could not create the Java virtual machine.
"","","Success"
"inca","ufl-foxtrot","nimbus-create-publicvm","6235281","5532438","5463211","2012-09-13T05:12:22.000-04:00","Failure","Command '/home/inca/nimbus-cloud-client-021/bin/cloud-client.sh --conf /home/inca/nimbus-cloud-client-021/conf/foxtrot.conf --run --name hello-cloud.gz --hours 1' failed "Problem:"","","Failure:errorMessage errorMessage errorMessage errorMessage"
"inca","ufl-foxtrot","nimbus-create-publicvm","6244229","5532438","5463211","2012-09-14T05:12:15.000-04:00","Failure","Command '/home/inca/nimbus-cloud-client-021/bin/cloud-client.sh --conf /home/inca/nimbus-cloud-client-021/conf/foxtrot.conf --run --name hello-cloud.gz --hours 1' failed "Problem:"","","Failure:errorMessage errorMessage errorMessage errorMessage"
"inca","ufl-foxtrot","nimbus-create-publicvm","6253207","5532438","5463211","2012-09-15T05:12:19.000-04:00","Failure","Command '/home/inca/nimbus-cloud-client-021/bin/cloud-client.sh --conf /home/inca/nimbus-cloud-client-021/conf/foxtrot.conf --run --name hello-cloud.gz --hours 1' failed "Problem:"","","Failure:errorMessage errorMessage errorMessage errorMessage"
"inca","ufl-foxtrot","nimbus-create-publicvm","6262111","5532438","5463211","2012-09-16T05:12:21.000-04:00","Failure","Command '/home/inca/nimbus-cloud-client-021/bin/cloud-client.sh --conf /home/inca/nimbus-cloud-client-021/conf/foxtrot.conf --run --name hello-cloud.gz --hours 1' failed "Problem:"","","Failure:errorMessage errorMessage errorMessage errorMessage"
"inca","ufl-foxtrot","nimbus-create-publicvm","6270896","5532438","5463211","2012-09-17T05:12:42.000-04:00","Failure","Command '/home/inca/nimbus-cloud-client-021/bin/cloud-client.sh --conf /home/inca/nimbus-cloud-client-021/conf/foxtrot.conf --run --name hello-cloud.gz --hours 1' failed "Problem:"","","Failure:errorMessage errorMessage errorMessage errorMessage"
"inca","ufl-foxtrot","nimbus-create-publicvm","6279860","5532438","5463211","2012-09-18T05:12:39.000-04:00","Failure","Command '/home/inca/nimbus-cloud-client-021/bin/cloud-client.sh --conf /home/inca/nimbus-cloud-client-021/conf/foxtrot.conf --run --name hello-cloud.gz --hours 1' failed "Problem:"","","Failure:errorMessage errorMessage errorMessage errorMessage"
"inca","ufl-foxtrot","nimbus-create-publicvm","6286634","5532438","5463211","2012-09-19T05:12:07.000-04:00","Failure","Command '/home/inca/nimbus-cloud-client-021/bin/cloud-client.sh --conf /home/inca/nimbus-cloud-client-021/conf/foxtrot.conf --run --name hello-cloud.gz --hours 1' failed "Problem:"","","Failure:errorMessage errorMessage errorMessage errorMessage"
"inca","ufl-foxtrot","nimbus-create-publicvm","6310118","6310117","5463211","2012-09-22T05:13:35.000-04:00","Success","","cloud-create cloudcreate img hello-cloud.gz create 25.386753 s ping 30.057652 s warnings 1 ssh 30.856913 s destroy 6.73655 s","Success"
"inca","ufl-foxtrot","nimbus-create-publicvm","6329906","6329902","5463211","2012-09-26T05:13:39.000-04:00","Success","","cloud-create cloudcreate img hello-cloud.gz create 20.306638 s ping 30.057486 s warnings 1 ssh 30.85746 s destroy 7.907571 s","Success"
"inca","ufl-foxtrot","nimbus-create-publicvm","6336020","6336019","5463211","2012-09-27T05:13:41.000-04:00","Success","","cloud-create cloudcreate img hello-cloud.gz create 26.681465 s ping 30.056067 s warnings 1 ssh 30.853954 s destroy 11.347499 s","Success"
"inca","ufl-foxtrot","nimbus-create-publicvm","6350564","6350563","5463211","2012-09-30T05:13:41.000-04:00","Success","","cloud-create cloudcreate img hello-cloud.gz create 20.534132 s ping 30.057681 s warnings 1 ssh 35.485007 s destroy 12.469688 s","Success"
"inca","ufl-foxtrot","nimbus-create-publicvm","6365516","6365515","5463211","2012-10-02T05:13:42.000-04:00","Success","","cloud-create cloudcreate img hello-cloud.gz create 24.10147 s ping 30.570268 s warnings 1 ssh 30.857368 s destroy 14.282753 s","Success"
"inca","ufl-foxtrot","nimbus-create-publicvm","6373209","6373208","5463211","2012-10-03T05:13:37.000-04:00","Success","","cloud-create cloudcreate img hello-cloud.gz create 24.618228 s ping 30.056469 s warnings 1 ssh 30.85581 s destroy 7.132845 s","Success"
"inca","ufl-foxtrot","nimbus-create-publicvm","6380909","6380908","5463211","2012-10-04T05:13:37.000-04:00","Success","","cloud-create cloudcreate img hello-cloud.gz create 24.379109 s ping 30.064085 s warnings 1 ssh 30.856459 s destroy 8.461083 s","Success"
"inca","ufl-foxtrot","nimbus-create-publicvm","6425565","6425564","5463211","2012-10-14T05:13:35.000-04:00","Success","","cloud-create cloudcreate img hello-cloud.gz create 22.697749 s ping 30.059115 s warnings 1 ssh 31.740932 s destroy 9.029798 s","Success"
"inca","ufl-foxtrot","nimbus-create-publicvm","6445890","6445885","5463211","2012-10-17T05:13:42.000-04:00","Success","","cloud-create cloudcreate img hello-cloud.gz create 28.333891 s ping 30.056944 s warnings 1 ssh 30.858699 s destroy 7.29245 s","Success"
"inca","ufl-foxtrot","nimbus-create-publicvm","6461842","6461841","5463211","2012-10-19T05:13:38.000-04:00","Success","","cloud-create cloudcreate img hello-cloud.gz create 18.724895 s ping 30.274581 s warnings 1 ssh 35.841686 s destroy 10.74592 s","Success"
"inca","ufl-foxtrot","nimbus-create-publicvm","6469805","6469804","5463211","2012-10-20T05:13:39.000-04:00","Success","","cloud-create cloudcreate img hello-cloud.gz create 25.927271 s ping 30.058106 s warnings 1 ssh 30.858196 s destroy 11.029828 s","Success"
"inca","ufl-foxtrot","nimbus-create-publicvm","6500798","6500797","5463211","2012-10-25T05:13:49.000-04:00","Success","","cloud-create cloudcreate img hello-cloud.gz create 22.430543 s ping 30.055763 s warnings 1 ssh 30.854026 s destroy 6.91033 s","Success"
"inca","ufl-foxtrot","nimbus-create-publicvm","6508470","6508469","5463211","2012-10-26T05:14:25.000-04:00","Success","","cloud-create cloudcreate img hello-cloud.gz create 27.979091 s ping 30.057074 s warnings 1 ssh 34.133982 s destroy 6.412042 s","Success"
"inca","ufl-foxtrot","nimbus-create-publicvm","6524206","6524205","5463211","2012-10-28T05:13:50.000-04:00","Success","","cloud-create cloudcreate img hello-cloud.gz create 26.077534 s ping 30.064114 s warnings 1 ssh 44.008433 s destroy 8.232092 s","Success"
"inca","ufl-foxtrot","nimbus-create-publicvm","6532162","6532161","5463211","2012-10-29T05:13:34.000-04:00","Success","","cloud-create cloudcreate img hello-cloud.gz create 24.688008 s ping 30.058476 s warnings 1 ssh 30.857274 s destroy 7.155601 s","Success"
"inca","ufl-foxtrot","nimbus-create-publicvm","6539944","6539943","5463211","2012-10-30T05:13:36.000-04:00","Success","","cloud-create cloudcreate img hello-cloud.gz create 26.335952 s ping 30.056793 s warnings 1 ssh 30.854972 s destroy 7.218753 s","Success"
"inca","ufl-foxtrot","nimbus-create-publicvm","6555342","6555341","5463211","2012-11-01T05:13:30.000-04:00","Success","","cloud-create cloudcreate img hello-cloud.gz create 19.9564 s ping 30.05645 s warnings 1 ssh 30.858675 s destroy 6.680829 s","Success"
"inca","ufl-foxtrot","nimbus-create-publicvm","6563005","6563004","5463211","2012-11-02T05:13:33.000-04:00","Success","","cloud-create cloudcreate img hello-cloud.gz create 22.83529 s ping 30.05686 s warnings 1 ssh 30.861396 s destroy 7.275529 s","Success"
"inca","ufl-foxtrot","nimbus-create-publicvm","6579539","6579538","5463211","2012-11-05T05:13:34.000-05:00","Success","","cloud-create cloudcreate img hello-cloud.gz create 23.032616 s ping 30.057044 s warnings 1 ssh 30.86122 s destroy 8.231167 s","Success"
"inca","ufl-foxtrot","nimbus-create-publicvm","6592664","5532438","5463211","2012-11-07T05:14:13.000-05:00","Failure","Command '/home/inca/nimbus-cloud-client-021/bin/cloud-client.sh --conf /home/inca/nimbus-cloud-client-021/conf/foxtrot.conf --run --name hello-cloud.gz --hours 1' failed "Problem:"","","Failure:errorMessage errorMessage errorMessage errorMessage"
"inca","ufl-foxtrot","nimbus-create-publicvm","6600258","6600257","5463211","2012-11-08T05:16:56.000-05:00","Success","","cloud-create cloudcreate img hello-cloud.gz create 39.740172 s ping 30.056701 s warnings 1 ssh 30.891156 s destroy 9.696576 s","Success""inca","ufl-foxtrot","nimbus-create-publicvm","6615382","6615381","5463211","2012-11-10T05:15:37.000-05:00","Success","","cloud-create cloudcreate img hello-cloud.gz create 85.059041 s ping 30.057878 s warnings 1 ssh 77.987814 s destroy 13.829223 s","Success"
"inca","ufl-foxtrot","nimbus-create-publicvm","6622971","6622970","5463211","2012-11-11T05:17:38.000-05:00","Success","","cloud-create cloudcreate img hello-cloud.gz create 33.209664 s ping 30.057456 s warnings 1 ssh 30.86741 s destroy 55.528883 s","Success"
"inca","ufl-foxtrot","nimbus-create-publicvm","6630535","6630534","5463211","2012-11-12T05:16:59.000-05:00","Success","","cloud-create cloudcreate img hello-cloud.gz create 31.584327 s ping 30.056929 s warnings 1 ssh 30.878745 s destroy 20.867702 s","Success"
"inca","ufl-foxtrot","nimbus-create-publicvm","6638288","6638287","5463211","2012-11-13T05:19:11.000-05:00","Success","","cloud-create cloudcreate img hello-cloud.gz create 359.973561 s ping 30.056755 s warnings 1 ssh 30.866588 s destroy 7.285663 s","Success"
"inca","ufl-foxtrot","nimbus-create-publicvm","6645881","6645880","5463211","2012-11-14T05:13:34.000-05:00","Success","","cloud-create cloudcreate img hello-cloud.gz create 23.350293 s ping 30.057081 s warnings 1 ssh 30.870761 s destroy 7.369357 s","Success"
"inca","ufl-foxtrot","nimbus-create-publicvm","6653526","6653525","5463211","2012-11-15T05:21:39.000-05:00","Success","","cloud-create cloudcreate img hello-cloud.gz create 422.275386 s ping 51.393276 s warnings 1 ssh 30.873034 s destroy 72.465086 s","Success"
"inca","ufl-foxtrot","nimbus-create-publicvm","6661066","5532438","5463211","2012-11-16T05:21:23.000-05:00","Failure","Command '/home/inca/nimbus-cloud-client-021/bin/cloud-client.sh --conf /home/inca/nimbus-cloud-client-021/conf/foxtrot.conf --run --name hello-cloud.gz --hours 1' failed "Problem:"","","Failure:errorMessage errorMessage errorMessage errorMessage"
"inca","ufl-foxtrot","nimbus-create-publicvm","6668637","6668636","5463211","2012-11-17T05:14:23.000-05:00","Success","","cloud-create cloudcreate img hello-cloud.gz create 72.535499 s ping 30.056836 s warnings 1 ssh 30.876086 s destroy 8.542007 s","Success"
"inca","ufl-foxtrot","nimbus-create-publicvm","6676343","6676342","5463211","2012-11-18T05:13:52.000-05:00","Success","","cloud-create cloudcreate img hello-cloud.gz create 23.696903 s ping 30.056782 s warnings 1 ssh 30.861074 s destroy 25.755087 s","Success"
"inca","ufl-foxtrot","nimbus-create-publicvm","6684138","6684137","5463211","2012-11-19T05:18:12.000-05:00","Success","","cloud-create cloudcreate img hello-cloud.gz create 302.560786 s ping 30.057956 s warnings 1 ssh 30.872553 s destroy 7.111695 s","Success"
"inca","ufl-foxtrot","nimbus-create-publicvm","6691740","6691739","5463211","2012-11-20T05:15:42.000-05:00","Success","","cloud-create cloudcreate img hello-cloud.gz create 86.646673 s ping 30.057354 s warnings 1 ssh 30.876603 s destroy 10.208389 s","Success"
"inca","ufl-foxtrot","nimbus-create-publicvm","6713213","6713212","5463211","2012-11-25T05:13:30.000-05:00","Success","","cloud-create cloudcreate img hello-cloud.gz create 20.317378 s ping 30.056983 s warnings 1 ssh 30.867168 s destroy 6.861979 s","Success"
"inca","ufl-foxtrot","nimbus-create-publicvm","6721077","6721076","5463211","2012-11-26T05:13:36.000-05:00","Success","","cloud-create cloudcreate img hello-cloud.gz create 27.512849 s ping 30.055977 s warnings 1 ssh 30.86008 s destroy 6.870415 s","Success"
"inca","ufl-foxtrot","nimbus-create-publicvm","6729010","6729009","5463211","2012-11-27T05:13:31.000-05:00","Success","","cloud-create cloudcreate img hello-cloud.gz create 21.697287 s ping 30.058548 s warnings 1 ssh 30.869918 s destroy 6.894922 s","Success"
"inca","ufl-foxtrot","nimbus-create-publicvm","6736869","6736868","5463211","2012-11-28T05:13:31.000-05:00","Success","","cloud-create cloudcreate img hello-cloud.gz create 20.859364 s ping 30.055977 s warnings 1 ssh 30.874796 s destroy 7.005638 s","Success"
"inca","ufl-foxtrot","nimbus-create-publicvm","6744738","6744737","5463211","2012-11-29T05:13:31.000-05:00","Success","","cloud-create cloudcreate img hello-cloud.gz create 20.450516 s ping 30.058493 s warnings 1 ssh 30.868092 s destroy 6.963273 s","Success"
"inca","ufl-foxtrot","nimbus-create-publicvm","6752484","6752483","5463211","2012-11-30T05:13:30.000-05:00","Success","","cloud-create cloudcreate img hello-cloud.gz create 20.356113 s ping 30.058428 s warnings 1 ssh 30.871338 s destroy 7.239155 s","Success"
"inca","ufl-foxtrot","nimbus-create-publicvm","6760125","6760124","5463211","2012-12-01T05:13:36.000-05:00","Success","","cloud-create cloudcreate img hello-cloud.gz create 24.421349 s ping 30.05747 s warnings 1 ssh 30.870902 s destroy 8.195542 s","Success"
"inca","ufl-foxtrot","nimbus-create-publicvm","6767714","6767713","5463211","2012-12-02T05:13:33.000-05:00","Success","","cloud-create cloudcreate img hello-cloud.gz create 23.138891 s ping 30.058671 s warnings 1 ssh 30.86839 s destroy 6.88909 s","Success"
"inca","ufl-foxtrot","nimbus-create-publicvm","6775299","6775298","5463211","2012-12-03T05:13:32.000-05:00","Success","","cloud-create cloudcreate img hello-cloud.gz create 22.962197 s ping 30.0586 s warnings 1 ssh 30.869576 s destroy 6.593458 s","Success"
"inca","ufl-foxtrot","nimbus-create-publicvm","6782705","6782704","5463211","2012-12-04T05:13:32.000-05:00","Success","","cloud-create cloudcreate img hello-cloud.gz create 21.525084 s ping 30.058018 s warnings 1 ssh 30.873486 s destroy 6.938798 s","Success"
"inca","ufl-foxtrot","nimbus-create-publicvm","6790199","5532438","5463211","2012-12-05T05:12:05.000-05:00","Failure","Command '/home/inca/nimbus-cloud-client-021/bin/cloud-client.sh --conf /home/inca/nimbus-cloud-client-021/conf/foxtrot.conf --run --name hello-cloud.gz --hours 1' failed "Problem:"","","Failure:errorMessage errorMessage errorMessage errorMessage"
"inca","ufl-foxtrot","nimbus-create-publicvm","6797714","5532438","5463211","2012-12-06T05:12:03.000-05:00","Failure","Command '/home/inca/nimbus-cloud-client-021/bin/cloud-client.sh --conf /home/inca/nimbus-cloud-client-021/conf/foxtrot.conf --run --name hello-cloud.gz --hours 1' failed "Problem:"","","Failure:errorMessage errorMessage errorMessage errorMessage"
"inca","ufl-foxtrot","nimbus-create-publicvm","6805337","5532438","5463211","2012-12-07T05:12:04.000-05:00","Failure","Command '/home/inca/nimbus-cloud-client-021/bin/cloud-client.sh --conf /home/inca/nimbus-cloud-client-021/conf/foxtrot.conf --run --name hello-cloud.gz --hours 1' failed "Problem:"","","Failure:errorMessage errorMessage errorMessage errorMessage"
"inca","ufl-foxtrot","nimbus-create-publicvm","6812976","5532438","5463211","2012-12-08T05:12:03.000-05:00","Failure","Command '/home/inca/nimbus-cloud-client-021/bin/cloud-client.sh --conf /home/inca/nimbus-cloud-client-021/conf/foxtrot.conf --run --name hello-cloud.gz --hours 1' failed "Problem:"","","Failure:errorMessage errorMessage errorMessage errorMessage"
"inca","ufl-foxtrot","nimbus-create-publicvm","6820623","5532438","5463211","2012-12-09T05:12:03.000-05:00","Failure","Command '/home/inca/nimbus-cloud-client-021/bin/cloud-client.sh --conf /home/inca/nimbus-cloud-client-021/conf/foxtrot.conf --run --name hello-cloud.gz --hours 1' failed "Problem:"","","Failure:errorMessage errorMessage errorMessage errorMessage"
"inca","ufl-foxtrot","nimbus-create-publicvm","6828267","5532438","5463211","2012-12-10T05:12:03.000-05:00","Failure","Command '/home/inca/nimbus-cloud-client-021/bin/cloud-client.sh --conf /home/inca/nimbus-cloud-client-021/conf/foxtrot.conf --run --name hello-cloud.gz --hours 1' failed "Problem:"","","Failure:errorMessage errorMessage errorMessage errorMessage"
"inca","ufl-foxtrot","nimbus-create-publicvm","6835906","5532438","5463211","2012-12-11T05:12:02.000-05:00","Failure","Command '/home/inca/nimbus-cloud-client-021/bin/cloud-client.sh --conf /home/inca/nimbus-cloud-client-021/conf/foxtrot.conf --run --name hello-cloud.gz --hours 1' failed "Problem:"","","Failure:errorMessage errorMessage errorMessage errorMessage"
"inca","ufl-foxtrot","nimbus-create-publicvm","6843555","5532438","5463211","2012-12-12T05:12:04.000-05:00","Failure","Command '/home/inca/nimbus-cloud-client-021/bin/cloud-client.sh --conf /home/inca/nimbus-cloud-client-021/conf/foxtrot.conf --run --name hello-cloud.gz --hours 1' failed "Problem:"","","Failure:errorMessage errorMessage errorMessage errorMessage"
"inca","ufl-foxtrot","nimbus-create-publicvm","6851202","5532438","5463211","2012-12-13T05:12:03.000-05:00","Failure","Command '/home/inca/nimbus-cloud-client-021/bin/cloud-client.sh --conf /home/inca/nimbus-cloud-client-021/conf/foxtrot.conf --run --name hello-cloud.gz --hours 1' failed "Problem:"","","Failure:errorMessage errorMessage errorMessage errorMessage"
"inca","ufl-foxtrot","nimbus-create-publicvm","6858858","6858857","5463211","2012-12-14T05:13:38.000-05:00","Success","","cloud-create cloudcreate img hello-cloud.gz create 28.178031 s ping 30.062935 s warnings 1 ssh 30.871619 s destroy 6.898842 s","Success"
"inca","ufl-foxtrot","nimbus-create-publicvm","6865152","6865151","5463211","2012-12-15T05:13:46.000-05:00","Success","","cloud-create cloudcreate img hello-cloud.gz create 34.83916 s ping 30.061036 s warnings 1 ssh 30.869746 s destroy 7.957934 s","Success"
"inca","ufl-foxtrot","nimbus-create-publicvm","6870816","6870815","5463211","2012-12-16T05:13:41.000-05:00","Success","","cloud-create cloudcreate img hello-cloud.gz create 30.581983 s ping 30.223137 s warnings 1 ssh 30.871737 s destroy 7.330826 s","Success"
"inca","ufl-foxtrot","nimbus-create-publicvm","6885345","6885344","5463211","2012-12-18T05:13:42.000-05:00","Success","","cloud-create cloudcreate img hello-cloud.gz create 31.253338 s ping 30.056827 s warnings 1 ssh 30.869514 s destroy 7.755846 s","Success"
"inca","ufl-foxtrot","nimbus-create-publicvm","6892794","6892793","5463211","2012-12-19T05:13:30.000-05:00","Success","","cloud-create cloudcreate img hello-cloud.gz create 19.510797 s ping 30.056872 s warnings 1 ssh 30.872113 s destroy 7.318143 s","Success"
"inca","ufl-foxtrot","nimbus-create-publicvm","6900337","6900336","5463211","2012-12-20T05:13:41.000-05:00","Success","","cloud-create cloudcreate img hello-cloud.gz create 26.438579 s ping 30.057019 s warnings 1 ssh 30.871204 s destroy 7.230237 s","Success"
"inca","ufl-foxtrot","nimbus-create-publicvm","6918835","6918834","5463211","2012-12-22T05:13:44.000-05:00","Success","","cloud-create cloudcreate img hello-cloud.gz create 33.526431 s ping 30.077635 s warnings 1 ssh 30.87284 s destroy 7.753094 s","Success"
"inca","ufl-foxtrot","nimbus-create-publicvm","6928467","6928466","5463211","2012-12-23T05:13:34.000-05:00","Success","","cloud-create cloudcreate img hello-cloud.gz create 23.954654 s ping 30.058445 s warnings 1 ssh 30.870364 s destroy 7.020127 s","Success"
"inca","ufl-foxtrot","nimbus-create-publicvm","6938101","6938100","5463211","2012-12-24T05:13:37.000-05:00","Success","","cloud-create cloudcreate img hello-cloud.gz create 26.501913 s ping 30.058157 s warnings 1 ssh 30.869186 s destroy 8.012866 s","Success"
"inca","ufl-foxtrot","nimbus-create-publicvm","6947879","6947878","5463211","2012-12-25T05:13:31.000-05:00","Success","","cloud-create cloudcreate img hello-cloud.gz create 21.435899 s ping 30.058407 s warnings 1 ssh 30.87316 s destroy 7.186746 s","Success"
"inca","ufl-foxtrot","nimbus-create-publicvm","6957683","6957682","5463211","2012-12-26T05:13:32.000-05:00","Success","","cloud-create cloudcreate img hello-cloud.gz create 21.560039 s ping 30.058873 s warnings 1 ssh 30.871615 s destroy 8.253084 s","Success"
"inca","ufl-foxtrot","nimbus-create-publicvm","6967498","6967497","5463211","2012-12-27T05:13:34.000-05:00","Success","","cloud-create cloudcreate img hello-cloud.gz create 23.714075 s ping 30.057689 s warnings 1 ssh 30.872019 s destroy 6.823924 s","Success"
"inca","ufl-foxtrot","nimbus-create-publicvm","6977353","6977352","5463211","2012-12-28T05:13:35.000-05:00","Success","","cloud-create cloudcreate img hello-cloud.gz create 25.466792 s ping 30.057825 s warnings 1 ssh 30.861822 s destroy 6.733799 s","Success"
"inca","ufl-foxtrot","nimbus-create-publicvm","6987166","6987165","5463211","2012-12-29T05:13:31.000-05:00","Success","","cloud-create cloudcreate img hello-cloud.gz create 20.88797 s ping 30.057922 s warnings 1 ssh 30.869556 s destroy 7.144345 s","Success"
"inca","ufl-foxtrot","nimbus-create-publicvm","6997133","6997132","5463211","2012-12-30T05:13:42.000-05:00","Success","","cloud-create cloudcreate img hello-cloud.gz create 31.431326 s ping 30.058619 s warnings 1 ssh 30.867687 s destroy 7.559946 s","Success"
"inca","ufl-foxtrot","nimbus-create-publicvm","7007171","7007170","5463211","2012-12-31T05:13:36.000-05:00","Success","","cloud-create cloudcreate img hello-cloud.gz create 26.318675 s ping 30.056699 s warnings 1 ssh 30.859573 s destroy 6.992245 s","Success"
"inca","ufl-foxtrot","nimbus-create-publicvm","7017015","7017014","5463211","2013-01-01T05:13:33.000-05:00","Success","","cloud-create cloudcreate img hello-cloud.gz create 22.634912 s ping 30.057712 s warnings 1 ssh 30.857905 s destroy 7.069226 s","Success"
"inca","ufl-foxtrot","nimbus-create-publicvm","7026776","7026775","5463211","2013-01-02T05:13:29.000-05:00","Success","","cloud-create cloudcreate img hello-cloud.gz create 20.066258 s ping 30.058743 s warnings 1 ssh 30.859574 s destroy 6.694082 s","Success"
"inca","ufl-foxtrot","nimbus-create-publicvm","7047769","7047768","5463211","2013-01-05T05:13:30.000-05:00","Success","","cloud-create cloudcreate img hello-cloud.gz create 20.658645 s ping 30.047001 s warnings 1 ssh 30.715783 s destroy 6.932846 s","Success"
"inca","ufl-foxtrot","nimbus-create-publicvm","7070841","7070840","5463211","2013-01-08T05:13:32.000-05:00","Success","","cloud-create cloudcreate img hello-cloud.gz create 22.877008 s ping 30.058453 s warnings 1 ssh 30.867622 s destroy 6.888464 s","Success"
"inca","ufl-foxtrot","nimbus-create-publicvm","7077005","5532438","5463211","2013-01-09T05:12:15.000-05:00","Failure","Command '/home/inca/nimbus-cloud-client-021/bin/cloud-client.sh --conf /home/inca/nimbus-cloud-client-021/conf/foxtrot.conf --run --name hello-cloud.gz --hours 1' failed "Problem:"","","Failure:errorMessage errorMessage errorMessage errorMessage"
"inca","ufl-foxtrot","nimbus-create-publicvm","7084195","7084194","5463211","2013-01-10T05:13:38.000-05:00","Success","","cloud-create cloudcreate img hello-cloud.gz create 28.166886 s ping 30.058354 s warnings 1 ssh 30.872432 s destroy 6.839522 s","Success"
"inca","ufl-foxtrot","nimbus-create-publicvm","7092226","7092225","5463211","2013-01-11T05:13:40.000-05:00","Success","","cloud-create cloudcreate img hello-cloud.gz create 29.605773 s ping 30.371506 s warnings 1 ssh 30.868368 s destroy 7.185765 s","Success"
"inca","ufl-foxtrot","nimbus-create-publicvm","7100240","7100239","5463211","2013-01-12T05:13:35.000-05:00","Success","","cloud-create cloudcreate img hello-cloud.gz create 25.562963 s ping 30.057597 s warnings 1 ssh 30.871031 s destroy 7.04266 s","Success"
"inca","ufl-foxtrot","nimbus-create-publicvm","7108255","7108254","5463211","2013-01-13T05:13:33.000-05:00","Success","","cloud-create cloudcreate img hello-cloud.gz create 23.418048 s ping 30.057692 s warnings 1 ssh 30.869462 s destroy 7.292678 s","Success"
"inca","ufl-foxtrot","nimbus-create-publicvm","7116281","7116280","5463211","2013-01-14T05:13:31.000-05:00","Success","","cloud-create cloudcreate img hello-cloud.gz create 20.612289 s ping 30.058034 s warnings 1 ssh 30.867247 s destroy 8.04944 s","Success"
"inca","ufl-foxtrot","nimbus-create-publicvm","7124298","7124297","5463211","2013-01-15T05:13:29.000-05:00","Success","","cloud-create cloudcreate img hello-cloud.gz create 19.334103 s ping 30.057679 s warnings 1 ssh 30.86893 s destroy 6.879194 s","Success"
"inca","ufl-foxtrot","nimbus-create-publicvm","7132261","5532438","5463211","2013-01-16T05:12:08.000-05:00","Failure","Command '/home/inca/nimbus-cloud-client-021/bin/cloud-client.sh --conf /home/inca/nimbus-cloud-client-021/conf/foxtrot.conf --run --name hello-cloud.gz --hours 1' failed "Problem:"","","Failure:errorMessage errorMessage errorMessage errorMessage"
"inca","ufl-foxtrot","nimbus-create-publicvm","7134873","7134872","5463211","2013-01-16T12:53:13.000-05:00","Success","","cloud-create cloudcreate img hello-cloud.gz create 21.7752 s ping 30.056809 s warnings 1 ssh 30.874231 s destroy 7.380237 s","Success"
"inca","ufl-foxtrot","nimbus-create-publicvm","7140134","7140133","5463211","2013-01-17T05:13:37.000-05:00","Success","","cloud-create cloudcreate img hello-cloud.gz create 27.773869 s ping 30.058573 s warnings 1 ssh 30.871725 s destroy 6.768193 s","Success"
"inca","ufl-foxtrot","nimbus-create-publicvm","7147819","7147818","5463211","2013-01-18T05:13:31.000-05:00","Success","","cloud-create cloudcreate img hello-cloud.gz create 21.137673 s ping 30.058943 s warnings 1 ssh 30.870469 s destroy 7.189616 s","Success"
"inca","ufl-foxtrot","nimbus-create-publicvm","7155486","7155485","5463211","2013-01-19T05:13:28.000-05:00","Success","","cloud-create cloudcreate img hello-cloud.gz create 18.227371 s ping 30.057535 s warnings 1 ssh 30.868989 s destroy 7.142619 s","Success"
"inca","ufl-foxtrot","nimbus-create-publicvm","7163114","7163113","5463211","2013-01-20T05:13:31.000-05:00","Success","","cloud-create cloudcreate img hello-cloud.gz create 21.606395 s ping 30.060942 s warnings 1 ssh 30.871325 s destroy 6.649227 s","Success"
"inca","ufl-foxtrot","nimbus-create-publicvm","7170751","7170750","5463211","2013-01-21T05:13:29.000-05:00","Success","","cloud-create cloudcreate img hello-cloud.gz create 18.969532 s ping 30.058574 s warnings 1 ssh 30.870042 s destroy 7.482318 s","Success"
"inca","ufl-foxtrot","nimbus-create-publicvm","7178358","7178357","5463211","2013-01-22T05:13:34.000-05:00","Success","","cloud-create cloudcreate img hello-cloud.gz create 23.467595 s ping 30.057851 s warnings 1 ssh 30.870999 s destroy 7.850583 s","Success"
"inca","ufl-foxtrot","nimbus-create-publicvm","7193653","7193652","5463211","2013-01-24T05:13:36.000-05:00","Success","","cloud-create cloudcreate img hello-cloud.gz create 27.56672 s ping 30.056281 s warnings 1 ssh 30.869357 s destroy 6.901652 s","Success"
"inca","ufl-foxtrot","nimbus-create-publicvm","7201291","7201290","5463211","2013-01-25T05:13:32.000-05:00","Success","","cloud-create cloudcreate img hello-cloud.gz create 21.648941 s ping 30.056804 s warnings 1 ssh 30.869581 s destroy 7.812459 s","Success"
"inca","ufl-foxtrot","nimbus-create-publicvm","7208937","7208936","5463211","2013-01-26T05:13:34.000-05:00","Success","","cloud-create cloudcreate img hello-cloud.gz create 23.551011 s ping 30.055829 s warnings 1 ssh 30.868527 s destroy 7.704284 s","Success"
"inca","ufl-foxtrot","nimbus-create-publicvm","7216617","7216616","5463211","2013-01-27T05:13:29.000-05:00","Success","","cloud-create cloudcreate img hello-cloud.gz create 18.388781 s ping 30.057357 s warnings 1 ssh 30.868077 s destroy 7.39532 s","Success"
"inca","ufl-foxtrot","nimbus-create-publicvm","7224268","7224267","5463211","2013-01-28T05:13:35.000-05:00","Success","","cloud-create cloudcreate img hello-cloud.gz create 24.255615 s ping 30.056594 s warnings 1 ssh 30.870934 s destroy 7.527656 s","Success"
"inca","ufl-foxtrot","nimbus-create-publicvm","7231830","7231829","5463211","2013-01-29T05:13:33.000-05:00","Success","","cloud-create cloudcreate img hello-cloud.gz create 23.494642 s ping 30.057713 s warnings 1 ssh 30.870459 s destroy 7.322202 s","Success"
"inca","ufl-foxtrot","nimbus-create-publicvm","7235345","7235344","7235305","2013-01-29T15:56:07.000-05:00","Success","","cloud-create cloudcreate img hello-cloud.gz create 23.035258 s ping 30.057618 s warnings 1 ssh 30.868732 s destroy 8.759289 s","Success"
"inca","ufl-foxtrot","nimbus-create-publicvm","7238212","7238211","7238160","2013-01-29T23:53:02.000-05:00","Success","","cloud-create cloudcreate img hello-cloud.gz create 23.536072 s ping 30.056723 s warnings 1 ssh 30.869323 s destroy 7.370475 s","Success"
"inca","ufl-foxtrot","nimbus-create-publicvm","7244850","7244849","7238160","2013-01-30T19:02:33.000-05:00","Success","","cloud-create cloudcreate img hello-cloud.gz create 22.908202 s ping 30.057071 s warnings 1 ssh 30.868919 s destroy 6.990594 s","Success"
"inca","ufl-foxtrot","nimbus-create-publicvm","7252504","7252503","7238160","2013-01-31T19:02:30.000-05:00","Success","","cloud-create cloudcreate img hello-cloud.gz create 20.267167 s ping 30.055321 s warnings 1 ssh 30.870371 s destroy 7.500715 s","Success"
"inca","ufl-foxtrot","nimbus-create-publicvm","7260165","7260164","7238160","2013-02-01T19:02:31.000-05:00","Success","","cloud-create cloudcreate img hello-cloud.gz create 21.642648 s ping 30.056874 s warnings 1 ssh 30.873322 s destroy 6.779587 s","Success"
"inca","ufl-foxtrot","nimbus-create-publicvm","7267840","7267839","7238160","2013-02-02T19:02:35.000-05:00","Success","","cloud-create cloudcreate img hello-cloud.gz create 25.908227 s ping 30.059921 s warnings 1 ssh 30.868335 s destroy 6.744693 s","Success"
"inca","ufl-foxtrot","nimbus-create-publicvm","7275483","7275482","7238160","2013-02-03T19:02:32.000-05:00","Success","","cloud-create cloudcreate img hello-cloud.gz create 21.911552 s ping 30.057268 s warnings 1 ssh 30.86881 s destroy 7.243376 s","Success"
"inca","ufl-foxtrot","nimbus-create-publicvm","7283144","7283143","7238160","2013-02-04T19:02:30.000-05:00","Success","","cloud-create cloudcreate img hello-cloud.gz create 20.801794 s ping 30.05733 s warnings 1 ssh 30.867564 s destroy 7.182124 s","Success"
"inca","ufl-foxtrot","nimbus-create-publicvm","7290546","7290545","7238160","2013-02-05T19:01:13.000-05:00","Failure","DOWNTIME:2429: Command '/home/inca/nimbus-cloud-client-021/bin/cloud-client.sh --conf /home/inca/nimbus-cloud-client-021/conf/foxtrot.conf --run --name hello-cloud.gz --hours 1' failed "Problem:"","","Failure:errorMessage errorMessage errorMessage errorMessage""inca","ufl-foxtrot","nimbus-create-publicvm","7299050","7299049","7238160","2013-02-08T19:01:08.000-05:00","Failure","Command '/home/inca/nimbus-cloud-client-021/bin/cloud-client.sh --conf /home/inca/nimbus-cloud-client-021/conf/foxtrot.conf --run --name hello-cloud.gz --hours 1' failed "Problem:"","","Failure:errorMessage errorMessage errorMessage errorMessage"
"inca","ufl-foxtrot","nimbus-create-publicvm","7306773","7299049","7238160","2013-02-09T19:01:08.000-05:00","Failure","Command '/home/inca/nimbus-cloud-client-021/bin/cloud-client.sh --conf /home/inca/nimbus-cloud-client-021/conf/foxtrot.conf --run --name hello-cloud.gz --hours 1' failed "Problem:"","","Failure:errorMessage errorMessage errorMessage errorMessage"
"inca","ufl-foxtrot","nimbus-create-publicvm","7314503","7299049","7238160","2013-02-10T19:01:07.000-05:00","Failure","Command '/home/inca/nimbus-cloud-client-021/bin/cloud-client.sh --conf /home/inca/nimbus-cloud-client-021/conf/foxtrot.conf --run --name hello-cloud.gz --hours 1' failed "Problem:"","","Failure:errorMessage errorMessage errorMessage errorMessage"
"inca","ufl-foxtrot","nimbus-create-publicvm","7322075","7299049","7238160","2013-02-11T19:01:07.000-05:00","Failure","Command '/home/inca/nimbus-cloud-client-021/bin/cloud-client.sh --conf /home/inca/nimbus-cloud-client-021/conf/foxtrot.conf --run --name hello-cloud.gz --hours 1' failed "Problem:"","","Failure:errorMessage errorMessage errorMessage errorMessage"
"inca","ufl-foxtrot","nimbus-create-publicvm","7329335","7299049","7238160","2013-02-12T19:01:09.000-05:00","Failure","Command '/home/inca/nimbus-cloud-client-021/bin/cloud-client.sh --conf /home/inca/nimbus-cloud-client-021/conf/foxtrot.conf --run --name hello-cloud.gz --hours 1' failed "Problem:"","","Failure:errorMessage errorMessage errorMessage errorMessage"
"inca","ufl-foxtrot","nimbus-create-publicvm","7336611","7336610","7238160","2013-02-13T19:02:37.000-05:00","Success","","cloud-create cloudcreate img hello-cloud.gz create 26.780053 s ping 30.060809 s warnings 1 ssh 30.872492 s destroy 7.363352 s","Success"
"inca","ufl-foxtrot","nimbus-create-publicvm","7343860","7343859","7238160","2013-02-14T19:02:39.000-05:00","Success","","cloud-create cloudcreate img hello-cloud.gz create 28.980951 s ping 30.061087 s warnings 1 ssh 30.872916 s destroy 7.088159 s","Success"
"inca","ufl-foxtrot","nimbus-create-publicvm","7351158","7351157","7238160","2013-02-15T19:02:40.000-05:00","Success","","cloud-create cloudcreate img hello-cloud.gz create 30.616782 s ping 30.094796 s warnings 1 ssh 30.873162 s destroy 7.696569 s","Success"
"inca","ufl-foxtrot","nimbus-create-publicvm","7358464","7358463","7238160","2013-02-16T19:02:30.000-05:00","Success","","cloud-create cloudcreate img hello-cloud.gz create 20.243679 s ping 30.057286 s warnings 1 ssh 30.873233 s destroy 7.053605 s","Success"
"inca","ufl-foxtrot","nimbus-create-publicvm","7365763","7365762","7238160","2013-02-17T19:02:36.000-05:00","Success","","cloud-create cloudcreate img hello-cloud.gz create 26.670844 s ping 30.05681 s warnings 1 ssh 30.872888 s destroy 7.629517 s","Success"
"inca","ufl-foxtrot","nimbus-create-publicvm","7373069","7373068","7238160","2013-02-18T19:02:30.000-05:00","Success","","cloud-create cloudcreate img hello-cloud.gz create 20.097269 s ping 30.057179 s warnings 1 ssh 30.87752 s destroy 7.319469 s","Success"
"inca","ufl-foxtrot","nimbus-create-publicvm","7380422","7380421","7238160","2013-02-19T19:02:32.000-05:00","Success","","cloud-create cloudcreate img hello-cloud.gz create 21.479264 s ping 30.057461 s warnings 1 ssh 30.871496 s destroy 6.852515 s","Success"
"inca","ufl-foxtrot","nimbus-create-publicvm","7387716","7387715","7238160","2013-02-20T19:02:32.000-05:00","Success","","cloud-create cloudcreate img hello-cloud.gz create 21.936364 s ping 30.056958 s warnings 1 ssh 30.869987 s destroy 6.835922 s","Success"
"inca","ufl-foxtrot","nimbus-create-publicvm","7402347","7402346","7238160","2013-02-22T19:02:33.000-05:00","Success","","cloud-create cloudcreate img hello-cloud.gz create 23.284434 s ping 30.056454 s warnings 1 ssh 30.872333 s destroy 7.679763 s","Success"
"inca","ufl-foxtrot","nimbus-create-publicvm","7409924","7409923","7238160","2013-02-23T19:02:36.000-05:00","Success","","cloud-create cloudcreate img hello-cloud.gz create 25.813408 s ping 30.057245 s warnings 1 ssh 30.86781 s destroy 7.347194 s","Success"
"inca","ufl-foxtrot","nimbus-create-publicvm","7417497","7417496","7238160","2013-02-24T19:02:31.000-05:00","Success","","cloud-create cloudcreate img hello-cloud.gz create 20.529879 s ping 30.05936 s warnings 1 ssh 30.871421 s destroy 7.407194 s","Success"
"inca","ufl-foxtrot","nimbus-create-publicvm","7424958","7424957","7238160","2013-02-25T19:02:32.000-05:00","Success","","cloud-create cloudcreate img hello-cloud.gz create 21.244786 s ping 30.057471 s warnings 1 ssh 30.870879 s destroy 7.303111 s","Success"
"inca","ufl-foxtrot","nimbus-create-publicvm","7432134","7432133","7238160","2013-02-26T19:02:30.000-05:00","Success","","cloud-create cloudcreate img hello-cloud.gz create 20.214447 s ping 30.057522 s warnings 1 ssh 30.869742 s destroy 6.914916 s","Success"
"inca","ufl-foxtrot","nimbus-create-publicvm","7437660","7437659","7238160","2013-02-27T19:02:34.000-05:00","Success","","cloud-create cloudcreate img hello-cloud.gz create 22.734398 s ping 30.056908 s warnings 1 ssh 30.871074 s destroy 8.050679 s","Success"
"inca","ufl-foxtrot","nimbus-create-publicvm","7445084","7445083","7238160","2013-02-28T19:11:01.000-05:00","Failure","Command '/home/inca/nimbus-cloud-client-021/bin/cloud-client.sh --conf /home/inca/nimbus-cloud-client-021/conf/foxtrot.conf --run --name hello-cloud.gz --hours 1' timed out after 600 secs ","","Failure:errorMessage errorMessage errorMessage errorMessage"
"inca","ufl-foxtrot","nimbus-create-publicvm","7452783","7299049","7238160","2013-03-01T19:01:07.000-05:00","Failure","Command '/home/inca/nimbus-cloud-client-021/bin/cloud-client.sh --conf /home/inca/nimbus-cloud-client-021/conf/foxtrot.conf --run --name hello-cloud.gz --hours 1' failed "Problem:"","","Failure:errorMessage errorMessage errorMessage errorMessage"
"inca","ufl-foxtrot","nimbus-create-publicvm","7460567","7299049","7238160","2013-03-02T19:01:07.000-05:00","Failure","Command '/home/inca/nimbus-cloud-client-021/bin/cloud-client.sh --conf /home/inca/nimbus-cloud-client-021/conf/foxtrot.conf --run --name hello-cloud.gz --hours 1' failed "Problem:"","","Failure:errorMessage errorMessage errorMessage errorMessage"
"inca","ufl-foxtrot","nimbus-create-publicvm","7468308","7299049","7238160","2013-03-03T19:01:07.000-05:00","Failure","Command '/home/inca/nimbus-cloud-client-021/bin/cloud-client.sh --conf /home/inca/nimbus-cloud-client-021/conf/foxtrot.conf --run --name hello-cloud.gz --hours 1' failed "Problem:"","","Failure:errorMessage errorMessage errorMessage errorMessage"
"inca","ufl-foxtrot","nimbus-create-publicvm","7476103","7476102","7238160","2013-03-04T19:02:34.000-05:00","Success","","cloud-create cloudcreate img hello-cloud.gz create 25.266381 s ping 30.061932 s warnings 1 ssh 30.869482 s destroy 6.593972 s","Success"
"inca","ufl-foxtrot","nimbus-create-publicvm","7483755","7483754","7238160","2013-03-05T19:02:40.000-05:00","Success","","cloud-create cloudcreate img hello-cloud.gz create 29.065689 s ping 30.055777 s warnings 1 ssh 30.868299 s destroy 7.681218 s","Success"
"inca","ufl-foxtrot","nimbus-create-publicvm","7498369","7299049","7238160","2013-03-07T19:01:08.000-05:00","Failure","Command '/home/inca/nimbus-cloud-client-021/bin/cloud-client.sh --conf /home/inca/nimbus-cloud-client-021/conf/foxtrot.conf --run --name hello-cloud.gz --hours 1' failed "Problem:"","","Failure:errorMessage errorMessage errorMessage errorMessage"
"inca","ufl-foxtrot","nimbus-create-publicvm","7505489","7299049","7238160","2013-03-08T19:01:10.000-05:00","Failure","Command '/home/inca/nimbus-cloud-client-021/bin/cloud-client.sh --conf /home/inca/nimbus-cloud-client-021/conf/foxtrot.conf --run --name hello-cloud.gz --hours 1' failed "Problem:"","","Failure:errorMessage errorMessage errorMessage errorMessage"
"inca","ufl-foxtrot","nimbus-create-publicvm","7512731","7299049","7238160","2013-03-09T19:01:07.000-05:00","Failure","Command '/home/inca/nimbus-cloud-client-021/bin/cloud-client.sh --conf /home/inca/nimbus-cloud-client-021/conf/foxtrot.conf --run --name hello-cloud.gz --hours 1' failed "Problem:"","","Failure:errorMessage errorMessage errorMessage errorMessage"
"inca","ufl-foxtrot","nimbus-create-publicvm","7519932","7299049","7238160","2013-03-10T19:01:06.000-04:00","Failure","Command '/home/inca/nimbus-cloud-client-021/bin/cloud-client.sh --conf /home/inca/nimbus-cloud-client-021/conf/foxtrot.conf --run --name hello-cloud.gz --hours 1' failed "Problem:"","","Failure:errorMessage errorMessage errorMessage errorMessage"
"inca","ufl-foxtrot","nimbus-create-publicvm","7527423","7299049","7238160","2013-03-11T19:01:06.000-04:00","Failure","Command '/home/inca/nimbus-cloud-client-021/bin/cloud-client.sh --conf /home/inca/nimbus-cloud-client-021/conf/foxtrot.conf --run --name hello-cloud.gz --hours 1' failed "Problem:"","","Failure:errorMessage errorMessage errorMessage errorMessage"
"inca","ufl-foxtrot","nimbus-create-publicvm","7534733","7299049","7238160","2013-03-12T19:01:06.000-04:00","Failure","Command '/home/inca/nimbus-cloud-client-021/bin/cloud-client.sh --conf /home/inca/nimbus-cloud-client-021/conf/foxtrot.conf --run --name hello-cloud.gz --hours 1' failed "Problem:"","","Failure:errorMessage errorMessage errorMessage errorMessage"
"inca","ufl-foxtrot","nimbus-create-publicvm","7541832","7299049","7238160","2013-03-13T19:01:07.000-04:00","Failure","Command '/home/inca/nimbus-cloud-client-021/bin/cloud-client.sh --conf /home/inca/nimbus-cloud-client-021/conf/foxtrot.conf --run --name hello-cloud.gz --hours 1' failed "Problem:"","","Failure:errorMessage errorMessage errorMessage errorMessage"
"inca","ufl-foxtrot","nimbus-create-publicvm","7549056","7299049","7238160","2013-03-14T19:01:07.000-04:00","Failure","Command '/home/inca/nimbus-cloud-client-021/bin/cloud-client.sh --conf /home/inca/nimbus-cloud-client-021/conf/foxtrot.conf --run --name hello-cloud.gz --hours 1' failed "Problem:"","","Failure:errorMessage errorMessage errorMessage errorMessage"
"inca","ufl-foxtrot","nimbus-create-publicvm","7556459","7299049","7238160","2013-03-15T19:01:07.000-04:00","Failure","Command '/home/inca/nimbus-cloud-client-021/bin/cloud-client.sh --conf /home/inca/nimbus-cloud-client-021/conf/foxtrot.conf --run --name hello-cloud.gz --hours 1' failed "Problem:"","","Failure:errorMessage errorMessage errorMessage errorMessage"
"inca","ufl-foxtrot","nimbus-create-publicvm","7563823","7299049","7238160","2013-03-16T19:01:07.000-04:00","Failure","Command '/home/inca/nimbus-cloud-client-021/bin/cloud-client.sh --conf /home/inca/nimbus-cloud-client-021/conf/foxtrot.conf --run --name hello-cloud.gz --hours 1' failed "Problem:"","","Failure:errorMessage errorMessage errorMessage errorMessage"
"inca","ufl-foxtrot","nimbus-create-publicvm","7571176","7299049","7238160","2013-03-17T19:01:06.000-04:00","Failure","Command '/home/inca/nimbus-cloud-client-021/bin/cloud-client.sh --conf /home/inca/nimbus-cloud-client-021/conf/foxtrot.conf --run --name hello-cloud.gz --hours 1' failed "Problem:"","","Failure:errorMessage errorMessage errorMessage errorMessage"
"inca","ufl-foxtrot","nimbus-create-publicvm","7578529","7299049","7238160","2013-03-18T19:01:07.000-04:00","Failure","Command '/home/inca/nimbus-cloud-client-021/bin/cloud-client.sh --conf /home/inca/nimbus-cloud-client-021/conf/foxtrot.conf --run --name hello-cloud.gz --hours 1' failed "Problem:"","","Failure:errorMessage errorMessage errorMessage errorMessage"
"inca","ufl-foxtrot","nimbus-create-publicvm","7585830","7299049","7238160","2013-03-19T19:01:08.000-04:00","Failure","Command '/home/inca/nimbus-cloud-client-021/bin/cloud-client.sh --conf /home/inca/nimbus-cloud-client-021/conf/foxtrot.conf --run --name hello-cloud.gz --hours 1' failed "Problem:"","","Failure:errorMessage errorMessage errorMessage errorMessage"
"inca","ufl-foxtrot","nimbus-create-publicvm","7594564","7594563","7238160","2013-03-20T19:02:37.000-04:00","Success","","cloud-create cloudcreate img hello-cloud.gz create 26.302371 s ping 30.056799 s warnings 1 ssh 30.866555 s destroy 7.683371 s","Success"
"inca","ufl-foxtrot","nimbus-create-publicvm","7594568","7594567","7238160","2013-03-20T19:02:39.000-04:00","Success","","cloud-create cloudcreate img hello-cloud.gz create 27.601293 s ping 30.058466 s warnings 1 ssh 30.873061 s destroy 8.062126 s","Success"
"inca","ufl-foxtrot","nimbus-create-publicvm","7604644","7604643","7238160","2013-03-21T19:02:31.000-04:00","Success","","cloud-create cloudcreate img hello-cloud.gz create 21.131707 s ping 30.056236 s warnings 1 ssh 30.867233 s destroy 7.272317 s","Success"
"inca","ufl-foxtrot","nimbus-create-publicvm","7612176","7612175","7238160","2013-03-22T19:02:31.000-04:00","Success","","cloud-create cloudcreate img hello-cloud.gz create 21.289835 s ping 30.0561 s warnings 1 ssh 30.867412 s destroy 7.345353 s","Success"
"inca","ufl-foxtrot","nimbus-create-publicvm","7619732","7619731","7238160","2013-03-23T19:02:33.000-04:00","Success","","cloud-create cloudcreate img hello-cloud.gz create 23.161678 s ping 30.056566 s warnings 1 ssh 30.869732 s destroy 7.471339 s","Success"
"inca","ufl-foxtrot","nimbus-create-publicvm","7627285","7627284","7238160","2013-03-24T19:02:29.000-04:00","Success","","cloud-create cloudcreate img hello-cloud.gz create 20.161762 s ping 30.057269 s warnings 1 ssh 30.8712 s destroy 6.748244 s","Success"
"inca","ufl-foxtrot","nimbus-create-publicvm","7634847","7634846","7238160","2013-03-25T19:02:33.000-04:00","Success","","cloud-create cloudcreate img hello-cloud.gz create 23.200924 s ping 30.056642 s warnings 1 ssh 30.870459 s destroy 7.29718 s","Success"
"inca","ufl-foxtrot","nimbus-create-publicvm","7640858","7640857","7640826","2013-03-26T13:47:21.000-04:00","Success","","cloud-create cloudcreate img hello-cloud.gz create 18.011541 s ping 30.061595 s warnings 1 ssh 30.866737 s destroy 7.101058 s","Success"
"inca","ufl-foxtrot","nimbus-create-publicvm","7641191","7641190","7641146","2013-03-26T14:31:49.000-04:00","Success","","cloud-create cloudcreate img hello-cloud.gz create 22.574401 s ping 30.056602 s warnings 1 ssh 30.872942 s destroy 7.127339 s","Success"
"inca","ufl-foxtrot","nimbus-create-publicvm","7648164","7648163","7641146","2013-03-27T12:05:33.000-04:00","Success","","cloud-create cloudcreate img hello-cloud.gz create 23.317518 s ping 30.056308 s warnings 1 ssh 30.87008 s destroy 7.106481 s","Success"
"inca","ufl-foxtrot","nimbus-create-publicvm","7655807","7655806","7641146","2013-03-28T12:05:34.000-04:00","Success","","cloud-create cloudcreate img hello-cloud.gz create 23.171693 s ping 30.057793 s warnings 1 ssh 30.869696 s destroy 7.152839 s","Success"
"inca","ufl-foxtrot","nimbus-create-publicvm","7663463","7663462","7641146","2013-03-29T12:05:30.000-04:00","Success","","cloud-create cloudcreate img hello-cloud.gz create 20.525591 s ping 30.060688 s warnings 1 ssh 30.902406 s destroy 7.118776 s","Success"
"inca","ufl-foxtrot","nimbus-create-publicvm","7678671","7678670","7641146","2013-03-31T12:05:37.000-04:00","Success","","cloud-create cloudcreate img hello-cloud.gz create 27.118531 s ping 30.060022 s warnings 1 ssh 30.897582 s destroy 7.518891 s","Success"
"inca","ufl-foxtrot","nimbus-create-publicvm","7686326","7686325","7641146","2013-04-01T12:05:32.000-04:00","Success","","cloud-create cloudcreate img hello-cloud.gz create 22.205422 s ping 30.05978 s warnings 1 ssh 30.898827 s destroy 7.223591 s","Success"
"inca","ufl-foxtrot","nimbus-create-publicvm","7693853","7693852","7641146","2013-04-02T12:05:32.000-04:00","Success","","cloud-create cloudcreate img hello-cloud.gz create 21.740201 s ping 30.059635 s warnings 1 ssh 30.896798 s destroy 7.389009 s","Success"
"inca","ufl-foxtrot","nimbus-create-publicvm","7699457","7699456","7641146","2013-04-03T12:05:43.000-04:00","Success","","cloud-create cloudcreate img hello-cloud.gz create 32.573726 s ping 30.059882 s warnings 1 ssh 30.905965 s destroy 7.005853 s","Success"
"inca","ufl-foxtrot","nimbus-create-publicvm","7706800","7706799","7641146","2013-04-04T12:05:44.000-04:00","Success","","cloud-create cloudcreate img hello-cloud.gz create 32.557806 s ping 30.059887 s warnings 1 ssh 30.899202 s destroy 7.699369 s","Success"
"inca","ufl-foxtrot","nimbus-create-publicvm","7714022","7714021","7641146","2013-04-05T12:05:38.000-04:00","Success","","cloud-create cloudcreate img hello-cloud.gz create 28.244068 s ping 30.060106 s warnings 1 ssh 30.898207 s destroy 7.205156 s","Success"
"inca","ufl-foxtrot","nimbus-create-publicvm","7721358","7721357","7641146","2013-04-06T12:04:08.000-04:00","Failure","Command '/home/inca/nimbus-cloud-client-021/bin/cloud-client.sh --conf /home/inca/nimbus-cloud-client-021/conf/foxtrot.conf --run --name hello-cloud.gz --hours 1' failed "Problem:"","","Failure:errorMessage errorMessage errorMessage errorMessage"
"inca","ufl-foxtrot","nimbus-create-publicvm","7728691","7721357","7641146","2013-04-07T12:04:09.000-04:00","Failure","Command '/home/inca/nimbus-cloud-client-021/bin/cloud-client.sh --conf /home/inca/nimbus-cloud-client-021/conf/foxtrot.conf --run --name hello-cloud.gz --hours 1' failed "Problem:"","","Failure:errorMessage errorMessage errorMessage errorMessage"
"inca","ufl-foxtrot","nimbus-create-publicvm","7736037","7721357","7641146","2013-04-08T12:04:09.000-04:00","Failure","Command '/home/inca/nimbus-cloud-client-021/bin/cloud-client.sh --conf /home/inca/nimbus-cloud-client-021/conf/foxtrot.conf --run --name hello-cloud.gz --hours 1' failed "Problem:"","","Failure:errorMessage errorMessage errorMessage errorMessage"
"inca","ufl-foxtrot","nimbus-create-publicvm","7743407","7721357","7641146","2013-04-09T12:04:08.000-04:00","Failure","Command '/home/inca/nimbus-cloud-client-021/bin/cloud-client.sh --conf /home/inca/nimbus-cloud-client-021/conf/foxtrot.conf --run --name hello-cloud.gz --hours 1' failed "Problem:"","","Failure:errorMessage errorMessage errorMessage errorMessage"
"inca","ufl-foxtrot","nimbus-create-publicvm","7750794","7721357","7641146","2013-04-10T12:04:09.000-04:00","Failure","Command '/home/inca/nimbus-cloud-client-021/bin/cloud-client.sh --conf /home/inca/nimbus-cloud-client-021/conf/foxtrot.conf --run --name hello-cloud.gz --hours 1' failed "Problem:"","","Failure:errorMessage errorMessage errorMessage errorMessage"
"inca","ufl-foxtrot","nimbus-create-publicvm","7758162","7721357","7641146","2013-04-11T12:04:10.000-04:00","Failure","Command '/home/inca/nimbus-cloud-client-021/bin/cloud-client.sh --conf /home/inca/nimbus-cloud-client-021/conf/foxtrot.conf --run --name hello-cloud.gz --hours 1' failed "Problem:"","","Failure:errorMessage errorMessage errorMessage errorMessage"
"inca","ufl-foxtrot","nimbus-create-publicvm","7766086","7721357","7641146","2013-04-12T12:04:09.000-04:00","Failure","Command '/home/inca/nimbus-cloud-client-021/bin/cloud-client.sh --conf /home/inca/nimbus-cloud-client-021/conf/foxtrot.conf --run --name hello-cloud.gz --hours 1' failed "Problem:"","","Failure:errorMessage errorMessage errorMessage errorMessage"
"inca","ufl-foxtrot","nimbus-create-publicvm","7774014","7721357","7641146","2013-04-13T12:04:09.000-04:00","Failure","Command '/home/inca/nimbus-cloud-client-021/bin/cloud-client.sh --conf /home/inca/nimbus-cloud-client-021/conf/foxtrot.conf --run --name hello-cloud.gz --hours 1' failed "Problem:"","","Failure:errorMessage errorMessage errorMessage errorMessage"
"inca","ufl-foxtrot","nimbus-create-publicvm","7781913","7721357","7641146","2013-04-14T12:04:09.000-04:00","Failure","Command '/home/inca/nimbus-cloud-client-021/bin/cloud-client.sh --conf /home/inca/nimbus-cloud-client-021/conf/foxtrot.conf --run --name hello-cloud.gz --hours 1' failed "Problem:"","","Failure:errorMessage errorMessage errorMessage errorMessage"
"inca","ufl-foxtrot","nimbus-create-publicvm","7789853","7789852","7641146","2013-04-15T12:05:44.000-04:00","Success","","cloud-create cloudcreate img hello-cloud.gz create 33.306272 s ping 30.059536 s warnings 1 ssh 30.900701 s destroy 7.396023 s","Success"
"inca","ufl-foxtrot","nimbus-create-publicvm","7797735","7797734","7641146","2013-04-16T12:05:36.000-04:00","Success","","cloud-create cloudcreate img hello-cloud.gz create 26.035335 s ping 30.059097 s warnings 1 ssh 30.898084 s destroy 6.985309 s","Success"
"inca","ufl-foxtrot","nimbus-create-publicvm","7805631","7805630","7641146","2013-04-17T12:05:32.000-04:00","Success","","cloud-create cloudcreate img hello-cloud.gz create 22.284768 s ping 30.060141 s warnings 1 ssh 30.899543 s destroy 7.041894 s","Success"
"inca","ufl-foxtrot","nimbus-create-publicvm","7813513","7813512","7641146","2013-04-18T12:05:35.000-04:00","Success","","cloud-create cloudcreate img hello-cloud.gz create 24.924848 s ping 30.05836 s warnings 1 ssh 30.899885 s destroy 7.423925 s","Success"
"inca","ufl-foxtrot","nimbus-create-publicvm","7820647","7820646","7641146","2013-04-19T12:05:32.000-04:00","Success","","cloud-create cloudcreate img hello-cloud.gz create 21.813253 s ping 30.059844 s warnings 1 ssh 31.016566 s destroy 7.614248 s","Success"
"inca","ufl-foxtrot","nimbus-create-publicvm","7828800","7828799","7641146","2013-04-20T12:05:38.000-04:00","Success","","cloud-create cloudcreate img hello-cloud.gz create 26.789441 s ping 30.058992 s warnings 1 ssh 30.895227 s destroy 7.536038 s","Success"
"inca","ufl-foxtrot","nimbus-create-publicvm","7836988","7836987","7641146","2013-04-21T12:05:32.000-04:00","Success","","cloud-create cloudcreate img hello-cloud.gz create 22.74328 s ping 30.059321 s warnings 1 ssh 30.897646 s destroy 7.417982 s","Success"
"inca","ufl-foxtrot","nimbus-create-publicvm","7845166","7845165","7641146","2013-04-22T12:05:32.000-04:00","Success","","cloud-create cloudcreate img hello-cloud.gz create 22.986637 s ping 30.061722 s warnings 1 ssh 30.897582 s destroy 7.114945 s","Success"
"inca","ufl-foxtrot","nimbus-create-publicvm","7853375","7853374","7641146","2013-04-23T12:05:30.000-04:00","Success","","cloud-create cloudcreate img hello-cloud.gz create 19.798134 s ping 30.058773 s warnings 1 ssh 30.895875 s destroy 8.079924 s","Success"
"inca","ufl-foxtrot","nimbus-create-publicvm","7860178","7860177","7641146","2013-04-24T12:05:32.000-04:00","Success","","cloud-create cloudcreate img hello-cloud.gz create 21.986597 s ping 30.075594 s warnings 1 ssh 30.896525 s destroy 7.122724 s","Success"
"inca","ufl-foxtrot","nimbus-create-publicvm","7868438","7868437","7641146","2013-04-25T12:05:32.000-04:00","Success","","cloud-create cloudcreate img hello-cloud.gz create 22.520804 s ping 30.059212 s warnings 1 ssh 30.896911 s destroy 7.334705 s","Success"
"inca","ufl-foxtrot","nimbus-create-publicvm","7876703","7876702","7641146","2013-04-26T12:05:32.000-04:00","Success","","cloud-create cloudcreate img hello-cloud.gz create 22.183227 s ping 30.058425 s warnings 1 ssh 30.896812 s destroy 7.468205 s","Success"
"inca","ufl-foxtrot","nimbus-create-publicvm","7885115","7885114","7641146","2013-04-27T12:05:32.000-04:00","Success","","cloud-create cloudcreate img hello-cloud.gz create 22.924257 s ping 30.059812 s warnings 1 ssh 30.899058 s destroy 6.830445 s","Success"
"inca","ufl-foxtrot","nimbus-create-publicvm","7893502","7893501","7641146","2013-04-28T12:05:35.000-04:00","Success","","cloud-create cloudcreate img hello-cloud.gz create 23.61839 s ping 30.063557 s warnings 1 ssh 30.897174 s destroy 7.530975 s","Success"
"inca","ufl-foxtrot","nimbus-create-publicvm","7901635","7901634","7641146","2013-04-29T12:05:38.000-04:00","Success","","cloud-create cloudcreate img hello-cloud.gz create 27.256141 s ping 30.059381 s warnings 1 ssh 30.902328 s destroy 8.047137 s","Success"
"inca","ufl-foxtrot","nimbus-create-publicvm","7910085","7910084","7641146","2013-04-30T12:05:33.000-04:00","Success","","cloud-create cloudcreate img hello-cloud.gz create 22.637491 s ping 30.059289 s warnings 1 ssh 30.90489 s destroy 7.263696 s","Success"
"inca","ufl-foxtrot","nimbus-create-publicvm","7918152","7918151","7641146","2013-05-01T12:05:32.000-04:00","Success","","cloud-create cloudcreate img hello-cloud.gz create 21.014537 s ping 30.058106 s warnings 1 ssh 30.897711 s destroy 7.724571 s","Success"
"inca","ufl-foxtrot","nimbus-create-publicvm","7926167","7926166","7641146","2013-05-02T12:05:33.000-04:00","Success","","cloud-create cloudcreate img hello-cloud.gz create 22.757737 s ping 30.060865 s warnings 1 ssh 30.896709 s destroy 7.682236 s","Success"
"inca","ufl-foxtrot","nimbus-create-publicvm","7934200","7934199","7641146","2013-05-03T12:05:34.000-04:00","Success","","cloud-create cloudcreate img hello-cloud.gz create 23.146514 s ping 30.059653 s warnings 1 ssh 30.890789 s destroy 7.819248 s","Success"
"inca","ufl-foxtrot","nimbus-create-publicvm","7942232","7942231","7641146","2013-05-04T12:05:30.000-04:00","Success","","cloud-create cloudcreate img hello-cloud.gz create 21.3215 s ping 30.059063 s warnings 1 ssh 30.89536 s destroy 6.824351 s","Success"
"inca","ufl-foxtrot","nimbus-create-publicvm","7950222","7950221","7641146","2013-05-05T12:05:34.000-04:00","Success","","cloud-create cloudcreate img hello-cloud.gz create 24.352828 s ping 30.059343 s warnings 1 ssh 30.896588 s destroy 7.422832 s","Success"
"inca","ufl-foxtrot","nimbus-create-publicvm","7958266","7958265","7641146","2013-05-06T12:05:31.000-04:00","Success","","cloud-create cloudcreate img hello-cloud.gz create 21.851871 s ping 30.059347 s warnings 1 ssh 30.897843 s destroy 7.034995 s","Success"
"inca","ufl-foxtrot","nimbus-create-publicvm","7970001","7970000","7641146","2013-05-08T12:05:38.000-04:00","Success","","cloud-create cloudcreate img hello-cloud.gz create 27.399933 s ping 30.137954 s warnings 1 ssh 30.919307 s destroy 7.321279 s","Success"